fbmplut2056,,adam ,in agro ,damasceno ,,formatus ,,et ,,in ,,paradisum ,,unde ,iiiior ,flumina ,oriuntur ,,translatus ,cum ,,,,,,,,,,,,femine ,de ,costa ,,dormientis ,facte ,,,nomine ,,imposito ,sicut ,et ,,ceteris ,rebus ,,,,de ,christo ,et ,,ecclesia ,prophetasset ,,,,,,,,,et ,eidem ,,,de ,comedendo ,,pomo ,,,acquieuisset ,,pro ,disconuenientia ,nuditatis ,,,factis ,,,,,,,a domino ,perizomatibus ,,,,collocatis ,in ,frli ecclesia  ,cherubin ,et ,flammeo ,gladio ,post ,,,,increpationem ,de paradiso ,abiectus ,,,de ,terra ,maledicta ,,,,,insudore ,sin ,uultus ,,panem ,acquiritur ,,,,,,caym ,,,,,,,,,,,agricola ,dolens ,,sua ,munera ,et ,non ,,fratris ,,fuisse ,reprobata ,licet ,,,,,,a ,domino ,,increpatus ,,,fratrem ,,suum ,,septiformi ,peccato ,interfecit ,qui ,,,,,,,,postea ,,uagus ,,,et ,instabilis ,super ,terram ,poitus ,,,,,,,,,,,,,,,,est ,,postquam ,,a ,domino ,est ,maledictus ,,istum ,seth ,,,,,,,,,,,,,,,genuit ,,,,,,,,adam ,230 ,,,anno ,etatis ,sue ,,quorum ,tamen ,moyses ,c ,,pretermisit ,,quibus ,,adam ,luxit ,abel ,lex u eu lux uocat uast lacinau,,,,,,,,,,,,,,,,
eufdeperfca2108,,adam ,in agro ,damasceno ,,formatus ,,et ,,in ,,paradisum ,,unde ,quatuor ,flumina ,oriuntur ,,translatus ,cum ,,,,,,,,,,,,femine ,de ,costa ,,dormientis ,facte ,,,nomine ,,,sicut ,et ,,ceteris ,rebus ,imposito ,,,de ,christo ,et ,,ecclesia ,prophetasset ,,,,,,,,,et ,eidem ,,,de ,comedendo ,,pomo ,,,acquieuisset ,,pro ,disconuenientia ,nuditatis ,,,factis ,,perizomatibus ,,,,,a domino ,de ,paradiso ,,,collocatis ,,,cherubin ,et ,flammeo ,gladio ,post ,,,,increpationem ,,abiectus ,,,de ,terra ,maledicta ,,,,,insudore ,,uultus ,,panem ,acquiritur ,chain ,,,,,,,,,,,,,,,,agricola ,dolens ,,sua ,munera ,et ,non ,ffatris ,,,fuisse ,reprobata ,licet ,,,,,,a ,domino ,,increpatus ,,,fratrem ,,,,septiformi ,peccato ,interfecit ,,,,,,,,,postea ,,uagus ,,,et ,instabilis ,super ,terram ,,,,,,,,,,,,,,,,,,,postquam ,,a ,domino ,est ,maledictus ,,istum ,seth ,,,,,,,,,,,,,,,genuit ,,,,,,,,adam ,ccxxx ,,,anno ,etatis ,sue ,,quorum ,,,c ,,pretermittit ,moyses ,quibus ,,adam ,luxit ,abel,,,,,,,,,,,,,,,,,
abs583,,adam ,in agro ,damasceno ,,formatus ,,et ,,in ,pa ,radisum ,,unde ,quattuor ,flumina ,oriuntur ,trans latus ,,,,,,,,,,,et ,,,femine ,de ,costa ,,dormientis ,facte ,eua ,,nomine ,,imposito ,sicut ,et ,,ceteris ,rebus ,,,,de ,christo ,et ,,ecclesia ,prophetasset ,,,,,,,,,et ,eidem ,,,,comedendo ,,pomo ,adquie uissent ,,,,pro ,disconuenientia ,nuditatis ,,,factis ,,perizomatibus ,,,,,a domino ,de ,paradiso ,,,collocatis ,cheru bin ,,,et ,flameo ,gladio ,post ,,,,increpationem ,,abiectus ,,,de ,terra ,maledicta ,in ,,,,insudore ,,uultus ,,panem ,adquiritur ,sequitur consequenter ,,,,,,,,,,chaym ,,,,,,agricola ,dolens ,,sua ,munera ,et ,non ,,fratris ,,fuisse ,reprobata ,licet ,,,,,,a ,deo ,increpa tus ,,,,fratrem ,,suum ,,septiformi ,peccato ,interfecit ,et ,,,,,,,,postea ,,uagus ,,,et ,instabilis ,super ,terram ,,,,,,,,,,,,,,,,factus ,est ,post ,quam ,,a ,domino ,est ,maledictus ,,istum ,seth ,,,,,,,,,,,,,,,genuit ,,,,,,,,adam ,ccmo ,xxxmo ,,anno ,eta tis ,sue ,,quorum ,ta men ,,centum ,,pretermisit ,moy ses ,quibus ,,adam ,luxit ,abel ,et ,,,seth ,iuxit annis dcccc xii ,,,enos ,vixit dccccos ii caynan dcccc x annos,,,,,,,,
lub1314,,adam ,in agro ,damasceno ,,formatus ,,et ,,in ,,paradisum ,,unde ,iiiior ,flumina ,oriuntur ,,translatus ,scilicet ,phison ,qui a gangano rege indie dictus ,est ,ganges ,gyon ,qui et nylus dictus ,est ,tygris ,et ,eufrates ,cum ,femine ,de ,costa ,,dormientis ,facte ,,,nomine ,,,sicut ,et ,,ceteris ,,imposito ,et ,post dormicionem prophetasset ,de ,christo ,et ,,ecclesia ,et ,de ,diluuio futuro  ,et ,de ,iudicio per ignem ,et ,postea liberis  sius indicauit ,,et ,mulieri decepta ,a serpente ,habente uultum uirgineum secundum bedam ,de ,comedendo ,,pomo ,,,acquieuisset ,,pro ,disconuenientia ,nuditatis ,,,factis ,,perizomatibus ,scilicet ,de ,folijs ficuum ,,a domino ,de ,paradyso ,,,collocatis ,,,cherubin ,et ,flammeo ,gladio ,post ,,,,increpationem ,,abiectus ,,,de ,terra ,maledicta ,in ,,sudore ,,,,uultus ,,panem ,acquirit,,,,,,,,,,,,,,,,,,,,,,,,,,,,,,,,,,,,,,,,,,,,,,,,,,,,,,,,,,,,,,,,,,,,,,,,,,,,,,,,,,,,,,,,,,,,,,,,,,,,,,,,,,,,,,,,,,,,,,,,,,,,,,,,,,,,,,,,,,,,,,,,,,,,,,
pbnlat15467,,adam ,in agro ,damasceno ,,formatus ,,et ,,in ,paradyso ,,,unde ,quatuor ,flumina ,oriuntur ,,translatus ,,,,,,,,,,,,cum ,femine ,de ,costa ,,dormientis ,facte ,eua ,,nomine ,,imposito ,sicut ,et ,,ceteris ,rebus ,,,,de ,christo ,et ,,ecclesia ,prophetasset ,,,,,,,,,et ,eidem ,,,de ,comedendo ,,pomo ,,adquieuisset ,,,pro ,disconuenientia ,nuditatis ,,,factis ,,perizomatibus ,,,,,a domino ,de ,paradiso ,,,collocatis ,,,cherubin ,et ,flammeo ,gladio ,post ,,,,increpationem ,,abiectus ,,,de ,terra ,maledicta ,,,,,insudore ,,uultus ,,panem ,adquiritur ,,,,,,caym ,,,,,,,,,,,agricola ,dolens ,,sua ,munera ,et ,non ,,fratris ,,fuisse ,reprobata ,licet ,,,,,,a ,domino ,,increpatus ,,,fratrem ,,suum ,,septiformi ,peccato ,interfecit ,qui ,,,,,,,,postea ,,uagus ,,,et ,instabilis ,super ,terram ,,,,,,,,,,,,,,,,factus ,et ,,postquam ,,,domino ,est ,maledictus ,,istum ,seth ,,,,,,,,,,,,,,,genuit ,,,,,,,,adam ,ducentesimo ,,xxx ,anno ,etatis ,sue ,,quorum ,tamen ,,centum ,,pretermittit ,moyses ,quibus ,,adam ,luxit ,abel,,,,,,,,,,,,,,,,,
pnkxxiiif204,,adam ,in agro ,damasce no ,,formatus ,,et ,,in ,paradysum ,,,unde ,quator ,flumina ,oriuntur ,,translatus ,,,,,,,,,,,,cum ,femina ,de ,costa ,cuius ,dormientis ,facte ,euam ,,nomine ,,imposito ,sicut ,et ,,ceteris ,rebus ,,,,de ,christo ,et ,,ecclesia ,prophetasset ,,,,,,,,,et ,eidem ,,,de ,comedendo ,,pomo ,gen iiio ,,acquieuisset ,,pro ,disconcinencia instibalis ,,,,factis ,perisomatibus ,,,,,,a domino ,de ,paradiso ,,,collocatis ,,,cherubin ,cum ,flameo ,gladio ,post ,,,,increpationem ,abiecta ,,,,de ,terra ,ma ledicta ,in ,,sudore ,,,,uultus ,,panem ,adquirit ,cayn  ,,,,,,,,,,,,,,,,agricola ,dolens ,,sua ,munera ,et ,non ,,fratris ,,,reprobata ,licet ,,,incre patus ,,,a ,domino ,fratres ,,,,,,suum ,,septiformi ,peccato ,interfecit ,qui ,,,,,,,,postea ,,uagus ,,,et ,,super ,terram ,,,,,,,,,,,,,,,,factus ,est ,,postquam ,,a ,domino ,est ,maledictus ,,istum ,seth ,,,,,,,,,,,,,,,genuit ,,,,,,,,adam ,cc ,,xxx ,anno ,etatis ,sue ,,quorum ,,,c ,,pretermisit ,moyses ,quibus ,,,luxit ,abel ,,,,seth,,,,,,,,,,,,,
fsuincquart706a,,,,,,,,,,,,,,,,,,,,,,,,,,,,,,,,,,,,,,,,,,,,,,,,,,,,,,,,,,,,,,,,,,,,,,,,,,,,,,,,,,,,,,,,,,,,,,,,,,,,,,,,,,,,,,,,,,,,,,,,,,,cayn ,,,,,,,,,,,,,,,,agricola ,dolens ,,sua ,munera ,et ,non ,,,,fuisse ,reprobata ,licet ,,,,,,a ,domino ,,increpatus ,,,fratrem  ,,,,septiformi ,peccato ,interfecit  ,,,,,,,,,,,,,,,,,,,,,,,,,,,,,,,,,,,,,,,,,,,istum ,seth ,,,,,,,,,,,,,,,genuit ,,,,,,,,adam ,cc ,,xxx ,anno ,etatis ,sue ,,quorum ,tamen ,,centum ,,pretermittit ,moyses ,quibus ,,adam ,luxit ,abel,,,,,,,,,,,,,,,,,
mbsclm19414,,adam ,in agro ,damasceno ,,formatus ,,et ,,in ,,paradisum ,,unde ,iiiior ,flumina ,oriuntur ,,translatus ,,,,,,,,,,,,cum ,femine ,de ,costa ,,dormientis ,facte ,,,nomine ,,,sicut ,et ,,ceteris ,rebus ,imposito ,,,de ,christo ,et ,,ecclesia ,prophetasset ,,,,,,,,,et ,eidem ,,,de ,comedendo ,,pomo ,,,acquieuisset ,,pro ,disconuenientia ,nuditatis ,,,factis ,perizoma ,matibus ,,,,,a domino ,de ,paradiso ,collogatis ,,,,,cherubin ,et ,flammeo ,gladio ,post ,,,,increpationem ,,abiectus ,,,de ,terra ,maledicta ,,,,,insudore ,,uultus ,,panem ,,,acquiratur ,,,,,,,,,chaym ,,,,,,agricola ,dolens ,,sua ,munera ,et ,non ,,fratris ,,fuisse ,reprobata ,licet ,,,,,,a ,domino ,,increpatus ,,,fratrem ,,suum ,,septiformi ,peccato ,interfecit ,q ,,,,,,,,postea ,,uagus ,,,et ,instabilis ,super ,terram ,factis ,,,,,,,,,,,,,,,,,,postquam ,,,,est ,maledictus ,,istum ,seth ,,,,,,,,,,,,,,,genuit ,,,,,,,,adam ,cc ,,xxx ,anno ,etatis ,sue ,,quorum ,tamen ,,c ,,pretermittit ,moyses ,quibus ,,adam ,luxit ,abel,,,,,,,,,,,,,,,,,
lol490,,adam ,in agro ,damasceno ,,formatus ,,et ,,in ,,paradisum ,,unde ,iiiior ,flumina ,ori untur ,,translatus ,,,,,,,,,,,,cum ,femine ,de ,costa ,,dormientis ,facte ,,,nomine ,,,sicut ,et ,,ceteris ,rebus ,imposito ,,,de ,christo ,et ,,ecclesia ,prophetasset ,,,,,,,,,et ,eidem ,,,de ,comedendo ,,pomo ,acqui euisset ,,,,pro ,disconuenientia ,nuditatis ,,,factis ,,perizomatibus ,,,,,a domino ,parady so ,,,,collocatis ,cherubyn ,,,et ,flammeo ,gladio ,post ,,,,increpationem ,,abiectus ,,,de ,terra ,maledicta ,,,,,insudore ,,uultus ,,panem ,acquirit ,cain ,,,,,,,,,,,,,,,,agricola ,dolens ,,sua ,munera ,et ,non ,,fratris ,,fuisse ,reprobata ,licet ,,,,,,a ,domino ,,increpatus ,,,fratrem ,,,,septiformi ,peccato ,interfecit ,,,,,,,,,postea ,,uagus ,,,et ,instabilis ,super ,terram ,,,,,,,,,,,,,,,,factus ,,,postquam ,,a ,doomino ,est ,maledictus ,,istum ,seth ,,,,,,,,,,,,,,,genuit ,,,,,,,,adam ,cc ,,xxx ,anno ,etatis ,sue ,,quorum ,tamen ,,centum ,,pretermittit ,moyses ,quibus ,,adam ,luxit ,abel,,,,,,,,,,,,,,,,,
rsa6519,,adam ,in agro ,damasceno ,,formatus ,,et ,,in ,,paradisum ,,unde ,quattuor ,flumina ,oriuntur ,,translatus ,,,,,,,,,,,,cum ,femine ,de ,costa ,,dormientis ,facta ,eua ,,nomine ,,,sicut ,et ,,ceteris ,rebus ,imposito ,,,de ,christo ,et ,,ecclesia ,prophetasset ,,,,,,,,,et ,eidem ,,,de ,comedendo ,,pomo ,,,acquieuisset ,,,discon uenientia ,nuditatis ,,,factis ,,perizomatibus ,,,,,a domino ,de ,paradiso ,,,collocatis ,,,cherubin ,et ,flammeo ,gladio ,,postquam ,,,increpationem ,,abiectus ,,,de ,terra ,maledicta ,,,,,insudore ,,uultus ,,panem ,comedit a missa qorum ,,,,in ,mortalitate ,in ,pulueremus ,,,,chaym ,,,,,,agricola ,dolens ,,sua ,munera ,et ,non ,,fratris ,fuis se ,,reprobata ,,,,,,,,,,,,,fratrem ,,suum ,se ptiformi ,,peccato ,interfecit ,quorum ,,,,,,,,postea ,fagus ,,,,et ,instabilis ,super ,terram ,,,,,,,,,,,,,,,,factus ,,post ,quam ,,a ,domino ,est ,ma ledictus ,,istum ,seth ,,,,,,,,,,,,,,,genuit ,,,,,,,,adam ,cc ,,xxx ,anno ,etatis ,sue ,,quorum ,tamen ,,centum ,,pretermisit ,moyses ,quibus ,,adam ,luxit ,abel,,,,,,,,,,,,,,,,,
nbl1183,,adam ,in agro ,damasceno ,,formatus ,geniic ,et ,translatus ,in ,,paradisum ,,,,,,,,,,,,,,,,,,,cum ,femine ,de ,costa ,,dormientis ,facte ,,,nomine ,,,sicut ,et ,,ceteris ,rebus ,imposito ,,,de ,christo ,et ,,ecclesia ,prophetasset ,,,,,,,,,et ,eidem ,,,de ,comedendo ,geniiic ,pomo ,,,acquieuisset ,,pro ,disconunenientia ,nuditatis ,,,factis ,,perizomatibus ,qi  ,,,,a domino ,de ,paradiso ,merat ,,collocatis ,,,cherubin ,et ,flammeo ,gladio ,post ,,,,increpationem ,,abiectus ,,,de ,terra ,maledicta ,,,,,insudore ,,uultus ,,panem ,acquiritur ,,,,,,caym ,,,,,,,,,,,agricola ,dolens ,,sua ,munera ,et ,non ,,fratris ,,fuisse ,reprobata ,licet ,,,,,,a ,domino ,,increpatus ,in ,,fratrem ,,suum ,,septiformi ,peccato ,interfecit ,anno  ad cxxx ,,,,,,,,postea ,,uagus ,,,et ,instabilis ,super ,terram ,,,,,,,,,,,,,,,,factus ,,,postquam ,,a ,domino ,est ,maledictus ,sen iiisc ,istum ,seth ,,,adam ,,,,,,,,,,,,genuit ,,,,,,in ,,,ducentesimo ,tricesimo ,,anno ,etatis ,,,quorum ,tamen ,,centum ,,pretermittit ,moyses ,quibus ,,adam ,luxit ,abel ,i,,,,,,,,,,,,,,,,
pbm305,,adam ,in agro ,damasceno ,,formatus ,,et ,,in ,,paradisum ,,unde ,quatuor ,flumina ,oriuntur ,,translatus ,,,,,,,,,,,,cum ,femine ,de ,costa ,,dormientis ,facte ,,,nomine ,,imposito ,sicut ,et ,,ceteris ,rebus ,,,,de ,christo ,et ,,ecclesia ,prophetasset ,,,,,,,,,et ,eidem ,,,de ,comedendo ,,pomo ,,,acquieuisset ,,pro ,disconuenientia ,nuditatis ,,,factis ,,perizomatibus ,,,,,a domino ,de ,paradisso ,,,collocatis ,,,cherubin ,et ,flammeo ,gladio ,post ,increpatione ,,,,,abiectus ,,,de ,terra ,maledicta ,,,,,,,uultus ,,panem ,acquiritur ,,,,,,caym ,,,,,,,,,,,agricola ,dolens ,,sua ,munera ,et ,non ,,fratris ,,fuisse ,reprobata ,licet ,,,,,,a ,domino ,,increpatus ,,,fratrem ,,,,septiformi ,peccato ,interfecit ,,,,,,,,,postea ,,uagus ,eet ,,,instabilis ,super ,terram ,,,,,,,,,,,,,,,,,,,postquam ,,a ,domino ,est ,maledictus ,,istum ,seth ,,,,,,,,,,,,,,,genuit ,,,,,,,,adam ,ccxxx ,,,anno ,etatis ,ssue ,,quorum ,tamen ,,c ,,pretermittit ,moyses ,quibus ,,adam ,luxit ,abel,,,,,,,,,,,,,,,,,
pbnlat14435,,adam ,in agro ,damasceno ,,formatus ,,et ,,in ,paradysum ,,,unde ,iiiior ,flumina ,oriuntur ,,translatus ,,,,,,,,,,,,cum ,femina ,de ,costa ,,dormientis ,facte ,,,nomine ,,,sicut ,et ,,ceteris ,rebus ,,inposito ,,de ,christo ,et ,,ecclesia ,prophetasset ,,,,,,,,,et ,eidem ,,,de ,comedendo ,,pomo ,,adquieuisset ,,,pro ,disconuenientia ,nuditatis ,,,factis ,,perizomatibus ,,,,,a domino ,de ,paradyso ,,,collocatis ,cherubyn ,,,et ,flammeo ,gladio ,post ,,,,increpationem ,,abiectus ,,,de ,terra ,maledicta ,,,,,,,uultus ,,panem ,adquiritur ,chaim ,,,,,,,,,,,,,,,,agricola ,dolens ,,sua ,munera ,et ,non ,,fratris ,,fuisse ,reprobata ,licet ,,,,,,a ,domino ,,increpatus ,,,fratrem ,,,,septiformi ,peccato ,interfecit ,,,,,,,,,postea ,,uagus ,,,et ,instabilis ,super ,terram ,,,,,,,,,,,,,,,,factus ,,,postquam ,,a ,domino ,est ,maledictus ,,istum ,seth ,,,,,,,,,,,,,,,genuit ,,,,,,,,adam ,ccxxx ,,,anno ,etatis ,sue ,,quorum ,tamen ,,c ,cum ,pretermittit ,moyses ,quibus ,,adam ,luxit ,abel,,,,,,,,,,,,,,,,,
mbelat693,,adam ,in agro ,damasceno ,,formatus ,a deo ,et ,,in ,,paradisum ,,unde ,quatuor ,flumina ,oriuntur ,,translatus ,,,,,,,,,,,,cum ,femine ,de ,costa ,,dormientis ,,eua ,,nomine ,,imposito ,sicut ,et ,,ceteris ,rebus ,necnon ,,,de ,,,,ecclesia ,prophetasset ,,,,,,,,,et ,eidem ,,,de ,comedendo ,panez ,,,,,,pro ,disconuenientia ,nuditatis ,,,factis ,,perizomatibus ,da ,,,,,,paradiso ,,,collocatis ,,,cherubin ,et ,flammeo ,gladio ,,,,,,,abiectus ,,,de ,terra ,maledicta ,insudorem ,,,,,,uultus ,,panem ,acciperitur ,chayn ,,,,,,,,,,,,,,,,agricola ,dolens ,munera ,sua ,,et ,non ,,fratris ,,fuisse ,reprobata ,,a ,domino ,,licet ,,a ,domino ,,increpatus ,,,fratrem ,,suum ,,septiformi ,peccato ,interfecit ,qui ,,,,,,,,postea ,uagui ,,,,et ,instabilis ,super ,terram ,,,,,,,,,,,,,,,,factus ,est ,postea ,,,a ,domino ,est ,maledictus ,,istum ,seth ,,,,,,,,,,,,,,,genuit ,,,,,,,,adam ,ccxxx ,,,anno ,etatis ,sue ,,quorum ,tamen ,,centum ,,pretermisit ,moyses ,quibus ,,adam ,luxit ,abel,,,,,,,,,,,,,,,,,
eufdeperfca2079,,adam ,in agro ,damasceno ,,formatus ,,et ,,in ,,paradisum ,,unde ,quatuor ,flumina ,oriuntur ,,translatus ,,,,,,,,,,,,cum ,femine ,de ,costa ,,dormientis ,facte ,,,nomine ,,,sicut ,et ,,ceteris ,rebus ,imposito ,,,de ,christo ,et ,,ecclesia ,prophetasset ,,,,,,,,,et ,eidem ,,,de ,comedendo ,,pomo ,,,acquieuisset ,,pro ,disconuenientia ,nuditatis ,,,factis ,,perizomatibus ,a deo ,post increpationem ,,,,de ,paradiso ,eiectus ,collocato ,,,,cherubin ,et ,flammeo ,gladio ,,,,,,,,,,de ,terra ,maledicta ,,,,,insudore ,,uultus ,,panem ,acquiritur ,,,,,,caym ,,,,,,,,,,,agricola ,dolens ,,sua ,munera ,et ,non ,,,,fuisse ,reprobata ,,,,,licet ,,a ,domino ,,increpatus ,,,fratrem ,,,,septiformi ,peccato ,interfecit ,quis ,non recte ,diuisit inuidit ,dolo ,nocauit ,occidit ,negauit ,desperauit ,postea ,factus ,,,,,instabilis ,super ,terram ,,,,,,,,,,,,,,,,,,,,,a ,domino ,est ,maledictus ,,istum ,seth ,,,,,,,,,,,,,,,genuit ,,,,,,,,adam ,cc ,,xxx ,,etatis ,sue ,anno ,quorum ,,,centum ,,pretermisit ,moyses ,quibus ,,adam ,luxit ,abel,,,,,,,,,,,,,,,,,
lblcotrollxiv12,,adam ,in agro ,damasceno ,,formatus ,,et ,,in ,paradysum ,,,unde ,quatuor ,flumina ,oriuntur ,,translatus ,,,,,,,,,,,,cum ,femine ,de ,costa ,,dormientis ,facte ,,,nomine ,,,sicut ,,,ceteris ,rebus ,imposito ,,,de ,christo ,et ,,ecclesia ,prophetasset ,,,,,,,,,et ,eidem ,,,de ,comedendo ,,pomo ,,adquieuisset ,,,pro ,disconuenientia ,nuditatis ,,,factis ,,perizomatibus ,,,,,a domino ,,paradyso ,,,collocatis ,,,cherubin ,et ,flammeo ,gladio ,post ,,,,increpationem ,,abiectus ,,,de ,terra ,maledicta ,,,,,insudore ,,uultus ,,panem ,acquiritur ,chaim ,,,,,,,,,,,,,,,,agricola ,dolens ,,sua ,munera ,et ,non ,,fratris ,,fuisse ,reprobata ,,,,,licet ,,a ,domino ,,increpatus ,,,fratrem ,,,,septiformi ,peccato ,interfecit ,,,,,,,,,postea ,,uagus ,,,et ,instabilis ,super ,terram ,,,,,,,,,,,,,,,,factus ,,,postquam ,,a ,domino ,est ,maledictus ,,istum ,seth ,,,,,,,,,,,,,,,genuit ,,,,,,,,adam ,ccxxx ,,,anno ,etatis ,sue ,,quorum ,tamen ,,c ,,pretermittit ,moyses ,quibus ,,adam ,luxit ,abel ,vir it ,,,seth ,cx annos ,et ,genuit ,enos ,et ,fos ,dies ,seth ,dccccxii annor et mortuus ,est,,,
pnkiiie5,c ,adam ,in agro ,damasceno ,,formatus ,est ,et ,,in ,,paradisum ,,unde ,quatuor ,flumina ,oriuntur ,,translatus ,,,,,,,,,,,,cum ,femine ,de ,costa ,,dormientis ,facte ,,,,,,sicut ,et ,,ceteris ,rebus ,nomine ,inposito ,,de ,christo ,et ,de ,ecclesia ,prophetasset ,,,,,,,,,et ,eidem ,,,de ,,,pomo ,comedendo ,,acquieuisset ,,pro ,dis conuenientia ,nuditatis ,,,factis ,,perizomatibus ,,,,,a domino ,de ,paradiso ,,,collocatis ,,,cherubin ,a ,flammeo ,gladio ,post ,,,,increpationem ,,abiectus ,,,de ,terra ,maledicta ,,,,,insudore ,,uultus ,sui ,panem ,acquirit ,cayn ,,,,,,,,,,,,,,,,agricola ,dolens ,,sua ,munera ,et ,non ,,fratris ,sui ,fuisse ,reprobata ,,,,,licet ,,a ,domino ,,increpatus ,,,fratrem ,,suum ,,septiformi ,peccato ,interfecit ,,,,,,,,,postea ,ua gus ,,,,et ,instabilis ,super ,terram ,,,,,,,,,,,,,,,,factus ,,,postquam ,,a ,domino ,est ,maledictus ,,istum ,seth ,,,,,,,,,,,,,,,genuit ,,,,,,,,adam ,cc ,,xxx ,anno ,etatis ,sue ,,quorum ,tamen ,,c ,,pretermisit ,moyses ,quibus ,,adam ,luxit ,abel,,,,,,,,,,,,,,,,,
fub36a,,adam ,in agro ,damasceno ,,formatus ,,et ,,in ,paradysum ,,,unde ,iiiior ,flumina ,oriuntur ,,translatus ,,,,,,,,,,,,cum ,femine ,de ,costa ,,dormientis ,facte ,,,nomine ,,,sicut ,et ,,ceteris ,rebus ,imposito ,,,de ,christo ,et ,,ecclesia ,prophetasset ,,,,,,,,,et ,eidem ,miti ,,de ,comedendo ,,pomo ,serisisset ,,,,pro ,disconuenientia ,nuditatis ,,,factis ,,perizomatibus ,,,,,a domino ,de ,paradyso ,,,collocatis ,,,cherubin ,et ,flammeo ,gladio ,post ,,,,increpationem ,,abiectus ,,,de ,terra ,maledicta ,,,,,insudore ,,uultus ,,panem ,acquiritur ,chain ,,,,,,,,,,,,,,,,agricola ,dolens ,munera ,sua ,reprobata ,et ,non ,,fratris ,,,,,,,,licet ,,a ,domino ,,increpatus ,,,fratrem ,,,,septiformi ,peccato ,interfecit ,,,,,,,,,postea ,,uagus ,,,et ,instabilis ,super ,terra ,,,,,,,,,,,,,,,,factus ,est ,,postquam ,,a ,domino ,est ,maledictus ,,istum ,seth ,,,,,,,,,,,,,,,genuit ,,,,,,,,adam ,ccxxx ,,,anno ,etatis ,sue ,,quorum ,tamen ,,centum ,,pretermittit ,moyses ,quibus ,,adam ,luxit ,abel,,,,,,,,,,,,,,,,,
khaw247,,adam ,in agro ,damasceno ,,formatus ,,et ,,in ,paradysum ,,,unde ,iiiior ,flumina ,oriuntur ,,translatus ,,,,,,,,,,,,cum ,femine ,de ,costa ,,dormientis ,facte ,,,nomine ,,,sicut ,et ,,ceteris ,rebus ,imposito ,,,de ,christo ,et ,,ecclesia ,prophetasset ,,,,,,,,,et ,eidem ,,,de ,comedendo ,,pomo ,,,acquieuisset ,,pro ,disconuenientia ,nuditatis ,,,factis ,,perizomatibus ,,,,,a domino ,de ,paradiso ,,,collocatis ,cherubyn ,,,et ,flammeo ,gladio ,post ,,,,increpationem ,,abiectus ,,,de ,terra ,maledicta ,,,,,insudore ,,uultus ,,panem ,acquiritur ,,,,,,caym ,,,,,,,,,,,agricola ,dolens ,,sua ,munera ,et ,non ,,fratris ,,fuisse ,reprobata ,,,,,licet ,,a ,domino ,,increpatus ,,,fratrem ,,,,septiformi ,pecatto ,interfecit ,,,,,,,,,postea ,,uagus ,,,et ,instabilis ,super ,terram ,,,,,,,,,,,,,,,,factus ,,,postquam ,,a ,domino ,est ,maledictus ,,istum ,seth ,,,,,,,,,,,,,,,genuit ,,,,,,,,adam ,ccxxx ,,,anno ,etatis ,sue ,,quorum ,tamen ,,c ,,pretermittit ,moyses ,quibus ,,adam ,luxit ,abel,,,,,,,,,,,,,,,,,
lbm445,,adam ,in agro ,damasceno ,,formatus ,,et ,,in ,,paradisum ,,unde ,iiiior ,flumina ,oriuntur ,,translatus ,,,,,,,,,,,,cum ,femine ,de ,costa ,,dormientis ,facte ,,,nomine ,,,sicut ,et ,,ceteris ,rebus ,imposito ,,,de ,christo ,et ,,ecclesia ,prophetasset ,,,,,,,,,et ,eidem ,,,de ,comedendo ,,pomo ,,,acquieuisset ,,pro ,disconuenientia ,nuditatis ,,,factis ,,perizomatibus ,,,,,a domino ,,paradiso ,,,collocatis ,cherubyn ,,,et ,flammeo ,gladio ,post ,,,,increpationem ,,abiectus ,,,de ,terra ,maledicta ,,,,,insudore ,,uultus ,,panem ,acquiritur ,cayn ,,,,,,,,,,,,,,,,agricola ,dolens ,,sua ,munera ,et ,non ,,fratris ,,fuisse ,reprobata ,,,,,licet ,,a ,domino ,,increpatus ,,,fratrem ,,,,septiformi ,peccato ,interfecit ,,,,,,,,,postea ,,uagus ,,,et ,instabilis ,super ,terram ,,,,,,,,,,,,,,,,factus ,,,postquam ,,a ,domino ,est ,maledictus  ,,istum ,seth ,,,,,,,,,,,,,,,genuit ,,,,,,,,adam ,ccxxx ,,,anno ,etatis ,sue ,,quorum ,tamen ,,centum ,,pretermittit ,moyses ,quibus ,,adam ,luxit ,abel,,,,,,,,,,,,,,,,,
won363,,adam ,in agro ,damasceno ,,formatus ,,et ,,in ,paradysum ,,,unde ,iiiior ,flumina ,oriuntur ,,translatus ,,,,,,,,,,,,cum ,femine ,de ,costa ,,dormientis ,facte ,,,nomine ,,,sicut ,et ,,ceteris ,rebus ,,inposito ,,de ,christo ,et ,,ecclesia ,prophetasset ,,,,,,,,,et ,eidem ,,,de ,,,pomo ,comedendo ,,acquieuisset ,,pro ,disconuenien tia ,nuditatis ,,,factis ,peryzhomatibus ,,,,,,a domino ,de ,paradyso ,,,collocatis ,,,cherubin ,et ,flam meo ,gladio ,post ,,,,increpationem ,,abiectus ,,,de ,terra ,maledicta ,,,,,insudore ,,uultus ,,panem ,acquiritur ,chain ,,,,,,,,,,,,,,,,agricola ,dolens ,,sua ,munera ,et ,non ,,fratris ,,fuisse ,reprobata ,licet ,a ,domino ,incre patus ,,,,,,,,,fratrem ,,,,septiformi ,peccato ,interfecit ,,,,,,,,,postea ,,uagus ,,,et ,instabilis ,super ,terram ,,,,,,,,,,,,,,,,factus ,,,postquam ,,a ,domino ,est ,male dictus ,,istum ,seth ,,,,,,,,,,,,,,,genuit ,,,,,,,,adam ,cc ,,xxx ,anno ,etatis ,sue ,,quorum ,tamen ,,c ,,pretermittit ,moyses ,quibus ,,adam ,luxit ,abel,,,,,,,,,,,,,,,,,
lblroy14bix,,adam ,in agro ,damasceno ,,formatus ,,et ,,in ,,paradisum ,,unde ,quatuor ,flumia ,oriuntur ,,translatus ,,,,,,,,,,,,cum ,femine ,de ,costa ,,dormientis ,facte ,eua ,,nomine ,,imposito ,sicut ,et ,,ceteris ,rebus ,,,,de ,christo ,et ,,ecclesia ,prophetasset ,,,,,,,,,et ,eidem ,,,de ,comedendo ,,pomo ,,adquieuisset ,,,pro ,disconuenientia ,nuditatis ,,,factis ,,perizomatibus ,,,,,a domino ,de ,paradiso ,,,collocatis ,cherubyn ,,,et ,flammeo ,gladio ,post ,,,,increpationem ,,abiectus ,,,de ,terra ,maledicta ,,,,,insudore ,,uultus ,,panem ,acquiritur ,caim ,,,,,,,,,,,,,,,,agricola ,dolens ,,sua ,munera ,et ,non ,,fratris ,,fuisse ,reprobata ,,,,,licet ,,a ,domino ,,increpatus ,,,fratrem ,,suum ,,septiformi ,peccato ,interfecit ,qui ,,,,,,,,postea ,,uagus ,,,et ,instabilis ,super ,terram ,,,,,,,,,,,,,,,,factus ,est ,,postquam ,,a ,domino ,est ,maledictus ,iste ,,seth ,filius ,,adam ,,,,,,,,et ,,,,genuit ,eum ,,,,,,,adam ,ducentesimo ,tricesimo ,,anno ,etatis ,sue ,,quorum ,tamen ,,centum ,,pretermisit ,moyses ,quibus ,,adam ,luxit ,abel,,,,,,,,,,,,,,,,,
mbsclm16223,,adam ,sexta die de anno  terre ,,,formatus ,in agro damasceno ,et ,,in ,,paradisum ,,unde ,4or ,flumina ,oriuntur ,,translatus ,,,,,,,,est ,,,,cum ,femina ,de ,costa ,,dormientis ,factem ,,,nomine ,,,sicut ,,,ceteris ,rebus ,imposito ,,,de ,christo ,et ,,ecclesia ,prophatasset ,,,,,,,,,et ,eidem ,,,de ,comedendo ,,pomo ,,,acquieuisset ,,pro ,disconuenientia ,nuditatis ,,,factis ,,perizomatibus ,,,,,a domino ,de ,paradiso ,,,collocatis ,,,cherubin ,et ,flammeo ,gladio  ,paradisum ,postquam ,,,increpationem ,,abiectus ,,,de ,terra ,maledicta ,,,,,insudore ,,uultus ,,panem ,acquisiuitur requeuit ,cayn ,,,,,,,,,,,,,,,,agricola ,dolens ,,sua ,munera ,et ,non ,,fratris ,,,reprobata ,,,,,licet ,,a ,domino ,,increpatus ,,,fratrem ,,suum ,,septiformi ,peccato  ,interfecit  ,quidam penam equam durasse usquam ad septiam gnatom quorum septem ,,,,,,,,,,,,,,,,,,,,,,,,,,,,,,,,,,postea ,quisit ,,,,,,,istum ,seth ,,,,,,,,,,,,,,,genuit ,,,,,,,,adam ,cc ,,xxx ,anno ,etatis ,sue ,,quorum ,tamen ,,centum ,,pretermittit ,moyses ,quibus ,,adam ,luxit ,abel,,,,,,,,,,,,,,,,,
CCC83,,adam ,in agro ,damasceno ,,formatus ,,et ,,in ,,paradisum ,,unde ,quattuor ,flumina ,ori untur ,,translatus ,,,,,,,,,,,,cum ,femine ,de ,costa ,,dormientis ,facte ,,,nomine ,,,sicut ,et ,,ceteris ,rebus ,im posito ,,,de ,christo ,et ,,ecclesia ,prophetasset ,,,,,,et ,eidem uxo ri sue ,,,,a serpente ,seducte ,de ,comedendo ,po mo ,,,adquieuisset ,,,pro ,disconuenientia ,nu ditatis ,,,factis ,,perizomatibus ,,,,,a domino ,de ,para diso ,,,collocatis ,cherubim ,,,et ,flammeo ,gla dio ,post ,,,,increpationem ,,abiectus ,,,de ,terra ,ma ledicta ,,,,,insudore ,,uultus ,sui ,panem ,adquirit ,,,,,,,,,,,chaym ,,,,,,agricola ,dolens ,,sua ,munera ,et ,non ,,fratris ,fu isse ,,reprobata ,licet ,a ,domi no ,,,,,,,increpatus ,,,fratrem ,septi formi ,,,,peccato ,interfecit ,,,,,,,,,postea ,,uagus ,,,et ,instabilis ,super ,terram ,,,,,,,,,,,,,,,,factus ,,post ,quam ,,a ,domino ,est ,maledictus ,signo ,tamen ,s ,tremore ca pitis ei prius ,,imposito ,ut sic saretur punitus ,a domino ,,et ,excommunicatus ,,,et ,etiam indig nus misericordia nec interficeretur ,istum ,seth ,genuit ,,,,,,,,adam ,ducentesimo ,,xxx ,an no ,etatis ,sue ,,quorum ,tamen ,,centum ,,pretermittit ,moyses ,quibus ,,adam ,luxit ,abel,,,,,,,,,,,,,,,,,
bsbtheollatfol64,c ,adam ,in agro ,damasceno ,,formatus ,,et ,,in ,paradysum ,,,unde ,quatuor ,flumina ,oriuntur ,,translatus ,,,,,,,,,,,,cum ,femine ,de ,costa ,,dormientis ,facte ,eua ,,nomine ,inposito ,,sicut ,et ,ceteris ,ceteris ,rebus ,,,,de ,christo ,et ,,ecclesia ,prophetasset ,,,,,,,,,et ,eidem ,,,de ,comedendo ,,pomo ,acq uieuisset ,,,,pro ,disconuenientia ,nuditatis ,,,factis ,,perizomatibus ,,,,,a domino ,de ,paradiso ,,,collocatis ,,,cherubin ,et ,flammeo ,gladio ,post ,,,,increpationem ,,abiectus ,,,de ,terra ,maledicta ,,,,,insudore ,,uultus ,,panem ,acquiusunt c ,cayn ,,,,,,,,,,,,,,,,agricola ,dolens ,,sua ,munera ,et ,non ,sue ,,,fuisse ,reprobata ,,,,,licet ,,a ,domino ,,increpatus ,,,fratrem ,siui ,,,septiformi ,peccato ,interfecit ,qui ,,,,,,,,postea ,,uagus ,,,et ,instabilis ,suoer ,terram ,,,,,,,,,,,,,,,,factus ,,,postquam ,,a ,domino ,est ,maledictus ,c ,,,,,,,,,,,,,,,istum ,seth ,genuit ,,,,,,,,adam ,ccxxx ,,,anno ,etatis ,sue ,,quorum ,tamen ,,centum ,,pretermisit ,moyses ,quibus ,,adam ,luxit ,abel,,,,,,,,,,,,,,,,,
dclbii33,,adam ,in agro ,damasceno ,,formatus ,,,,in ,,paradisum ,,unde ,iiiior ,flumina ,oriuntur ,,translatus ,,,,,,,,,,,,cum ,femine ,de ,costa ,,dormientis ,facte ,,,nomine ,,,sicut ,et ,,ceteris ,rebus ,imposito ,,,de ,christo ,et ,,ecclesia ,prophetasset ,,,,,,,,,et ,eidem ,,,de ,comedendo ,,pomo ,,,acquieuisset ,,pro ,disconuenientia ,nuditatis ,,,factis ,,perizomatibus ,,,,,a domino ,de ,paradiso ,,,collocatis ,,,cherubin ,et ,flammeo ,gladio ,post ,,,,increpationem ,,abiectus ,,,de ,terra ,maledicta ,,,,,insudore ,,uultus ,,panem ,acquiritur ,chaim ,,,,,,,,,,,,,,,,agricola ,dolens ,,sua ,munera ,et ,non ,,fratris ,,fuisse ,reprobata ,,,,,licet ,,a ,domino ,,increpatus ,,,fratrem ,,,,septiformi ,peccato ,interfecit ,,,,,,,,,postea ,,uagus ,,,et ,instabilis ,super ,terram ,,,,,,,,,,,,,,,,factus ,,,postquam ,,a ,domino ,est ,maledictus ,,,,,,,,,,,,,,,,istum ,seth ,genuit ,,,,,,,,adam ,ccxxx ,,,anno ,etatis ,sue ,,quorum ,tamen ,,c ,,pretermisit ,moyses ,quibus ,,adam ,luxit ,abel,,,,,,,,,,,,,,,,,
culdd116,,adam ,in agro ,damasceno ,,formatus ,,et ,,in ,,paradisum ,,,iiii ,flumina ,oriuntur ,,translatus ,,,,,,,,,,,,cum ,femine ,de ,costa ,,dormientis ,facte ,eua ,,nomine ,imposita ,,sicut ,et ,,ceteris ,rebus ,,,,de ,christo ,et ,,ecclesia ,prophetasset ,,,,,,,,,et ,eidem ,,,de ,comedendo ,,pomo ,,,acquieuisset ,,pro ,disconue nientiam ,nuditatis ,,,factis ,,perizomatibus ,,,,,a domino ,de ,paradiso ,,,collocatis ,,,cherubin ,et ,flammeo ,gladio ,post ,,,,increpationem ,,abiectus ,,,de ,terra ,maledicta ,,,,,insudore ,,uultus ,,panem ,acquiritur ,caim ,,,,,,,,,,,,,,,,agricola ,dolens ,,sua ,munera ,et ,non ,,fratris ,,fuisse ,reprobata ,,,,,licet ,,a ,domino ,,increpatus ,fratrrem ,,,,,,septiformi ,pec cato ,interfecit ,qui ,,,,,,,,postea ,,uagus ,,,et ,instabilis ,super ,terram ,,,,,,,,,,,,,,,,factus ,,,postquam ,,a ,domino ,est ,maledictus ,,,,,,,,,,,,,,,,istum ,seth ,genuit ,,,,,,,,adam ,ducentesimo ,,,anno ,etatis ,sue ,,quorum ,tamen ,,centum ,,pretermisit ,moyses ,quibus ,,adam ,luxit ,abel,,,,,,,,,,,,,,,,,
pbnlat5101,,adam ,in agro ,damasceno ,,formatus ,,et ,,in ,,paradisum ,,unde ,iiiior ,flumina ,oriuntur ,,translatus ,,,,,,,,,,,,cum ,femine ,de ,costa ,,dormientis ,facte ,,,nomine ,,,sicut ,et ,,ceteris ,rebus ,imposito ,,,de ,christo ,et ,,ecclesia ,prophetasset ,,,,,,,,,et ,eidem ,,,de ,comedendo ,,pomo ,,,acquieuisset ,,pro ,disconuenientia ,nuditatis ,,,factis ,,perizomatibus ,,,,,a domino ,de ,paradiso ,collatis ,tis ,,cherubim ,,,et ,flameo ,gladio ,post ,,,,increpationem ,,abiectus ,,,de ,terra ,maledicta ,,,,,insudore ,,uultus ,,panem ,acquirit ,chaim ,,,,,,,,,,,,,,,,agricola ,dolens ,,sua ,munera ,et ,non ,,fratris ,,fuisse ,reprobata ,,,,,licet ,,a ,domino ,,increpatus ,,,fratrem ,,,,septiformi ,peccato ,interfecit ,,,,,,,,,postea ,,uagus ,,,et ,instabilis ,super ,terram ,,,,,,,,,,,,,,,,factus ,,,postquam ,,a ,domino ,est ,maledictus ,,,,,,,,,,,,,,,,istum ,seth ,genuit ,,,,,,,,adam ,ccxxx ,,,anno ,etatis ,sue ,,quorum ,tamen ,,c ,,pretermittit ,moyses ,quibus ,,adam ,luxit ,abel,,,,,,,,,,,,,,,,,
swltheolphil2122,,adam ,in agro ,damasceno ,,formatus ,,et ,,in ,de s ,paradisum ,,unde ,quatuor ,flumina ,oriuntur ,,translatus ,,,,,,,,,,,,cum ,femine ,de ,costa ,,,facte ,,dormientis ,nomine ,,,sicut ,et ,,ceteris ,rebus ,imposito ,,,de ,christo ,et ,,ecclesia ,prophetasset ,,,,,,,,,et ,eidem ,,,de ,comedendo ,,pomo ,,,acquieuisset ,,pro ,disconuenientia ,nuditatis ,,,factis ,peryzomatibus ,,,,,,,,,,,collocatis ,,,cherubin ,et ,flammeo ,gladio ,post ,,,,increpationem ,,abiectus ,,,de ,terra ,maledicta ,,,,,insudore ,,uultus ,,panem ,acquirit ,cayn ,,,,,,,,,,,,,,,,agricola ,dolens ,,sua ,munera ,et ,non ,,fratris ,,fuisse ,reprobata ,,,,,licet ,,a ,domino ,,increpatus ,,,fratrem ,,,,septiformi ,peccato ,interfecit ,,,,,,,,,postea ,,uagus ,et ,,et ,instabilis ,super ,terram ,,,,,,,,,,,,,,,,factus ,,post ,,,a ,domino ,est ,maledictus ,,,,,,,,,,,,,,,,istum ,seth ,genuit ,,,,,,,,adam ,ducentisimo trecisimo ,,,,etatis ,sue ,anno ,quorum ,tamen ,,centum ,,pretermittit ,moyses ,quibus ,,adam ,luxit ,abel,,,,,,,,,,,,,,,,,
vbb342,,adam ,in agro ,damasceno ,,formatus ,,et ,,in ,,paradisum ,,unde ,iiii ,flumina ,oriuntur ,,translatus ,,,,,,,,,,,,cum ,femine ,de ,costa ,dor mientis ,,facte ,,,nomine ,,,sicut ,et ,,ceteris ,rebus ,imposito ,,,de ,christo ,et ,,ecclesia ,prophetasset ,,,,,,,,,et ,eidem ,,,de ,comedendo ,,pomo ,,,acquieuisset ,,pro ,disconuenientia ,auditatis ,,,factis ,peryzomatibus ,,,,,,a domino ,de ,paradiso ,,,collocatis ,cherubyn ,,,et ,flameo ,gladio ,post ,,,,increpationem ,eiectus ,,,,de ,terra ,malidicta ,,,,,insudore ,,uultus ,,panem ,acquirit ,,,,,,,,,,,chaym ,,,,,,agricola ,dolens ,,sua ,munera ,et ,non ,,fratris ,,fuisse ,reprobata ,,,,,licet ,,a ,domino ,,increpatus ,,,fratrem ,,,,septiformi ,pe ccato ,interfecit ,,,,,,,,,postea ,,uagus ,,,et ,instabilis ,super ,terram ,,,,,,,,,,,,,,,,factus ,est ,,postquam ,,a ,domino ,est ,maledictus ,,,,,,,,,,,,,,,,istum ,seth ,genuit ,,,,,,,,adam ,cc ,,xxx ,anno ,etatis ,sue ,,quorum ,tamen ,,c ,,pretermittit ,moyses ,quibus ,,,luxit ,abel,,,,,,,,,,,,,,,,,
penmasson71,,adam ,in agro ,damasceno ,,formatus ,,et ,,in ,paradysum ,,,unde ,quatuor ,flumina ,oriuntur ,,translatus ,,,,,,,,,,,,cum ,,de ,costa ,,femine ,facte ,ipsius ,dormientis ,nomine ,eua ,imposito ,ceterisque ,,,,rebus ,impositis nominibus ,,,de ,christo ,et ,,ecclesia ,prophetasset ,,,,,,,,,et ,eidem ,femine ,,de ,comedendo ,,pomo ,acqueuisset ,,,,pro ,disconuenientia ,nuditatis ,sue ,statim agnite ,factis ,,perizomatibus ,,de ,foliis ficus ,,a domino ,de ,paradyso ,eiectus ,post increpationem ,collocatis ,in ,aditu ,cherubim ,cum ,,gladio ,flammeo ,et  ,,,,,,,,de ,terra ,maledicta ,,,,,insudore ,,uultus ,et labore manuum ,panem ,acquirit ,quid ,,,,,,et ,toti potentati reliquit ,,,chaym ,,,,,,agricola ,dolens ,munera ,sua ,,et ,non ,,fratris ,,fuisse ,reprobata ,,a ,domino ,,licet ,,a ,domino ,,increpatus ,,,fratrem ,,suum ,,septiformi ,peccato ,interfecit ,qui ,,,,,,,,postea ,,uagus ,,,et ,instabilis ,super ,terram ,,,,,,,,,,,,,,,,factus ,est ,,postquam ,,a ,domino ,est ,maledictus ,accepit urorem ,stilet ,fororem ,sua ,calmana ,,,,,,,,,,,istum ,seth ,genuit ,,,,,,,,adam ,ducentesimo ,,xxx ,anno ,etatis ,sue ,,quorum ,tamen ,,centum ,,pretermisit ,moyses ,quibus ,,adam ,luxit ,abel ,filium ,stui acrisium ,,toto ,aurem tempore ,luctus ,sin p ,abel ,non ,cogno inter ,adam ,urorem ,,,,suam,
gflchaa16,,adam ,in agro ,damasceno ,,formatus ,,et ,,in ,,paradisum ,,unde ,quatuor ,flumina ,oriuntur ,,translatus ,,,,,,,,,,,,cum ,femine ,de ,costa ,,dormientis ,facte ,eua ,,nomine ,,imposito ,sicut ,et ,,ceteris ,rebus ,,,,de ,christo ,et ,,ecclesia ,prophetasset ,,,,,,,,,et ,idem ,,,de ,comedendo ,,pomo ,,adquieuisset ,,,pro ,disconuenientia ,nuditatis ,factus ,,,,perizomatibus ,a deo ,,,,,de ,paradiso ,,,collocatis ,an ,,cherubin ,et ,flammeo ,gladio ,post ,,,,increpationem ,,abiectus ,,,de ,terra ,maledicta ,,,,,insudore ,,uultus ,,panem ,adquiritur ,cayn ,,,,,,,,,,,,,,,,agricola ,dolens ,munera ,sua ,,,non ,,fratris ,,fuisse ,reprobata ,,a ,domino ,,licet ,,a ,domino ,,increpatus ,,,fratrem ,,suum ,,septiformi ,peccato ,interfecit ,maledictus ,,,,,,,,,,uagus ,,,,,,,,,,,,,,,,,,,,,,factus ,,,,,,,est  ,guaionem septi lamet bigamia introducit dnuiss alus lineam christi de iuranis ,,,,,,,post ,sem quia de   fuerit quentiles,,,,,,,,,,,,,,,,,,,,,,,,,,,,,,,,,,,,,,,,,,,,,,,,,,,,,,
lblhar658,,adam ,in agro ,damasceno ,,formatus ,,et ,,in ,,paradisum ,,unde ,iiiior ,flumina ,oriuntur ,,translatus ,,,,,,,,,,,,cum ,femine ,de ,costa ,,dormientis ,formate ,,,nomine ,,,sicut ,et ,,ceteris ,rebus ,imposito ,,,de ,christo ,et ,,ecclesia ,prophetasset ,,,,,,,,,et ,eidem ,,,de ,comedendo ,,pomo ,,adquieuisset ,,,pro ,disconuenientia ,nuditatis ,,,factis ,,perizomatibus ,,,,,a domino ,de ,paradiso ,,,,,,,,,,post ,,,,increpationem ,,abiectus ,,,de ,terra ,maledicta ,,,,,insudore ,,uultus ,,panem ,adquiritur ,,,,,,,,,,,chaym ,,,,,,agricola ,dolens ,,sua ,munera ,et ,non ,,fratris ,,fuisse ,reprobata ,,,,,licet ,,a ,domino ,,increpatus ,,,fratrem ,,suum ,,septiformi ,peccato ,interfecit ,qui ,,,,,,,,postea ,,uagus ,,,et ,instabilis ,super ,terram ,,,,,,,,,,,,,,,,factus ,est ,,postquam ,,a ,domino ,est ,maledictus ,,,,,,,,,,,,,,,,istum ,seth ,genuit ,,,,,,,,adam ,ccxxx ,,,anno ,etatis ,sue ,,quorum ,tamen ,,c ,,pretermisit ,moyses ,quibus ,,adam ,luxit ,,,,,,,,,abel,,,,,,,,,
pfllewe202,,adam ,in agro ,damasceno ,,formatus ,,et ,,in ,,paradisum ,,unde ,quatuor ,,oriuntur ,flumina ,translatus ,,,,,,,,,,,,cum ,femine ,de ,costa ,,dormientis ,facte ,,,nomine ,,,sicut ,et ,,ceteris ,rebus ,,inposito ,,de ,christo ,et ,,ecclesia ,prophetasset ,,,,,,,,,et ,eidem ,,,de ,comedendo ,,pomo ,,,acquieuisset ,,pro ,disconueniencia ,nuditatis ,,,factis ,parizomatibus ,,,,,,a domino ,de ,paradiso ,,,collocatis ,cherubyn ,,,et ,flammeo ,gladio ,atque ,,uersatili ,post ,increpacionem ,eiectusde ,,,,,terra ,maledicta ,in ,,sudore ,vultus cui ,,,,,panem ,adcquirit sic ,,,,,,,et ,aius posteritas dicit autem methodius ,quod ,adam ,et ,eua uirgines egressu sunt de paradiso ,,,,,,,,,,et ,anno uite adam xvo natus est ei cain et soror eius calmana et post alios xv annos natus est ei abel ,,,,,,,,,,,,,,,,,,,,,,,,,et ,soror eius delbora anno uite eiusdem coxxxo cain ,,,,occidit ,abel ,et ,luxerunt eum adam ,,,et ,eua centum annis ,et ,tunc natus ,,,est ,ei seth ,scilicet ,anno ccoxxxo uite adam ,quorum tamen ,pretermittit moyses ,centum ,annos ,quibus adam luxit ,,abel ,occisum ,et ,si ,adam ,factus ,est ,quasi ,in ,etate xxx annorum ,fuit ,,,,,tamen ,unius diei ,et ,anni et multorum legitur enim ,adam ,habuisse xxx filios ,et ,totidem filias preter cain ,et ,abel ,qui ,filij ,et ,filie ,in ,genealogia ista ,sicut ,alij hic non distribuntur ,quia ,nomina eorum tacentur ,in ,scriptura vincencius ,in ,speculo hystoriali capitulo lvjo secundi  libri dicit sic ,adam ,,et ,eua ,in ,ipsa die creacionis ,scilicet ,sexta die mundi in paradiso circa meridiem idest circa horam sextam preuaricati sunt ,a ,diabolo ,,,,,,,,,,,,,,,,et ,paulo post scilicet circa horam nonam illius diei eiecti ,,,,sunt ,de paradiso,,,,,
mrmmik6365,,adam ,in agro ,damasceno ,,formatus ,,et ,,in ,,paradisum ,translatus ,unde ,iiii ,flumina ,oriuntur ,,,,,,,,,,,,,,cum ,femine ,de ,costa ,,dormientis ,facte ,,,nomine ,,,sicut ,et ,,ceteris ,rebus ,imposito ,,,de ,christo ,et ,,ecclesia ,prophetasset ,,,,,,,,,et ,eidem ,,,de ,co medendo ,,pomo ,eue ,adquieuisset ,,,pro ,disconuenientia ,nuditatis ,,,factis ,,perizomatibus ,,,,,a domino ,de ,pa radiso ,,,collocatis ,,,cherubin ,et ,flam meo ,gladio ,,,,post ,incre pationem ,adbiectus ,,,,de ,terra ,maledicta ,,,,,insudore ,,uultus ,,panem ,adquirit ,,,,,,,,,,,chaym ,,,,,,agricola ,dolens ,,sua ,munera ,et ,non ,,fratris ,esse ,,reprobata ,,,,,licet ,,a ,domino ,,increpatus ,,,fratrem ,,,,septiformi ,peccato ,interfecit ,,,,,,,,,postea ,,uagus ,et ,insta bilis ,factus ,est ,super ,terram ,,,,,,,,,,,,,,,,,,,postquam ,,a ,domino ,est ,maledictus ,,,,,,,,,,,,,,,,istum ,seth ,genuit ,,,,,,,,adam ,cc ,,xxx ,anno ,etatis ,sue ,,quorum ,cen tum inclie ,,,moyses ,pretermittit ,,quibus ,,adam ,luxit ,,,,,,,,,abel,,,,,,,,,
kac696,,adam ,in agro ,damasceno ,,formatus ,,et ,,in ,pa ,radysum ,,unde ,iiii ,flumina ,oriuntur ,,translatus ,dum ,,,,,,,,,,,,femine ,de ,costa ,,dormientis ,facte ,,,nomine ,,,sicut ,et ,,ceteris ,rebus ,imposito ,,,de ,christo ,et ,,ecclesia ,prophetasset ,,,,,,,,,et ,eidem ,,,de ,comedendo ,,pomo ,,,acquieuisset ,,pro ,discon uenientia ,nuditatis ,,,factis ,,perizomatibus ,,,,,a domino ,de ,paradyso ,,,collocatis ,cherubym ,,,et ,flammeo ,gladio ,,,,post ,incre pationem ,,abiectus ,,,de ,terra ,maledicta ,,,,,insudore ,,uultus ,,panem ,acquiritur ,chaim ,,,,,,,,,,,,,,,,agricola ,dolens ,,sua ,munera ,et ,non ,,fratris ,fu isse ,,reprobata ,,,,,licet ,,a ,domino ,,increpatus ,,,fratrem ,septi formi ,,,,peccato ,interfecit ,post ea ,,,,,,,,,,uagus ,,,et ,instabilis ,su per ,terram ,,,,,,,,,,,,,,,,factus ,,,postquam ,,a ,domino ,est ,maledictus ,,,,,,,,,,,,,,,,istum ,seth ,genuit ,,,,,,,,adam ,ccxxx ,,,anno ,etatis ,sue ,,quorum ,tamen ,,c ,,pretermittit ,moyses ,quibus ,,adam ,luxit ,,,,,,,,,abel,,,,,,,,,
lol390,,adam ,in agro ,damasceno ,,formatus ,,et ,,in ,paradi ,sum ,,unde ,iiiior ,flumina ,oriuntur ,,translatus ,cum ,fe mine ,,,,,,,,,,,,de ,costa ,,dormientis ,facte ,,,nomine ,,,sicut ,et ,,ceteris ,rebus ,imposito ,,,de ,christo ,et ,,ecclesia ,prophetasset ,,,,,,,,,et ,eidem ,,,de ,comedendo ,,pomo ,,,acquieuisset ,,pro ,disconuenientia ,nudi tatis ,,,factis ,,perizomatibus ,,,,,a domino ,de ,paradiso ,,,collocatis ,,,cherubim ,et ,flameo ,gladio ,post ,,,,increpationem ,,abiectus ,,,de ,terra ,maledicta ,,,,,insudore ,,uultus ,,panem ,acquirit ,chain ,,,,,,,,,,,,,,,,agricola ,dolens ,,sua ,munera ,et ,non ,,fratris ,,fuisse ,reprobata ,,,,,licet ,,a ,domino ,,increpatus ,,,fratrem ,,,,septiformi ,peccato ,interfecit ,,,,,,,,,postea ,,uagus ,,,et ,instabilis ,super ,terram ,,,,,,,,,,,,,,,,factus ,,,postquam ,,a ,domino ,est ,maledictus ,,,,,,,,,,,,,,,,istum ,seth ,genuit ,,,,,,,,adam ,cc ,,xxx ,anno ,etatis ,sue ,,quorum ,tamen ,preter mittit ,,,,moyses ,quibus ,,adam ,luxit ,,,,,,,,,abel,,,,,,,,,
won364,,adam ,in agro ,damasceno ,,formatus ,,et ,,in ,para ,dysum ,,unde ,iiiior ,flumina ,oriuntur ,transla tus ,,,,,,,,,,,,,cum ,femine ,de ,costa ,,dormientis ,facte ,,,nomine ,,,sicut ,et ,,ceteris ,rebus ,,inposito ,,de ,christo ,et ,,ecclesia ,prophetasset ,,,,,,,,,et ,eidem ,,,de ,comedendo ,,pomo ,,,acquieuisset ,,pro ,disconuenientia ,nuditatis ,,,factis ,,perizomatibus ,,,,,a domino ,de ,paradyso ,,,collocatis ,,,cherubin ,et ,flammeo ,gladio ,,,,post ,in crepationem ,,abiectus ,,,de ,terra ,maladic ta ,,,,,insudore ,,uultus ,,panem ,acquirit ,cain ,,,,,,,,,,,,,,,,agricola ,dolens ,,sua ,munera ,et ,non ,,fratris ,,fuisse ,reprobata ,,,,,licet ,,a ,domino ,,increpatus ,,,fratrem ,,,,septiformi ,peccato ,in ,terfecit ,,,,,,,,postea ,,uagus ,,,et ,instabilis ,super ,terram ,,,,,,,,,,,,,,,,factus ,,,postquam ,,a ,domino ,est ,male dictus ,,,,,,,,,,,,,,,,istum ,seth ,genuit ,,,,,,,,adam ,cc ,,xxx ,anno ,etatis ,sue ,,quorum ,tamen ,,centum ,,pretermittit ,moy ses ,quibus ,,adam ,luxit ,,,,,,,,,abel,,,,,,,,,
CCC503,,adam ,in agro ,damasceno ,,formatus ,,et ,,in ,,paradisum ,,unde ,quatuor ,flumina ,oriuntur ,,translatus ,,,,,,,,,,,,cum ,femine ,de ,costa ,,dormientis ,facte ,,,nomine ,,,sicut ,et ,,ceteris ,rebus ,imposito ,,,de ,christo ,et ,,ecclesia ,,,,,,,,,,et ,eidem ,,,de ,comedendo ,,pomo ,,,acquieuisset ,,pro ,disconuenientia ,nuditatis ,,,,,perizomatibus ,,,,,a domino ,de ,paradiso ,,,collocatis ,,,cherubin ,et ,flammeo ,gladio ,post ,,,,increpationem ,,abiectus ,,,de ,terra ,maledicta ,,,,,insudore ,,uultus ,,panem ,acquiritur ,cayn ,,,,,,,,,,,,,,,,agricola ,dolens ,,sua ,munera ,et ,non ,,fratris ,,fuisse ,reprobata ,,,,,licet ,,a ,domino ,,increpatus ,,,fratrem ,,,,septiformi ,peccato ,interfecit ,,,,,,,,,postea ,,uagus ,,,et ,instabilis ,super ,terram ,,,,,,,,,,,,,,,,factus ,,,postquam ,,a ,domino ,est ,maledictus ,,,,,,,,,,,,,,,,,seth ,genuit ,,,,,,,,adam ,ducentesimo ,tricesimo ,,,etatis ,sue ,anno ,quorum ,tamen ,,centum ,,pretermittit ,moyses ,quibus ,,adam ,luxit ,,,,,,,,,abel,,,,,,,,,
mbm89,,adam ,in agro ,damasceno ,,formatus ,,et ,,in ,,paradisum ,,unde ,quatuor ,flumina ,oriuntur ,,translatus ,,,,,,,,,,,,cum ,femine ,de ,costa ,,dormientis ,facte ,eua ,,nomine ,,imposito ,sicut ,et ,,ceteris ,rebus ,,,,de ,christo ,et ,,ecclesia ,prophetasset ,,,,,,,,,et ,eidem ,,,de ,comedendo ,,pomo ,,,acquieuisset ,,pro ,disconuenientia ,nuditatis ,,,factis ,perisomatibus ,,,,,,a domino ,de ,paradiso ,,,collocatis ,,,cherubin ,et ,flammeo ,gladio ,post ,,,,increpationem ,,abiectus ,,,de ,terra ,maledicta ,,,,,insudore ,,uultus ,sui ,panem ,acquiritur ,,,,,,caym ,,,,,,,,,,,agricola ,dolens ,,sua ,munera ,et ,non ,,fratris ,ee ,,reprobata ,,,,,licet ,,a ,domino ,,increpatus ,,,fratrem ,et ,suum ,,septiformi ,peccato ,interficit c ,,,,,,,,,postea ,,uagus ,,,et ,instabilis ,,,poitus ,,,,,,,,,,,,,,,,est ,,postquam ,,a ,domino ,,maledictus ,,,,,,,,,,,,,,,,istum ,seth ,genuit ,,,,,,,,adam ,ducentesimo ,tricesimo ,,,etatis ,sue ,,quorum ,tamen ,,centum ,,pretermisit ,moyses ,quibus ,v ,adam ,luxit ,,,,,,,,,abel,,,,,,,,,
dul190,,adam ,in agro ,damasceno ,,formatus ,,et ,,in ,,paradisum ,,unde ,4or ,flumina ,oriuntur ,,translatus ,,,,,,,,,,et ,,,femina ,de ,costa ,,dormientis ,facta ,eue ,,nomine ,,,sicut ,et ,,ceteris ,imposuit ,,et ,,de ,christo ,et ,,ecclesia ,prophetasset ,,,,,,,,,et ,eue ,,,de ,comedendo ,,pomo ,aquieuisset ,,,,pro ,disconuenientia ,nuditatis ,,,factis ,perisomatibus ,,,,,,a domino ,de ,paradiso ,collatis ,,,,,cherubin ,et ,flammeo ,gladio ,,,,post ,increpatonem ,,abiectus ,,,de ,terra ,maledicta ,,,,,insudore ,,uultus ,,panem ,acquirit,,,,,,,,,,,,,,,,,,,,,,,,,,,,,,,,,,,,,,,,,,,,,,,,,,,,,,,,,,,,,,,,,,,,,,,,,,,,,,,,,,,,,,,,,,,,,,,,,,,,,,,,,,,,,,,,,,,,,,,,,,,,,,,,,,,,,,,,,,,,,,,,,,,,,,
vbapallat1723,,adam ,in agro ,damasceno ,,formatus ,,et ,,in ,,paradisum ,,unde ,iiii ,flumina ,oriuntur ,,translatus ,,,,,,,,,,,,cum ,femine ,de ,costa ,,dormientis ,facte ,,,nomine ,,,sicut ,et ,,ceteris ,rebus ,imposito ,,,de ,christo ,et ,,ecclesia ,prophetasset ,,,,,,,,,et ,eidem ,,,de ,comedendo ,,pomo ,,,acquieuisset ,,pro ,disconuenientia ,nuditatis ,,,factis ,,perizomatibus ,,,,,a domino ,de ,paradiso ,,,collocatis ,cherubyn ,,,et ,flammeo ,gladio ,post ,,,,increpationem ,,abiectus ,,,de ,terra ,maledicta ,,,,,insudore ,,uultus ,,panem ,acquiritur ,,,,,,caym ,,,,,,,,,,,agricola ,dolens ,,sua ,munera ,et ,non ,,fratris ,,fuisse ,reprobata ,,,,,licet ,,a ,domino ,,increpatus ,,,fratrem ,,,,septiformi ,peccato ,interfecit ,,,,,,,,,postea ,,uagus ,,,et ,instabilis ,super ,terram ,,,,,,,,,,,,,,,,factus ,,,postquam ,est ,a ,domino ,,maledictus ,iste ,,,,,,,,,,,,,,,,seth ,genuit ,,,,,,,,adam ,ccxxx ,,,anno ,etatis ,sue ,,quorum ,tamen ,,c ,,pretermittit ,moises ,quibus ,,adam ,luxit ,,,,,,,,,abel,,,,,,,,,
fbmplut1511,,adam ,in agro ,damasceno ,,formatus ,,et ,,in ,,paradisum ,,unde ,quatuor ,flumina ,oriuntur ,,translatus ,,,,,,,,,,,,cum ,femine ,de ,costa ,,dormientis ,facte ,eua ,,nomine ,,imposito ,sicut ,et ,,ceteris ,rebus ,,,,de ,christo ,et ,,ecclesia ,prophetasset ,,,,,,,,,et ,eidem ,,,de ,comedendo ,,pomo ,,adquieuisset ,,,pro ,disconuenientia ,nuditatis ,,,factis ,,perizomatibus ,,,,,a domino ,de ,paradiso ,,,collocatis ,,,cherubin ,et ,flammeo ,gladio ,post ,,,,increpationem ,,abiectus ,,,de ,terra ,maledicta ,,,,,insudore ,,uultus ,,panem ,adquiritur ,,,,,,,,,,,chaym ,,,,,,agricola ,dolens ,,sua ,munera ,et ,non ,,fratris ,,fuisse ,reprobata ,,,,,licet ,,a ,domino ,,increpatus ,,,fratrem ,,suum ,,septiformi ,peccato ,interfecit ,,,,,,,,,postea ,,uagus ,,,et ,instabilis ,super ,terram ,,,,,,,,,,,,,,,,factus ,,,postquam ,,a ,domino ,est ,maledictus ,,,,,,,,,,,,,,,,istum ,seth ,genuit ,,,,,,,,adam ,ducentesimo ,tricesimo ,,anno ,etatis ,sue ,,quorum ,tamen ,,centum ,,pretermisit ,moyses ,quibus ,,adam ,luxit ,,,,,,,,,abel,,,,,,,,,
lbladd14819,,adam ,in agro ,damasceno ,formatur ,,,et ,,in ,,paradisum ,,unde ,quatuor ,flumina ,oriuntur ,,translatus ,,,,,,,,,,,,cum ,femina ,de ,costa ,,dormientis ,facta ,,,nomine ,,,sicut ,et ,,ceteris ,rebus ,imposito ,,,de ,christo ,et ,,ecclesia ,prophetasset ,,,,,,,,,et ,eidem ,,,de ,comedendo ,,pomo ,,adquieuisset ,,,pro ,disconuenientia ,nuditus ,,,factis ,,perizomatibus ,,,,,a domino ,de ,paradyso ,,post increpationem ,collocatis ,,,cherubin ,et ,flammeo ,gladio ,,,,,,,abiectus ,,,de ,terra ,maledicta ,,,,,insudore ,,uultus ,,panem ,acquiritur ,haim ,,,,,,,,,,,,,,,,agricola ,dolens ,,sua ,munera ,et ,non ,,fratris ,,fuisse ,reprobata  ,licet ,a ,domino ,fuisset ,,,,,,increpatus ,,,fratrem ,,,,septiformi ,peccato ,interfecit ,,,,,,,,,postea ,,uagus ,,,et ,instabilis ,super ,terram ,,,,,,,,,,,,,,,,factus ,c ,,postquam ,,a ,domino ,est ,maledictus ,chaim vii  ,,,,,,,,,,,,,,,istum ,seth ,genuit ,,,,,,,,adam ,ccxxx ,,,anno ,etatis ,sue ,,quorum ,tamen ,reum ,centum ,annos ,pretermittit ,moyses ,quibus ,,adam ,luxit ,abel ,,,,,,et ,fratri siit oins ,,,,dies ,seth ,dccccxiianni genti duo  ,anni,,,
whafol70,,adam ,in agro ,damasceno ,,formatus ,,et ,,in ,,paradisum ,,unde ,quatuor ,flumina ,oriuntur ,,translatus ,,,,,,,,,,,,cum ,femine ,de ,costa ,,dormientis ,facte ,,,nomine ,,,sicut ,et ,,ceteris ,rebus ,imposito ,,,de ,christo ,et ,,ecclesia ,prophetasset ,,,,,,,,,et ,eidem ,,,de ,comedendo ,,pomo ,,,acquieuisset ,,pro ,disconuenientia ,nuditatis ,,,factis ,,perizomatibus ,,,,,a domino ,de ,paradyso ,,,collocatis ,,,cherubin ,et ,flammeo ,gladio ,post ,,,,increpationem ,,abiectus ,de ,,de ,terra ,maledicta ,,,,,insudore ,,uultus ,,panem ,acquiritur ,chain ,,,,,,,,,,,,,,,,agricola ,dolens ,,sua ,munera ,et ,non ,,fratris ,,fuisse ,reprobata ,,,,,licet ,,a ,domino ,,increpatus ,,,fratrem ,,,,septiformi ,peccato ,interfecit ,,,,,,,,,postea ,,uagus ,,,et ,instabilis ,super ,terram ,,,,,,,,,,,,,,,,factus ,,,postquam ,,a ,domino ,est ,maledictus ,,,,,,,,,,,,,,,,istum ,seth ,genuit ,,,,,,,,adam ,ccxxx ,,,anno ,etatis ,sue ,,quorum ,tamen ,,c ,,pretermittit ,moyses ,quibus ,,adam ,luxit ,,,,,,,,,abel,,,,,,,,,
avr166,,adam ,in agro ,damasceno ,forma tus ,,,et ,,in ,,paradisum ,,unde ,quatuor ,flumina ,ori untur ,,translatus ,,,,,,,,,,,,cum ,femine ,de ,costa ,,dormientis ,facte ,eua ,,nomine ,,imposito ,sicut ,et ,,ceteris ,rebus ,,,,de ,christo ,et ,,ecclesia ,prophetasset ,,,,,,,,,et ,eidem ,,,de ,co medendo ,,pomo ,,adquieuisset ,,,pro ,disconuenientia ,nuditatis ,,,factis ,peryzomatibus ,,,,,,a domino ,de ,paradiso ,,,collocatis ,che rubin ,,,et ,flammeo ,gladi o ,post ,,,,increpationem ,ab iectus ,,,,de ,terra ,maledicta ,,,,,insudore ,,uultus ,,panem ,ac quirit ,,,,,,,,,,,chaym ,agri cola ,,,,,,dolens ,,sua ,munera ,et ,non ,,fratris ,,fuisse ,re probata ,,,,,licet ,,a ,domino ,increpa tus ,,,,fratrem ,,suum ,,septiformi ,pecca to ,interfecit ,qui ,,,,,,,,postea ,,uagus ,et ,insta bilis ,,,super ,terram ,,,,,,,,,,,,,,,,factus ,est ,,postquam ,,a ,domino ,est ,male dictus ,,istum ,seth ,genu it ,,adam ,ducente simo ,,,,,,,,,,,,,,,,,,,,,tricesimo ,,anno ,etatis ,sue ,,quorum ,tamen ,,centum ,,pretermisit ,moyses ,quibus ,,adam ,luxit ,,,,,,,,,abel,,,,,,,,,
pbnlat10431,,adam ,in agro ,damasceno ,,formatus ,,et ,,in ,,paradisum ,undeiiiior ,,,flumina ,oriuntur ,,translatus ,,,,,,,,,,,,cum ,femine ,de ,costa ,,dormientis ,facte ,,,nomine ,,,sicut ,et ,,ceteris ,rebus ,imposito ,,,de ,christo ,et ,,ecclesia ,,,,,,,,,,,,,,,,,,,,,,,,nuditatis ,,,factis ,,perizomatibus ,,,,,a domino ,de ,paradiso ,,,collocatis ,,,cherubin ,et ,flammeo ,gladio ,post ,,,,increpationem ,,abiectus ,,,de ,terra ,maledicta ,,,,,insudore ,,,,panem ,adquiritur ,cayn  ,,,,,,,,,,,,,,,,agricola ,dolens ,,sua ,munera ,et ,non ,,fratris ,,fuisse ,reprobata ,,,,,licet ,,a ,domino ,,increpatus ,,,fratrem ,,,,septiformi ,peccato ,interfecit ,,,,,,,,,postea ,,uagus ,,,et ,instabilis ,super ,terram ,,,,,,,,,,,,,,,,factus ,,,postquam ,,a ,domino ,est ,maledictus ,figuo non timore ,,s ,capitis ,est ,imposito ,post ,,,,,,,,,,,sicut  ,,,,,,,,,,,,,,,,a ,domino,,,,,,,,,,,,,,,,,,,,,,,,,,,
chltyp216,,adam ,in agro ,damasceno ,,formatus ,,et ,,in ,,paradisum ,,unde ,quatuor ,flumina ,oriuntur ,,translatus ,,,,,,,,,,,,cum ,femine ,de ,costa ,,dormientis ,facte ,eua ,,nomine ,,imposito ,sicut ,et ,,ceteris ,rebus ,,,,de ,christo ,quod ,,ecclesia ,prophetasset ,,,,,,,,,et ,eidem ,,,de ,comedendo ,,pomo ,,,acquieuisset ,,pro ,disconuenientia ,nuditatis ,,,factis ,,perizomatibus ,,,,,a domino ,de ,paradiso ,,,collocatis ,,,cherubin ,et ,flammimeo ,gladio ,,et ,,post ,increpationem ,,abiectus ,,,de ,terra ,maledicta ,in ,,sudore ,,,,uultus ,,panem ,adquiritur ,,,,,,,,,,,chaym ,,,,,,agricola ,dolens ,,sua ,munera ,et ,non ,,fratris ,,fuisse ,reprobata ,licet ,a ,domino ,incre patus ,,,,,,,,,fratrem ,,suum ,,septiformi ,peccato ,interfecit ,qui ,,,,,,,,postea ,,uagus ,,,et ,instabilis ,super ,terram ,,,,,,,,,,,,,,,,factus ,,,postquam ,,a ,domino ,est ,maledictus ,,,,,,,,,,,,,,,,istum ,seth ,genuit ,,,,,,,,adam ,cc ,,xxx ,anno ,etatis ,sue ,,quorum ,tamen ,,centum ,preter misit ,,moyses ,quibus ,,adam ,luxit ,,,,,,,,,abel,,,,,,,,,
bwaw796,,adam ,in agro ,damasceno ,,formatus ,,et ,,in ,paradysum ,,,unde ,iiii ,flumina ,oriuntur ,,translatus ,,,,,,,,,,,,cum ,femine ,de ,costa ,,dormientis ,facte ,,,nomine ,,,sicut ,et ,,ceteris ,rebus ,imposito ,,,de ,christo ,et ,,ecclesia ,prophetasset ,,,,,,,,,et ,eidem ,,,de ,comedendo ,,pomo ,,adquieuisset ,,,pro ,disconuenientia ,nuditatis ,,,factis ,,perizomatibus ,,,,,a domino ,de ,paradyso ,,,collocatis ,,,cherubin ,et ,flammeo ,gladio ,,,,post ,increpationem ,,abiectus ,,,de ,terra ,maledicta ,,,,,insudore ,,uultus ,sui ,panem ,adquiritur ,,,,,,caym ,,,,,,,,,,,agricola ,dolens ,,sua ,munera ,et ,non ,,fratris ,,fuisse ,reprobata ,,,,,licet ,,a ,domino ,,increpatus ,,,fratrem ,,,,septiformi ,peccato ,interfecit ,,,,,,,,,postea ,,uagus ,,,et ,instabilis ,super ,terram ,,,,,,,,,,,,,,,,factus ,,,postquam ,,a ,domino ,est ,maledictus ,,,,,,,,,,,,,,,,istum ,seth ,genuit ,,,,,,,,adam ,ccxxx ,,,anno ,etatis ,sue ,,quorum ,tamen ,,centum ,,pretermittit ,moyses ,quibus ,,adam ,luxit ,,,,,,,,,abel,,,,,,,,,
pfllewe72,,adam ,in agro ,damasceno ,,formatus ,,et ,,in ,,paradisum ,,unde ,quatuor ,flumina ,oriuntur ,,translatus ,s in paradisum ,uoluptatis ,in ,deliciarum ,,,,,,,,cum ,femine ,de ,costa ,,dormientis ,facte ,a domino ,,,eua ,nomine ,sicut ,et ,,ceteris ,rebus ,imposito ,,,de ,christo ,et ,,ecclesia ,prophetasset ,,,,,,,,,et ,eidem ,,,de ,comedendo ,,pomo ,a domino prohibito ,,acquieuisset ,propter ,,disconuenientiam ,nuditatis ,facte ,,factis ,est ,perizomatibus ,,de ,foliis ficus ,de paradiso cum ea ,a domino ,est ,,eiectus ,et ante paradisi ,portam ,cherubyn ,,,cum ,flammeo ,gladio ,collocatis ,,,post ,increpationem ,accepit ,in ,maledicte ,ut ,de ,terra ,maledicta ,einas ,et ,tribulos ,germmante ,insudore ,,uultus ,sui ,panem ,quo ,nestatur ,acquiratur ,anno uite ade  ,adam  ,anno uite sue genuit ,caym ,et ,30 anno genuit abel est 230 ,genuit ,seth ,caym ,,,,,,agricola ,dolens ,,sua ,munera ,et ,non ,,fratris ,,fuisse ,,,a ,domino ,reprobata ,licet ,ceteris ,a ,domino ,reprobata ,increpatus ,non ,tamen ,fratrem ,sui ,,abel ,septiformi ,peccato ,interfecit ,,,,,,,,,postea ,,uagus ,,,et ,instabilis ,super ,terram ,,,,,,,,,,,,,,,,factus ,,,postquam ,,a ,domino ,est ,maledictus ,,,,,,,,,,,,,,,,istum ,seth ,genuit ,,,,,,,,adam  ,,,,,,sue ,anno ,quorum ,tamen ,,c ,,pretermisit ,moyses ,quibus ,,adam ,et eua ,luxerunt ,filium ,abel  ,quo ,seth ,filii dei des cen ,,,,et  ,tempus uite ,,seth ,fiatciianni  ,seth ,infit du,,
mbscgm564,,adam ,wart geschaffen auf ainem acker ze damasco und wart gesetzet ,,,,,,,in ,das paradis davon vier wasser flissent geon  ,,,,,,,,,,phison ,nilus ,,,,,,,,eufrates ,,,,,,,,,,,,,,,,,,,,,,,,,,,,,,,,,,,,,,,,,,,,,,,,,,,,,,,da ,machet got evam von adams rippe do er slieff und gab ,,,,,,,,,,,,,,,,,,,,,,,,,,,,,,,,,,,,,,,,,,,,,,,,,,,,,,,,,,,,,,,,,,,,,,,,,,,,,,,,,,,,,,,,,,,,,,,,,,,,,,,,,,,,,,,,,,,,,,,,,,,,,,,,,,adam ,allen dingen namen und weissaget von got und von der heiligen cristenhait und do ,,,,,,,,,,,,,,,,,,,adam ,einen  gehorsam nart  das er den appfel as da schamten sie sich das sie nakent waren und namen kosten  fr sich da wurden sie gesetzet ausz dem paradise,,,,,,,,,,,,,,,,,,,,,,,,,,,,,,,,,,,
mbsclm8201,,adam ,in agro ,damasceno ,,formatus ,,et ,,in ,paradysum ,,,unde ,quatuor ,flumina ,oriuntur ,,translatus ,,,,,,,,,,,,cum ,femine ,de ,costa ,,dormientis ,facte ,eue ,,nomine ,,imposito ,sicut ,et ,,ceteris ,rebus ,,,,de ,christo ,et ,,ecclesia ,prophetasset ,,,,,,,,,et ,eidem ,,,de ,comedendo ,,pomo ,,,acquieuisset ,,pro ,disconuenientia ,nuditatis ,,,factis ,,perizomatibus ,,,,,a domino ,de ,paradyso ,,,collocatis ,cherubyn ,,,et ,,,flammeo ,,,,,,,,,,,maledicta ,,,,,insudore ,,uultus ,,panem ,acquiritur ,cain ,,,,,,,,,,,,,,,,agricola ,dolens ,,sua ,munera ,et ,non ,,fratris ,,fuisse ,,,,,reprobata ,licet ,,a ,domino ,,increpatus ,,,fratrem ,,suum ,,septiformi ,peccato ,interfecit ,qui ,,,,,,,,postea ,,uagus ,,,et ,instabilis ,super ,terram ,,,,,,,,,,,,,,,,factus ,est ,,postquam ,,a ,domino ,est ,maledictus ,,,,,,,,,,,,,,,,istum ,seth ,genuit ,,,,,,,,adam ,cc ,,xxx ,anno ,etatis ,sue ,,quorum ,tamen ,,centum ,,pretermisit ,moyses ,quibus ,,adam ,luxit ,,,,,,,,,abel,,,,,,,,,
vbapallat963,,adam ,in agro ,damasceno ,,formatus ,,et ,,in ,,paradisum ,,unde ,iiiior ,flumina ,oriuntur ,,translatus ,,,,,,,,,,,,cum ,femine ,de ,costa ,,dormientis ,facte ,eua ,,nomine ,,imposito ,sicut ,et ,,ceteris ,rebus ,,,,,,,de ,ecclesia ,,,,,,,et ,christo ,prophetasset ,et ,eidem ,,,de ,comedendo ,,pomo ,,,acquieuisset ,,pro ,disconuenientia ,nuditatis ,,,factis ,peryzomatibus ,,,,,,a domino ,de ,pardiso ,,,collocatis ,,,cherubin ,et ,flammeo ,gladio ,,et ,,post ,increpationem ,,abiectus ,,,de ,terra ,maledicta ,,,,,insudore ,,uultus ,,panem ,aquit ,,,,,,,,,,,chaym ,,,,,,agricola ,dolens ,,sua ,munera ,et ,non ,,fratris ,,fuisse ,,,,,reprobata ,licet ,,a ,domino ,,increpatus ,,,fratrem ,,suum ,,septiformi ,peccato ,interfecit ,qui ,,,,,,,,postea ,,uagus ,,,et ,instabilis ,super ,terram ,,,,,,,,,,,,,,,,factus ,est ,,postquam ,,a ,domino ,est ,maledictus ,,,,,,,,,,,,,,,,istum ,seth ,genuit ,,,,,,,,adam ,ccxxx ,,,anno ,etatis ,sue ,,quorum ,tamen ,,centum ,pretimisit ,,moyses ,quibus ,,adam ,luxit ,,,,,,,,,abel,,,,,,,,,
ctcb155,,adam ,in agro ,damasceno ,,formatus ,,et ,,in ,,paradisum ,,unde ,iiiior ,flumimina ,oriuntur ,,translatus ,,,,,,,,,,,,cum ,femine ,de ,costa ,,dormientis ,facte ,,,,,nomine ,sicut ,et ,,ceteris ,rebus ,imposito ,,,de ,christo ,et ,,ecclesia ,,,,,,,,,prophetasset ,,,,,,,,,,,,,pro ,disconuenientia ,nuditatis ,,,factis ,,perizomatibus ,,,,,a domino ,de ,paradiso ,,,collocatis ,,,cherubin ,et ,flammeo ,gladio ,,,,post ,increpationem ,,abiectus ,,,de ,terra ,maledicta ,,,,,insudore ,,uultus ,sui ,panem ,adquirit ,chaim ,,,,,,,,,,,,,,,,agricola ,dolens ,,sua ,munera ,et ,non ,,fratris ,,fuisse ,,,,,reprobata ,licet ,,a ,domino ,,increpatus ,,,fratrem ,,,,septiformi ,peccato ,interfecit ,,,,,,,,,postea ,,uagus ,,,et ,instabilis ,super ,terram ,,,,,,,,,,,,,,,,factus ,,,postquam ,,a ,domino ,,maledictus ,iustum ,,,,,,,,,,,,,,,,seth ,genuit ,,,,,,,,adam ,ccxxx ,,,anno ,etatis ,sue ,,quorum ,tamen ,,c ,,pretermittit ,moyses ,quibus ,,adam ,luxit ,,,,,,,,,abel,,,,,,,,,
won1548,c ,adam ,in agro ,damasceno ,,formatus ,,,,in ,,paradisum ,,unde ,iiiior ,flumina ,oriuntur ,,translatus ,,,,,,,,,,,,cum ,femine ,de ,costa ,,dormientis ,facte ,,,,,nomine ,sicut ,et ,,ceteris ,rebus ,imposito ,,,de ,christo ,et ,,ecclesia ,,,,,,,,,prophetasset ,et ,eidem ,,,de ,comedendo ,,pomo ,,adquieuisset ,,,pro ,disconuenientia ,nu ditatis ,,,factis ,perysomatibus ,,,,,,a domino ,de ,paradiso ,colloca ,tis ,,,,cherubin ,,flammeo ,gladio ,,,,post ,increpationem ,ab iectus ,,,,de ,terra ,maledicta ,,,,,insudore ,,uultus ,,panem ,adquisiuit ,chaim ,,,,,,,,,,,,,,,,,dolens ,,sua ,munera ,et ,non ,,fratris ,,fuisse ,,,,,reprobata ,licet ,,a ,domino ,,increpatus ,,,fratrem ,,,,septiformi ,pec cato ,interfecit ,,,,,,,,,postea ,hoc ,uagus ,et ,instab ilis ,,,super ,terram ,,,,,,,,,,,,,,,,factus ,est ,,postquam ,,a ,domino ,,maledictus ,,,,,est ,c ,,,,,,,,,,istum ,seth ,genuit ,,,,,,,,adam ,cc ,,xxx ,,etatis ,sue ,anno ,quorum ,tamen ,,centum ,,pretermittit ,moyses ,quibus ,,adam ,luxit ,,,,,,,,,abel,,,,,,,,,
abs128,,adam ,in agro ,damasceno ,,formatus ,,et ,,in ,parady ,sum ,,unde ,iiiior ,flumina ,oriuntur ,,translatus ,,,,,,,,,,,,cum ,femine ,de ,coste ,,,,,dormientis ,,eua ,nomine ,sicut ,et ,,ceteris ,rebus ,imposito ,,,de ,christo ,et ,,ecclesia ,,,,,,,,,prophetasset ,et ,eidem ,decomedendo ,,,,,pomo ,,,acquieuisset ,,pro ,disconuenientia ,nuditatis ,peryzo ,,,,matibus ,factis ,,,,a domino ,de ,paradyso ,collatis ,,,,,cherubin ,et ,flam meo ,gladio ,,,,post ,increpationem ,,abiectus ,,,de ,terra ,male dicta ,,,,,insudore ,,uultus ,sui ,panem ,adquiritur ,chayn ,,,,,,,,,,,,,,,,agricola ,dolens ,,sua ,munera ,et ,non ,,fratris ,,fuisse ,,,,,reprobata ,licet ,,a ,domino ,,increpatus ,,,fratrem ,,suum ,,septiformi ,peccato ,interfecit ,qui ,,,,,,,,postea ,,uagus ,,,et ,instabilis ,super ,terram ,positus ,,,,,,,,,,,,,,,,est ,,postquam ,,a ,domino ,est ,maledictus ,,,,,,,,,,,,,,,,istum ,seth ,,,,,,,,,,ducentesimo ,,xxx ,anno ,etatis ,sue ,,quorum ,tamen ,,c ,,pretermisit ,moyses ,quibus ,,adam ,luxit ,,,,,,,,,abel,,,,,,,,,
nblmar26,,adam ,in agro ,damasceno ,,formatus ,,et ,,in ,,paradisum ,,unde ,iiiior ,flumina ,oriuntur ,,translatus ,,,,,,,,,,,,cum ,femine ,de ,costa ,,dormientis ,facte ,,,,,nomine ,sicut ,et ,,ceteris ,rebus ,imposito ,,,de ,christo ,et ,,ecclesia ,,,,,,,,,prophetasset ,et ,eidem ,,,de ,comedendo ,,pomo ,,,acquieuisset ,,pro ,disconuenientia ,nuditatis ,,,factis ,,perizomatibus ,,,,,a domino ,de ,paradyso ,,,collocatis ,,,cherubim ,et ,flammeo ,gladio ,,,,post ,increpationem ,,abiectus ,,,de ,terra ,maledicta ,,,,,insudore ,,uultus ,,panem ,acquiritur ,chain ,,,,,,,,,,,,,,,,agricola ,dolens ,,sua ,munera ,et ,non ,,fratris ,,fuisse ,,,,,reprobata ,licet ,,a ,domino ,,increpatus ,,,fratrem ,,,,septiformi ,peccato ,interfecit ,,,,,,,,,postea ,,uagus ,,,et ,instabilis ,super ,terram ,,,,,,,,,,,,,,,,factus ,,,postquam ,,a ,domino ,est ,maledictus ,,,,,,,,,,,,,,,,istum ,seth ,genuit ,,,,,,,,adam ,ccxxx ,,,anno ,etatis ,sue ,,quorum ,tamen ,,c ,,pretermittit ,moyses ,quibus ,,adam ,luxit ,,,,,,,,,abel,,,,,,,,,
mjrgast2037,,adam ,in agro ,damasceno ,,formatus ,,et ,,in ,,paradisum ,,unde ,quatuor ,flumina ,oriuntur ,,translatus ,,,,,,,,,,,,cum ,,de ,costa ,dormientis ,femine ,facte ,,,nomine ,inposito ,,sicut ,et ,,ceteris ,rebus ,,,,de ,christo ,et ,,ecclesia ,,,,,,,,,prophetasset ,et ,eidem ,femine ,,de ,comedendo ,,pomo ,,adquieuisset ,,,pro ,disconuenientia ,nuditatis ,,,factis ,,perizomatibus ,,,,,a domino ,de ,paradiso ,,,collocatis ,,,cherubin ,et ,flammeo ,gladio ,,,,post ,increpationem ,eiectus ,,,,de ,terra ,maledicta ,,,,,insudore ,,uultus ,,panem ,adquiritur ,,,,adam ,interpretatur rubeus ,,,,,,caym ,,,,,,agricola ,dolens ,,sua ,munera ,et ,non ,,fratris ,,fuisse ,,,,,reprobata ,licet ,in ,,domino ,,increpatus ,,,fratrem ,,,,septiformi ,peccato ,interfecit ,,,,,,,,et ,postea ,,uagus ,,,et ,instabilis ,super ,terram ,,,,,,,,,,,,,,,,factus ,est ,,postquam ,,a ,domino ,est ,maledictus ,,,,,,,,,,,,,,,,,seth ,genuit ,,,,,,,,adam ,ducentesimo ,tricesimo ,,anno ,etatis ,sue ,,quorum ,tamen ,,centum ,,pretermisit ,moyses ,quibus ,,adam ,luxit ,,,,,,,,,abel,,,,,,,,,
tburps75iii,,adam ,in agro ,damasceno ,,formatus ,,et ,,in ,,paradisum ,,unde ,iiiior ,,oriuntur ,flumina ,translatus ,,,,,,,,,,,,cum ,femine ,de ,costa ,,dormientis ,facte ,,,,,nomine ,sicut ,et ,,ceteris ,rebus ,imposito ,,,de ,christo ,et ,,ecclesia ,,,,,,,,,prophetasset ,,,,,,,,,,,,,pro ,disconuenientia ,nuditatis ,,,,,perizomatibus ,,,,,a domino ,de ,paradiso ,,,collocatis ,cherubym ,,,et ,flammeo ,gladio ,,,,post ,increpationem ,,abiectus ,,,de ,terra ,maledicta ,,,,,insudore ,,uultus ,,panem ,acquiritur ,cayn ,,,,,,,,,,,,,,,,agricola ,dolens ,,sua ,munera ,et ,non ,,fratris ,,,reprobata ,fuisse ,,,,licet ,,a ,domino ,,increpatus ,,,fratrem ,,,,septiformi ,peccato ,interfecit ,,,,,,,,,,,uagus ,,,et ,instabilis ,super ,terram ,,,,,,,,,,,,,,,,factus ,,,postquam ,est ,a ,domino ,,maledictus ,,,,,,,,,,,,,,,,istum ,seth ,genuit ,,,,,,,,adam ,ccxxx ,,,anno ,etatis ,sue ,,quorum ,tamen ,,centum ,,pretermisit ,moyses ,quibus ,,adam ,luxit ,,,,,,,,,abel,,,,,,,,,
won378,,adam ,in agro ,damasceno ,,formatus ,,et ,,in ,,paradisum ,,unde ,iiiior ,flumina ,oriuntur ,,translatus ,,,,,,,,,,,,cum ,femine ,de ,costa ,,dormientis ,facte ,,,,,nomine ,sicut ,et ,,ceteris ,rebus ,imposito ,,,de ,christo ,et ,,ecclesia ,,,,,,,et ,ecclesia ,prophetasset ,et ,eidem ,,,de ,comedendo ,,pomo ,,,acquieuisset ,,pro ,discon uenientia ,nuditatis ,,,factis ,,perizomatibus ,,,,,a domino ,,paradiso ,,,collocatis ,,,cherubin ,et ,flammeo ,gladio ,,,,post ,increpationem ,,abiectus ,,,de ,terra ,maledicta ,,,,,insudore ,,uultus ,,panem ,acquirit ,cain ,,,,,,,,,,,,,,,,agricola ,dolens ,,sua ,munera ,et ,non ,,fratris ,,,,fuisse ,,,reprobata ,licet ,,a ,domino ,,increpatus ,,,fratrem ,,,,septiformi ,peccato ,inter fecit ,,,,,,,,,postea ,,uagus ,,,et ,instabilis ,super ,terram ,,,,,,,,,,,,,,,,factus ,,,postquam ,,a ,domino ,est ,maledictus ,,,,,,,,,,,,,,,,istum ,seth ,genuit ,,,,,,,,adam ,cc ,,xxx ,anno ,etatis ,sue ,,quorum ,tamen ,,c ,,pretermittit ,moyses ,quibus ,,adam ,luxit ,,,,,,,,,abel,,,,,,,,,
fbrricc236,,adam ,in agro ,damasceno ,,formatus ,,et ,,in ,,paradisum ,,unde ,iiiior ,flumina ,oriuntur ,,translatus ,,,,,,,,,,,,cum ,femine ,de ,costa ,,dormientis ,facte ,,,,,nomine ,sicut ,et ,,ceteris ,rebus ,imposito ,,,de ,christo ,,,,,,,,,,et ,ecclesia ,prophetasset ,et ,eidem ,,,de ,comedendo ,,pomo ,,,acquieuisset ,,pro ,disconuenientia ,nuditatis ,,,factis ,,perizomatibus ,,,,,a domino ,de ,paradiso ,,,collocatis ,,,cherubin ,et ,flammeo ,gladio ,,,,post ,increpationem ,,abiectus ,,,de ,terra ,maledicta ,,,,,,,uultus ,,panem ,acquiritur ,cayn ,,,,,,,,,,,,,,,,agricola ,dolens ,,sua ,munera ,et ,non ,,fratris ,,,,fuisse ,esse ,,reprobata ,licet ,,a ,domino ,,increpatus ,,,fratrem ,,,,septiformi ,peccato ,interfecit ,,,,,,,,,postea ,,uagus ,,,et ,instabilis ,super ,terram ,,,,,,,,,,,,,,,,factus ,,,postquam ,,a ,domino ,est ,maledictus ,,,,,,,,,,,,,,,,istum ,seth ,genuit ,,,,,,,,adam ,ducentesimo ,tricesimo ,,,etatis ,sue ,anno ,quorum ,tamen ,,centum ,,pretermittit ,moyses ,quibus ,,adam ,luxit ,,,,,,,,,abel,,,,,,,,,
gflchaa4,,adam ,in agro ,damasceno ,gen ii ,formatus ,,et ,,in ,,paradisum ,,unde ,quatuor ,flumina ,oriuntur ,,translatus ,,,,,,,,,,,,cum ,femine ,de ,costa ,,dormientis ,facte ,eua ,,nomine ,imposita ,,sicut ,et ,,ceteris ,rebus ,,,,,,,,,,de ,rebus ,,de ,christo ,et ,ecclesia ,prophetasset ,et ,eidem ,iii ,,de ,comedendo ,,pomo ,,,acquieuisset ,,pro ,disconuenientia ,nuditatis ,,,factis ,,perizomatibus ,,,,,a domino ,de ,paradiso ,,,collocatis ,cherubyn ,,,et ,flammeo ,gladio ,,postquam ,,,increpationem ,,abiectus ,,,de ,terra ,maledicta ,,,,,insudore ,,uultus ,,panem ,acquiritur ,prophat ,et ,de diliuu ,a ,futuro et ,,,,,,,,de ,iudicia pigno idem ragnot et liberus fluus postea nidicauit ,cayn ,iiii ,agricola ,dolens ,,sua ,munera ,et ,non ,,fratris ,,,,fuisse ,,,reprobata ,licet ,increpatus ,a ,domino ,,,,,fratrem ,,suum ,,septiformi ,peccato ,oraditur ,qui ,,,,,,,,postea ,,uagus ,,,et ,instabilis ,super ,terram ,,,,,,,,,,,,,,,,factus ,est ,,postquam ,,a ,domino ,est ,maledictus ,,istum ,seth ,iiii o ,,,,,,,,,,,,,,genuit ,,,,,,,,adam ,ccxxx ,,,anno ,etatis ,sue ,,quorum ,tamen ,,c ,,pretermisit ,moyses ,quibus ,,adam ,luxit ,,,,,,,,,abel,,,,,,,,,
aux145,,adam ,in agro ,damasceno ,,formatus ,,et ,,in ,paradi ,sum ,,unde ,iiiior ,flumina ,oriuntur ,,translatus ,dum ,,,,,,,,,,,,femine ,de ,costa ,,dormientis ,facte ,,,,,nomine ,sicut ,et ,,ceteris ,rebus ,imposito ,,,,,,,,,,,,de ,christo ,et ,ecclesia ,prophetasset ,et ,eidem ,,,de ,comedendo ,,pomo ,,,acquieuisset ,,pro ,inconuenientia ,nu ditatis ,,,factis ,,perizomatibus ,,,,,a domino ,de ,paradiso ,colloca ,tis ,,,,cherubin ,et ,flammeo ,gladio ,,,,post ,increpationem ,,abiectus ,,,de ,terra ,maledicta ,,,,,insudore ,,uultus ,,panem ,acquirit ,cahim ,,,,,,,,,,,,,,,,agricola ,dolens ,,sua ,munera ,et ,non ,,fratris ,,,,fuisse ,,,reprobata ,licet ,,a ,domino ,,increpatus ,,,fratrem ,,,,septiformi ,peccato ,interfecit ,,,,,,,,,postea ,,uagus ,,,et ,instabilis ,super ,terram ,,,,,,,,,,,,,,,,factus ,,,postquam ,,a ,do mino ,est ,maledictus ,,,,,,,,,,,,,,,,istum ,seth ,genuit ,,,,,,,,adam ,cc ,,xxx ,anno ,etatis ,sue ,,quorum ,tamen ,,c ,,pretermittit ,moyses ,quibus ,,adam ,luxit ,,,,,,,,,abel,,,,,,,,,
mbsclm314,,adam ,in agro ,damasceno ,,formatus ,,et ,,in ,paradysum ,,,unde ,iiiior ,flumina ,oriuntur ,,translatus ,,,,,,,,,,,,cum ,femine ,de ,costa ,,dormientis ,facte ,,,nomine ,,imposito ,sicut ,et ,,ceteris ,rebus ,,,,de ,christo ,,,,,,,et ,de ,,,ecclesia ,prophetasset ,et ,e ,,,de ,,,,comedendo ,poma ,acquieuisset ,,pro ,disconuenientia ,nuditatis ,,,factis ,,perizomatibus  ,,,,,,de ,paradyso ,,,collocatis ,cherubym ,,,et ,flammeo ,gladio ,,,,post ,increpationem ,,abiectus ,,,de ,terra ,maledictus ,,,,,insudore ,,uultus ,sui ,panem ,acquiritur ,cain ,,,,,,,,,,,,,,,,,dolens ,,sua ,munera ,et ,non ,,fratris ,,,,fuisse ,,,reprobata ,licet ,,a ,domino ,,increpatus ,,,fratrem ,,suum ,,septiformi ,peccato ,interfecit  ,,,,,,,,,postea ,,uagus ,,,et ,instabilis ,super ,terram ,posiens  ,,,,,,,,,,,,,,,,,,,,a ,domino ,est ,maledictus ,,,,,,,,,,,,,,,,istum ,seth ,genuit ,,,,,,,,adam ,ccxxx ,,,anno ,etatis ,sue ,,quorum ,tamen ,,centum ,,pretermisit ,moyses ,quibus ,,adam ,luxit ,,,,,,,,,abel,,,,,,,,,
akbwettf9,,adam ,in agro ,damasceno ,,formatus ,,et ,,in ,parady ,sum ,,unde ,quatuor ,flumina ,oriuntur ,trans latus ,,,,,,,,,,,,,cum ,femine ,de ,costa ,,dormientis ,facte ,,,,,nomine ,sicut ,et ,,ceteris ,,,,,,,,,,,,rebus ,imposuisset ,de ,christo ,et ,ecclesia ,prophetasset ,et ,eidem ,,,de ,,,,comedendo ,pomum ,acquieuisset ,et ,pro ,disconuenien tia ,nuditatis ,,,factis ,,perizomatibus ,,,,,a domino ,de ,paradyso ,,,collocatis ,,,cherubim ,et ,flameo ,gladio ,,,,post ,increpatio nem proiectus ,,,,,,,,in ,terram maledictam ,,,insudore ,,uultus ,,panem ,acquisiuit ,,,,,,caym ,,,,,,agri cola ,,,,,,dolens ,,sua ,munera ,et ,non ,frtris ,,,,,fuisse ,,,reprobata ,licet ,,a ,domino ,repro batus ,,,,fratrem ,,,,septiformi ,peccato ,interfecit ,,,,,,,,,postea ,ua gus ,,,,et ,instabilis ,super ,terram ,,,,,,,,,,,,,,,,factus ,,,postquam ,,a ,domino ,est ,male dictus ,,,,,,,,,,,,,,,,istum ,seth ,genuit ,,,,,,,,adam ,ccxxx ,,,anno ,etatis ,sue ,,quorum ,tamen ,,centum ,preter misit ,,moyses ,quibus ,,,luxit ,,,,,,,,,abel,,,,,,,,,
mbsclm2660,,adam ,in agro ,damasceno ,,formatus ,,et ,,in ,,paradisum ,,unde ,iiiior ,flumina ,oriuntur ,,translatus ,,,,,,,,,,,,cum ,femine ,de ,costa ,,dormientis ,facte ,,,,,nomine ,sicut ,et ,,ceteris ,rebus ,imposito ,,,,,,,,,,,,de ,christo ,et ,ecclesia ,prophetasset ,et ,eidem ,,,de ,comedendo ,,pomo ,,,acquieuisset ,,pro ,disconuenientia ,nudatus ,,,factis ,,perizomatibus ,,,,,a domino ,,paradiso ,,,collocatis ,,,cherubin ,et ,flammeo ,gladio ,,,,post ,increpationem ,,abiectus ,,,de ,terra ,maledicta ,,,,,insudore ,,uultus ,,panem ,acquirit ,,,,,,,,,,,,,,,cayn ,,agricola ,dolens ,,sua ,munera ,et ,non ,,fratris ,,,,fuisse ,,,reprobata ,licet ,,a ,domino ,,increpatus ,,,fratrem ,,,,septiformi ,peccato ,interfecit ,,,,,,,,,postea ,,uagus ,,,et ,instabilis ,super ,terram ,,,,,,,,,,,,,,,,factus ,,,postquam ,,a ,domino ,est ,maledictus ,,,,,,,,,,,,,,,,istum ,seth ,genuit ,,,,,,,,adam ,ccxxx ,,,anno ,etatis ,sue ,,quorum ,tamen ,,centum ,,pretermittit ,moyses ,quibus ,,adam ,luxit ,,,,,,,,,abel,,,,,,,,,
ctcb154,,,in agro ,damasceno ,,formatus ,,et ,,in ,,paradisum ,,unde ,iiiior ,flumina ,oriuntur ,,translatus ,de ,,,,,,,,,,,,femine ,,costa ,,dormientis ,facte ,,,,,nomine ,sicut ,et ,in ,ceteris ,,,,,,,,,,,,rebus ,impo ,de ,christo ,et ,ecclesia ,prophetasset ,et ,eidem ,,,de ,comedendo ,,pomo ,,adquieuisset ,,,pro ,disconuenientia ,nuditatis ,,,factis ,,perizomatibus ,,,,,a domino ,de ,paradiso ,,,collocatis ,,,cherubin ,et ,flammeo ,gladio ,,,,post ,increpationem ,,abiectus ,,,de ,terra ,maledicta ,,,,,insudore ,,uultus ,,panem ,adquirit ,,,,,,,,,,,chaym ,,,,,,agricola ,dolens ,,sua ,munera ,et ,non ,,fratris ,,,,fuisse ,,,reprobata ,licet ,,a ,domino ,,increpatus ,,,fratrem ,,,,septiformi ,peccato ,interfecit ,,,,,,,,,postea ,,uagus ,,,et ,instabilis ,super ,terram ,,,,,,,,,,,,,,,,factus ,,,postquam ,,a ,domino ,est ,maledictus ,,,,,,,,,,,,,,,,istum ,seth ,genuit ,,,,,,,,adam ,ccxxx ,,,anno ,etatis ,sue ,,quorum ,tamen ,,c ,,pretermittit ,moyses ,quibus ,,adam ,luxit ,,,,,,,,,abel,,,,,,,,,
no signature yet,voluptatis  ,,,,,,,,,,,,,,,,,,,,,,deliciarum,,,,,,,,,,,,,,,,,,,,,,,,,,,,,,,,,,,,,,,,,,,,,,,,,,,,,,,,,,,,,,,,,,,,,,,,,,,,,,,,,,,,,,,,,,,,,,,,,,,,,,,,,,,,,,,,,,,,,,,,,,,,,,,,,,,,,,,,,,,,,,,,,,,,,,,,,,,,,,,,,,,,,,,,,,,,,,,,,,,,,,,,,,,,,,,,,,,,,,,,,,,,,,,,,,,,,,,,,,,,,,,,,,,,,,,,,,,,,,,,,,,,,,,,,
mbsclm14969,,,,,,,,,,,,,,,,,,,,,,,,,,,,,,,,,,,,,,,,,,,,,,,,,,,,,,,,,,,,,,,,,,,,,,,,,,,,,,,,,,,,,,,,,,,,,,,,,,,,,,,,,,,,,,,,,,,,,,,,,,,,,,,,,,,,,,,,,,,,,,,,,,,,,,,,,,,,,,,,,,,,,,,,,,,,,,,,,,,,,,,,,,,,,,,,,,,,,,,,,,,,,,,,,,,,,,,,,,,,,,,,,,istum ,seth ,genuit ,,,,,,,,adam  ,,abel ,,anno ,230 ,sue ,etatis ,quorum  ,,,,,pretermittit ,moyses ,quibus ,,adam ,luxit ,,,,,,,,,abel,,,,,,,,,
pbnlat15637,,adam ,in agro ,damasceno ,,formatus ,,,,in ,paradysum ,,,unde ,iiiior ,flumina ,oriuntur ,,translatus ,,,,,,,,,,,,cum ,femine ,de ,costa ,,dormientis ,facte ,,,,,nomine ,sicut ,et ,,ceteris ,rebus ,,inposito ,,,,,,,,,,,de ,christo ,et ,ecclesia ,prophetasset ,et ,eidem ,,,de ,comedendo ,,pomo ,,,acquieuisset ,,pro ,disconuenientia ,nuditatis ,,,factis ,,perizomatibus ,,,,,a domino ,de ,paradyso ,,,collocatis ,,,cherubin ,,flammeo ,gladio ,,,,post ,increpationem ,,abiectus ,,,de ,terra ,maledicta ,,,,,insudore ,,uultus ,,panem ,adquiritur ,cain ,,,,,,,,,,,,,,,,agricola ,dolens ,,sua ,munera ,et ,non ,,fratris ,,,,fuisse ,,,reprobata ,licet ,,a ,domino ,,increpatus ,,,fratrem ,,,,septiformi ,peccato ,interfecit ,,,,,,,,,postea ,,uagus ,,,,,super ,terram ,,,,,,,,,,,,,,,,factus ,et ,instabilis ,postquam ,,a ,domino ,est ,maledictus ,,,,,,,,,,,,,,,,istum ,seth ,genuit ,,,,,,,,adam ,ccxxx ,,,anno ,etatis ,sue ,,quorum ,tamen ,,c ,tamen ,pretermittit ,moyses ,quibus ,,adam ,luxit ,,,,,,,,,abel,,,,,,,,,
aux146,,adam ,in agro ,damasceno ,,formatus ,,et ,,in ,,paradisum ,,unde ,iiiior ,flumina ,oriuntur ,,translatus ,dum ,,,,,,,,,,,,femine ,de ,costa ,,dormientis ,facte ,,,,,nomine ,sicut ,et ,,ceteris ,rebus ,imposito ,,,,,,,,,,,,de ,christo ,et ,ecclesia ,prophetasset ,et ,eidem ,,,de ,comedendo ,,pomo ,,,acquieuisset ,et ,pro ,inconuenientia ,nuditatis ,,,factis ,,perizomatibus ,,,,,a domino ,de ,paradiso ,,,collocatis ,,,cherubin ,et ,flammeo ,gladio ,,,,post ,increpationem ,abiectis ,,,,de ,terra ,maledicta ,,,,,insudore ,,uultus ,,panem ,acquirit  ,,,,,,,,,,,,,,,,,,,,,,,,,,,,,,,,,,,,,,,,,,,,,,,,,,,,,,,,,,,,,,,,,,,,,,,,,,,,,,,,,,,,,,,,,,,,,,,,,,,,,,,,istum ,seth ,genuit ,,,,,,,,adam ,cciiio ,,xxx ,anno ,etatis ,sue ,,quorum ,tamen ,,centum ,,pretermisit ,moyses ,quibus ,,adam ,luxit ,,,,,,,,,abel,,,,,,,,,
mlm4989,,adam ,in agro ,damasceno ,,formatus ,,et ,,in ,paradysum ,,,unde ,,flumina ,oriuntur ,,translatus ,,,,,,,,,,,,cum ,femine ,de ,costa ,,dormientis ,facte ,eua ,,nomine ,inposito ,,sicut ,et ,,ceteris ,,,,,,,,,,,,rebus ,,de ,christo ,et ,ecclesia ,prophetasset ,et ,eidem ,,,de ,comedendo ,,pomo ,,,acquieuisset ,,pro ,disconuenientia ,nuditatis ,,,factis ,perysomatibus ,,,,,,a domino ,de ,paradyso ,,,collocatis ,,,cherubin ,et ,flammeo ,gladio ,,,,post ,increpationem ,,abiectus ,,,de ,terra ,maledicta ,,,,,insudore ,,uultus ,,panem ,aquisiuitur ,,,,,,,,,,,,,,,cayn ,,agricola ,dolens ,,sua ,munera ,et ,non ,,fratris ,,,,fuisse ,,,reprobata ,licet ,,a ,domino ,fuisse ,increpatus ,,,fratrem ,,suum ,,septiformi ,peccato ,interfecit ,qui ,,,,,,,,postea ,,uagus ,,,,instabilis ,super ,terram ,,,,,,,,,,,,,,,,factus ,est ,,postquam ,,fuit ,,,,,,,,,,,a domino ,maledictus ,,,,,,,istum ,seth ,genuit ,,,,,,,,adam ,cc ,,xxx ,anno ,etatis ,sue ,,quorum ,tamen ,,c ,moyses ,pretermisit ,,quibus ,,adam ,luxit ,,,,,,,,,abel,,,,,,,,,
vbavatlat1972,,adam ,in agro ,damasceno ,,formatus ,,et ,,in ,paradi ,sum ,,unde ,quatuor ,flumina ,oriuntur ,,translatus ,,,,,,,,,,,,cum ,femine ,de ,costa ,,dormientis ,facte ,,,,,nomine ,sicut ,et ,,ceteris ,rebus ,imposito ,,,,,,,,,,,,de ,christo ,et ,ecclesia ,prophetasset ,et ,eidem ,,,de ,comedendo ,,pomo ,,,acquieuisset ,,pro ,disconuenientia ,nudaitatis ,,,,,,factis ,pery zomatibus ,,,a domino ,de ,paradiso ,colloquatis ,,,,,cherubin ,et ,flammeo ,gladio ,,,,post ,increpationem ,,abiectus ,,,de ,terra ,maledicta ,insudorem ,,,,,,uultus ,,panem ,adquirit ,caim ,,,,,,,,,,,,,,,,agricola ,dolens ,,sua ,munera ,et ,non ,,fratris ,,,reprobata ,fuisse ,,,,licet ,,a ,domino ,,increpatus ,,,fratrem ,,,,septiformi ,peccato ,in ,terfecit ,,,,,,,,postea ,,uagus ,,,et ,instabilis ,super ,terram ,,,,,,,,,,,,,,,,factus ,,,postquam ,,a ,domino ,,,,,,,est ,,,,maledictus ,,,,,,,istum ,seth ,genuit ,,,,,,,,adam ,cc ,,xxx ,anno ,etatis ,sue ,,quorum ,tamen ,,centum ,,pretermittit ,moyses ,quibus ,,adam ,luxit ,,,,,,,,,abel,,,,,,,,,
mbsclm28173,,adam ,in agro ,damasceno ,,formatus ,est ,ut ,,in ,paradysum ,,,unde ,4or ,flumina ,oriuntur ,,translatus ,,,,,,,,,,,,cum ,femine ,de ,costa ,,dormientis ,facte ,,,,,nomine ,sicut ,et ,,ceteris ,rebus ,imposito ,,,,,,,,,,,,de ,christo ,et ,ecclesia ,prophetasset ,et ,eidem ,,,de ,comedendo ,,pomo ,,,acquieuisset ,,pro ,disconuenientia ,nuditatis ,,,factis ,,perizomatibus ,,,,,a domino ,de ,paradiso ,,,collocatis ,,,cherubin ,et ,flammeo ,gladio ,,,,post ,increpationem ,,abiectus ,,,de ,terra ,maledicta ,,,,,insudore ,,uultus ,,panem ,acquiritur ,cham ,,,,,,,,,,,,,,,,agricola ,,,sua ,munera ,et ,non ,,fratris ,,,,fuisse ,,,reprobata ,licet ,,a ,domino ,,increpatus ,,,fratrem ,,,,septiformi ,peccato ,interfecit ,,,,,,,,et ,postquam ,,uagus ,,,et ,instabilis ,super ,terram ,,,,,,,,,,,,,,,,factus ,,,postquam ,adito ,,,,,,,,,est ,,,,maledictus ,,,,,,,istum ,seth ,genuit ,,,,,,,,adam ,230 ,,,anno ,etatis ,sue ,,quorum ,tamen ,,centum ,,pretermittit ,moyses ,quibus ,,adam ,luxit ,,,,,,,,,abel,,,,,,,,,
cmb183,,adam ,in agro ,damasceno ,,formatus ,,et ,,in ,,paradisum ,,unde ,4or ,flumina ,oriuntur ,,translatus ,,,,est ,scilicet ,gyon ,phison ,,tygris ,,eufrates ,cum ,femine ,de ,costa ,,dormientis ,facte ,eua ,,nomine ,,imposito ,sicut ,et ,,ceteris ,,,,,,,,,,,,rebus ,,de ,christo ,et ,ecclesia ,prophetasset ,et ,eidem ,,,de ,comedendo ,,pomo ,,adquieuisset ,,,pro ,disconueniencia ,nuditatis ,,,factis ,peryzomatibus ,,,,,,a domino ,de ,paradiso ,,,collocatis ,,,cherubim ,et ,flammeo ,gladio ,,,,post ,increpacionem ,eiectus ,,,,de ,terra ,maledicta ,in ,,sudore ,,,,uultus ,,panem ,adquirit ,,,,,,,,,,,,,,,,,,,,,,,,,,,,,,,,,,,,,,,,tamen ,postremo ,et ,minus peccauit quia ,,,,in ,imo ,,,,,,,,,,,,,,,,,,,scilicet ,uetitum commedit vnde quia ,,,,,,,,,,,,,,,in ,solo esu peccauit ,in ,labore sibi querendi edulii punitus ,,,,,,,est ,mulier ,post ,serpentem ,,,,,,et ,minus eo ,,,,,quia ,,,,in ,duobus scilicet superbiuit ,et ,uetitum commedit serpens prius ,et ,pius quia ,in ,tribus ,scilicet ,inuidit mentitus est ,,,,,,,,,,,,,,,,,,et ,decepit ,,et ,ideo etiam  reddite ,sunt ,ei mdcos,,,,,
bas4,,adam ,in agro ,damasceno ,,formatus ,,et ,,in ,,paradisum ,,unde ,iiiior ,flumina ,oriuntur ,,translatus ,,,,,,,,,,,,cum ,femine ,de ,costa ,,dormientis ,facte ,,,,,nomine ,sicut ,et ,,ceteris ,rebus ,imposito ,,,,,,,,,,,,de ,christo ,,ecclesia ,prophetasset ,et ,eidem ,decomedendo ,,,,,pomo ,,,acquieuisset ,,pro ,disconueni entia ,nuditatis ,,,factis ,,perizomatibus ,,,,,a domino ,de ,paradiso ,,,collocatis ,,,cherubin ,,flammeo ,gladio ,,,,post ,increpationem ,,abiectus ,,,de ,terra ,maledicta ,in ,,sudore ,,,,uultus ,,panem ,acquirit ,,,,,,,,,,,chaym ,,,,,,agricola ,dolens ,,sua ,munera ,et ,non ,,fratris ,,,,fuisse ,,,reprobata ,licet ,,a ,domino ,,increpatus ,,,fratrem ,septifor mi ,,,,peccato ,interfecit ,,,,,,,,,postea ,ua gus ,,,,et ,instabilis ,super ,terram ,,,,,,,,,,,,,,,,factus ,est ,,postquam ,,a ,domino ,est ,male dictus ,,,,,,,,,,,,,,,,istum ,seth ,genuit ,,,,,,,,adam ,cc ,,xxx ,annos ,etatis ,sue ,,quorum ,tamen ,,centum ,,pretermittit ,moyses ,quibus ,,,luxit ,,,,,,,,,abel,,,,,,,,,
lubapel1,,adam ,in agro ,damasceno ,,formatus ,,et ,,in ,,paradisum ,,unde ,quatuor ,flumina ,oriuntur ,,translatus ,,,,,,,,,,,,cum ,femine ,de ,costa ,,dormientis ,facte ,,,,,nomine ,sicut ,et ,,ceteris ,rebus ,imposito ,,,,,,,,,,,,de ,christo ,et ,ecclesia ,prophetasset ,et ,eidem ,,,de ,comedendo ,,pomo ,,,acquieuisset ,,pro ,disconuenientia ,nuditatis ,,,factis ,,perizomatibus ,a deo ,post increpationem ,,,,de ,paradiso ,eiectus ,collocato ,,,,cherubin ,et ,flammeo ,gladio ,,,,,,,,,,de ,terra ,maledicta ,in ,,sudore ,,,,uultus ,sui ,panem ,acquirit et legitur triginta filios habuisse et totidem filias pater ,chayn ,et ,abel in ihrusalem obiit in loco calvarie aliquam diu sepultus requievit deinde ,in ,hebron translatus ,in ,terram ,,,,,,de ,qua sumptus est rediit item  continues   nonam eiusdem diei de paradiso eiectus ,cayn ,,agricola ,dolens ,,sua ,munera ,et ,non ,,fratris ,,,,fuisse ,,,reprobata ,licet ,,a ,domino ,,increpatus ,,,fratrem ,,,,septiformi ,peccato ,interfecit ,quam ,non recte ,diuiste ,dolo ,uocauit ocudit ,,negauit ,despauit ,postea ,factus ,instabilis super ,terram ,a domino ,,est ,maledictus ,istum seth genuit adam ducentesimo xxx etatis sue anno ,,,,,quorum tamen ,,centum ,pretermisit moyses ,quibus adam luxit ,abel ,abel ,filius ,,,adam ,,et ,pastor ouin ,in ,vita inocens ,in ,morte pacies ,,,,,,,,,post ,morte non silens nirio ,,,,,,,,in ,sacrificio do placens ,,,,,in ,meitis fratri displutes que cayn ipi ,,,et ,friada nouustra stimulante inadatoa sanguine postrauit ,abel ,xxx ,anoque ,,,,a ,fratre cayn oraditur in damasco,,,,,,,,,,,,,,,,,,,,,,,,,,,
pbnlat15254,,adam ,in agro ,damasceno ,,formatus ,,et ,,in ,,paradisum ,,unde ,iiior ,flumina ,oriuntur ,,translatus ,,,,,,,,,,,,cum ,femine ,de ,costa ,,dormientis ,facte ,eua ,,nomine ,,imposito ,sicut ,et ,,ceteris ,,,,,,,,,,,,rebus ,,de ,christo ,et ,ecclesia ,prophetasset ,et ,eidem ,,,de ,comedendo ,,pomo ,,,acquieuisset ,,pro ,disconuenientia ,nuditatis ,,,factis ,,perizomatibus ,,,,,a domino ,de ,paradiso ,,,collocatis ,,,cherubin ,et ,flammeo ,gladio ,,,,post ,increpationem ,,abiectus ,,,de ,terra ,maledicta ,,,,,insudore ,,uultus ,,panem ,adquiritur ,,,,,,,,,,,chaym ,,,,,,agricola ,dolens ,,sua ,munera ,et ,non ,,fratris ,,,,fuisse ,,,reprobata ,licet ,,a ,domino ,,increpatus ,,,fratrem ,,suum ,,septiformi ,peccato ,interfecit ,qui ,,,,,,,,postea ,,uagus ,,,et ,instabilis ,super ,terram ,,,,,,,,,,,,,,,,factus ,est ,,postquam ,,a ,domino ,,,,,,,est ,,,,maledictus ,,,,,,,istum ,seth ,genuit ,,,,,,,,adam ,ducentesimo ,xxxmo ,,anno ,etatis ,sue ,qurorum ,,tamen ,,centum ,,pretermisit ,moyses ,quibus ,,adam ,luxit ,,,,,,,,,abel,,,,,,,,,
lbladd606281,,adam ,in agro ,damasceno ,,formatus ,,et ,,in ,,paradisum ,,unde ,quatuor ,flumina ,oriuntur ,,translatus ,,,,,,,,,,,,cum ,,de ,costa ,,femine ,facte ,ipsius ,dormientis ,nomine ,eua ,imposito ,,,ceteris ,qui ,rebus ,impositis nominibus ,,,,,,,,,,,,de ,christo ,et ,ecclesia ,prophetasset ,et ,eidem ,femine ,,de ,comedendo ,,pomo ,,,acquieuisset ,,pro ,disconueniencia ,nuditatis ,sue ,statim agnite ,factis ,periozomatibus ,,,de ,foliis ficus ,,a domino ,de ,paradiso ,eiectus ,post increpationem ,collocatis ,in ,aditu ,cherubin ,cum ,,gladio ,flammeo ,et ,uersatili ,,,,,,,de ,terra ,maledicta ,,,,,insudore ,,uultus ,et labore manuum ,panem ,acquiritur ,,,,,,,,,quod ,,et ,toti posteritati reliquitur ,de ,sententia primo mulieri illata ,caym ,,agricola ,dolens ,munera ,sua ,,et ,non ,,fratris ,,,reprobata ,fuisse ,a ,domino ,,licet ,,a ,domino ,,increpatus ,,,fratrem ,,suum ,,septiformi ,peccato ,interfecit ,qui ,,,,,,,,postea ,,uagus ,,,et ,instabilis ,super ,terram ,,,,,,,,,,,,,,,,factus ,est ,,postquam ,,a ,domino ,est ,maledictus ,accepit urorem ,f ,fororem ,suam ,calmana ,stum ,,,,,,,,,,,seth ,genuit ,,,,,,,,adam ,ducentesimo ,,,anno ,etatis ,sue ,,quorum ,tamen ,,c ,annos ,pretermisit ,moyses ,quibus ,,adam ,luxit ,abel ,filium ,suum ,octisum flam legitur quod ,toto ,ipe ,luctus ,siu ,,non ,cognouit ,adam ,urore suam iste ,,seth ,accepit delboram fororam ,suam ,in urorem
cma1973,,adam ,in agro ,damasceno ,,formatus ,,et ,,in ,paradysum ,,,unde ,iiii ,flumina ,oriuntur ,,translatus ,,,,,,,,,,,,cum ,femine ,de ,costa ,,dormientis ,facte ,eua ,,nomine ,,imposito ,sicut ,et ,,ceteris ,,,,,,,,,,,,rebus ,,de ,christo ,et ,ecclesia ,prophetasset ,et ,eidem ,,,de ,comedendo ,,pomo ,,,acquieuisset ,,pro ,disconuenientia ,nuditatis ,,,factis ,,perizomatibus ,,,,,a domino ,de ,paradiso ,,,collocatis ,,,cherubin ,et ,flammeo ,gladio ,,,,post ,increpationem ,,abiectus ,,,de ,terra ,maledicta ,,,,,insudore ,,uultus ,,panem ,adquiritur ,,,,,,,,,,,chaym ,,,,,,agricola ,dolens ,,sua ,munera ,et ,non ,,fratris ,,,,fuisse ,,,reprobata ,licet ,,a ,domino ,,increpatus ,,,fratrem ,,suum ,,septiformi ,peccato ,interfecit ,qui ,,,,,,,,postea ,,uagus ,,,et ,instabilis ,super ,terram ,,,,,,,,,,,,,,,,factus ,est ,,postquam ,,a ,domino ,,,,,,,est ,,,,maledictus ,,,,,,,istum ,seth ,genuit ,,,,,,,,adam ,ccxxx ,,,anno ,etatis ,sue  ,,quorum ,tamen ,,c ,,pretermisit ,moyses ,quibus ,,adam ,luxit ,,,,,,,,,abel,,,,,,,,,
pbnlat297,,adam ,in agro ,damasceno ,,formatus ,,et ,,in ,,paradisum ,,unde ,iiii ,flumina ,oriuntur ,,translatus ,,,,,,,,,,,,cum ,femine ,de ,costa ,,dormientis ,facte ,,,,,nomine ,sicut ,et ,,ceteris ,rebus ,imposito ,,,,,,,,,,,,de ,christo ,et ,ecclesia ,prophetasset ,et ,eidem ,,,de ,comedendo ,,pomo ,,,acquieuisset ,,pro ,disconuenientia ,nuditatis ,,,factis ,peryzomatibus ,,,,,,a domino ,de ,paradiso ,,,collocatis ,,,cherubin ,et ,flammeo ,gladio ,,,,post ,increpationem ,,abiectus ,,,de ,terra ,maledicta ,,,,,insudore ,,uultus ,,panem ,acquiritur ,chayn ,,,,,,,,,,,,,,,,agricola ,dolens ,,sua ,munera ,et ,non ,,fratris ,,,,fuisse ,,,reprobata ,licet ,,a ,domino ,,increpatus ,,,fratrem ,,,,septiformi ,peccato ,interfecit ,,,,,,,,,postea ,,uagus ,,,,instabilis ,super ,terram ,,,,,,,,,,,,,,,,factus ,,,postquam ,,a ,domino ,est ,maledictus ,i ,,,,,stum ,,,,,,,,,,,seth ,genuit ,,,,,,,,adam ,ccxxx ,,,anno ,etatis ,sue ,,quorum ,tamen ,,c ,,pretermisit ,moyses ,quibus ,,adam ,luxit ,,,,,,,,,abel,,,,,,,,,
ccc29,,adam ,in agro ,damasceno ,,formatus ,,et ,,in ,para ,dysum ,,unde ,iiiior ,flumina ,oriuntur ,,translatus ,,,,,,,,,,,,cum ,femine ,de ,costa ,,dormientis ,facte ,no mine ,,,,,sicut ,et ,,ceteris ,,,,,,,,,,,,rebus ,imposita ,de ,christo ,et ,ecclesia ,prophetasset ,et ,eidem ,,,de ,comedendo ,,pomo ,acquie uisset ,,,,pro ,disconuenientia ,nuditatis ,,,,,,factis ,perizom atibus ,,,a domino ,de ,paradyso ,,,collocatis ,cherubym ,,,et ,flam meo ,gladio ,,,,post ,increpationem ,,abiectus ,,,de ,terra ,maledicta ,,,,,insudore ,,uultus ,,panem ,acquiritur ,chaim ,,,,,,,,,,,,,,,,agricola ,dolens ,,sua ,munera ,et ,non ,,fratris ,,,,fuisse ,,,reprobata ,licet ,,a ,domino ,,increpatus ,,,fratrem ,,,,septiformi ,peccato ,interfecit ,,,,,,,,,postea ,,uagus ,,,et ,instabilis ,super ,terram ,,,,,,,,,,,,,,,,factus ,,,postquam ,,a ,domino ,est ,male dictus ,,,,,,,,,,,,,,,,istum ,seth ,genuit ,,,,,,,,adam ,ccxxx ,,,anno ,etatis ,sue ,,quorum ,tamen ,,c ,,pretermittit ,moyses ,quibus ,,adam ,luxit ,,,,,,,,,abel,,,,,,,,,
lblcotvitciii,,,,,,,,,,,,,,,,,,,,,,,,,,,,,,,,,,,,,,,,,,,,,,,,,,,,,,,,,,,,,,,,,,,,,,,,,,,,,,,,,,,,,,,,,,,,,,,,,,,,,,,,,,,,,,,,,,,,,,,,,,,chaim ,,,,,,,,,,,,,,,,agricola ,dolens ,,sua ,munera ,et ,non ,,fratris ,,,,,esse ,,reprobata ,licet ,,a ,domino ,,increpatus ,,,fratrem ,,,,septiformi ,peccato ,interfecit ,,,,,,,,,postea ,,uagus ,et ,instabilis ,factus ,,super ,terram ,,,,,,,,,,,,,,,,,,,postquam ,,,,,,,,,,,,,a domino ,maledictus ,,,,,,,istum ,seth ,genuit ,,,,,,,,adam ,ccxxx ,,,anno ,etatis ,sue ,,quorum ,tamen ,,c ,,pretermisit ,moyses ,quibus ,,adam ,luxit ,,,,,,,,,abel,,,,,,,,,
bun762,,adam ,in agro ,damasceno ,,formatus ,,et ,,in ,para ,disum ,,unde ,iiiior ,flumina ,oriuntur ,,translatus ,,,,,,,,,,,,cum ,femine ,de ,costa ,,dormientis ,facte ,,,,,nomine ,sicut ,et ,,ceteris ,rebus ,imposito ,,,,,,,,,,,,de ,christo ,et ,ecclesia ,prophetasset ,et ,eidem ,,,de ,comedendo ,,pomo ,,,acquieuisset ,,pro ,disconuenientia ,nuditatis ,,,factis ,,perizomatibus ,,,,,a domino ,de ,paradiso ,,,collocatis ,,,cherubin ,et ,flammeo ,gladio ,,,,post ,increpationem ,,abiectus ,,,de ,terra ,maledicta ,in ,,sudore ,,,,uultus ,,panem ,acquirit  ,,,,,,,,,,,,,,,caym ,,agricola ,dolens ,,sua ,munera ,et ,non ,,fratris ,,,,,esse ,,reprobata ,licet ,,a ,domino ,,increpatus ,,,fratrem ,septi formi ,,,,peccato ,interfecit ,,,,,,,,,postea ,,uagus ,,,et ,instabilis ,super ,terram ,,,,,,,,,,,,,,,,factus ,,,postquam ,,a ,domino ,,,,,,,est ,,,,maledictus  ,,,,,,,istum ,seth ,genuit ,,,,,,,,adam ,cc ,,xxx ,anno ,etatis ,sue ,,quorum ,tamen ,,c ,,pretermittit ,moyses ,quibus ,,adam ,luxit ,,,,,,,,,abel,,,,,,,,,
hubsalix40,,adam ,in agro ,damasceno ,,formatus ,,et ,,in ,paradyso ,,,unde ,iiiior ,flumina ,oriuntur ,,translatus ,,,,,,,,,,,,cum ,femine ,de ,costa ,,dormientis ,facte ,,,,,nomine ,sicut ,et ,,ceteris ,rebus ,imposito ,,,,,,,,,,,,de ,christo ,et ,ecclesia ,prophetasset ,et ,eidem ,,,de ,comedendo ,,pomo ,,,acquieuisset ,,pro ,disconuenientia ,nuditatis ,,,factis ,peryzomatibus ,,,,,,a domino ,de ,paradyso ,colloca ,tis ,,,,cherubin ,et ,flammeo ,gladio ,,,,post ,increpationem ,,abiectus ,,,de ,terra ,maledicta ,,,,,insudore ,,uultus ,,panem ,acquiritur ,chaim ,,,,,,,,,,,,,,,,agricola ,dolens ,,sua ,munera ,et ,non ,,fratris ,,,,fuisse ,,,reprobata ,licet ,,a ,domino ,,increpatus ,,,fratrem ,,,,septiformi ,peccato ,interfecit ,,,,,,,,,postea ,,uagus ,et ,instabilis ,factus ,,super ,teram ,,,,,,,,,,,,,,,,,,post ,quam ,,a ,domino ,,,,,,,est ,,,,maledictus ,,,,,,,istum ,seth ,genuit ,,,,,,,,adam ,ccxxx ,,,anno ,etatis ,sue ,,quorum ,tamen ,,c ,,pretermittit ,moyses ,quibus ,,adam ,luxit ,,,,,,,,,abel,,,,,,,,,
pba1234,,adam ,in agro ,damasceno ,,formatus ,,et ,,in ,,paradisum ,,unde ,iiiior ,flumina ,oriuntur ,,translatus ,s in paradisum ,noluptatis ,,,,,,,,et  ,,cum ,femine ,de ,costa ,,dormientis ,facte ,a domino ,,,eua ,nomine ,sicut ,et ,,ceteris ,rebus ,imposito ,,,,,,,,,,,,de ,christo ,et ,ecclesia ,prophetasset ,et ,eidem ,,,de ,comedendo ,,pomo ,a domino prohibito ,,acquieuisset ,,pro ,disconuenientiam ,nuditatis ,sua ,,,,,factis ,,,,,,,,et ante paradisi ,post tam ,cherubyn ,,,et ,flammeo ,gladio ,collocato ,,,post ,increpationem ,accepio ,in ,maledicta ,ut ,de ,terra ,maledicta ,et  ,et ,tribulos ,germaniam ,insudore ,,uultus ,sin ,panem ,monestatur mitatus anni ante ,,,,a ,,,,,,,,,,,caym ,,agricola ,dolens ,,sua ,munera ,et ,non ,,fratris ,,,,fuisse ,a ,domino ,reprobata ,licet ,,a ,domino ,,increpatus ,non ,tamen ,fratrem ,smi ,,abel ,septiformi ,peccato ,interfecit ,,,,,,,,,postea ,,uagus ,,,et ,insstabilis ,super ,terram ,factis ,,,,,,,,,,,,,,,,,,postquam ,,a ,domino ,,,,,,,est ,,,,maledictus ,,,,,,,istum ,seth ,genuit ,,,,,,,,adam ,ccxxx ,inte ,,,,sue ,anno ,quorum ,tamen ,,centum ,,pretermisit ,moyses ,quibus ,,adam ,et eua ,luxit,,,,,,,,,,,,,,,,,
vbavatlat3782,,adam ,in agro ,damasceno ,,formatus ,,et ,,in ,,paradisum ,,unde ,quatuor ,flumina ,oriuntur ,,translatus ,s in paradisum ,uoluptatis ,deliciach ,,,,,,,,,cum ,femine ,de ,costa ,,dormientis ,facte ,a domino ,,,eua ,nomine ,sicut ,et ,,ceteris ,rebus ,imposito ,,,,,,,,,,,,de ,christo ,et ,ecclesia ,prophetasset ,et ,eidem ,,,de ,comedendo ,,pomo ,a domino prohibito ,,acquieuisset ,,pro ,disconuenientiam ,nuditatis ,sue ,,factis ,sibi ,perizomatibus ,,de ,folus suum ,de paradiso cum ea ,a domino ,est ,eictus ,eiectus ,et ante paradisi ,postquam ,,,cherubin ,cum ,flammeo ,gladio ,collocatis ,,,post ,increpationem ,accepit ,in ,maledictos ,ut ,de ,terra ,maledicta ,ei  ,et ,tribulos ,germinante ,insudore ,,uultus ,siu ,panem ,quo ,uestata aquirat ,,,,,,,,,,,,,,caym ,,agricola ,dolens ,,sua ,munera ,et ,non ,munera ,fratris ,siu abel ,,,fuisse ,a ,domino ,reprobata ,licet ,ceteris ,a ,domino ,increpatusmchilomiu tu ,,,,fratrem ,,suum ,abel ,septiformi ,peccato ,interfecit ,postea uagus ,,,,,,,et ,,,instabilis super ,terramfactus postquam ,a domino ,,est ,maledictus ,itcm caym septuplus punitus ,est ,qua septem pecca omisit i nec recte duusit miudit dolose egit occidit petatitur negauit despauit non primam egit itcm ioseph di pro caym simpltitate uite  ad niesu ras malitias ,,,,,,,,,,,et ,ponderum perinutauit diuitate muraiut ,,,et ,quibus ledebat timeo ob securitate suos ,,,in ,urbib collegit ciuitate edisicauit ,,,,,,et ,nomine filii siu  enoc imposuit duc caym genuit ,adam ,xb anno etatis sue itcm caym primus pon dera ,et ,mess muenit termindo terre posuit ,et ,urbeo murauit postea lates inter fructeta ,,,et ,a lamech filio matu sael occilus est benefis iiiibcaploitcm tota pgemeo caym perut ,,,,,,,in ,disu iuo s ixxbn aic lp magi hysteriax ,istum seth genuit ,,adam ,ccxxx ,uite ,,,,sue ,anno ,quorum ,tamen ,,c ,,pretermisit ,moyses ,quibus ,,adam ,et eua ,luxerunt ,filium ,suum ,,,,,,abel ,progenitum,,,,,,,,
CCC437,,adam ,in agro ,damasceno ,,formatus ,,et ,,in ,paradysum ,,,unde ,quatuor ,flumina ,oriuntur ,,translatus ,,,,,,,,,,,,cum ,femine ,de ,costa ,,dormientis ,facte ,,,,,nomine ,sicut ,et ,,ceteris ,,,,,,,,,,,,rebus ,imposita ,de ,christo ,et ,ecclesia ,prophetasset ,et ,eidem ,,,de ,comedendo ,,pomo ,,,acquieuisset ,et ,,disconuenientia ,nuditatis ,,,factis ,,perizomatibus ,,,,,a domino ,de ,paradiso ,,,collocatis ,cherubym ,,,et ,flammeo ,gladio ,,,,post ,increpationem ,,abiectus ,,,de ,terra ,maledicta ,,,,,insudore ,,uultus ,,panem ,acquiritur ,,,,,,,,,,,,,,,caym ,,agricola ,dolens ,,sua ,munera ,et ,non ,,fratris ,,,,fuisse ,,,reprobata ,licet ,,a ,domino ,,increpatus ,,,fratrem ,,,,septiformi ,peccato ,interfecit ,,,,,,,,,postea ,,uagus ,,,et ,instabilis ,super ,terram ,,,,,,,,,,,,,,,,factus ,,,postquam ,,a ,domino ,,,,,,,est ,,,,maledictus ,,,,,,,,,,,,,,,istum seth genuit ,,adam ,cc ,3x ,,anno ,etatis ,sue ,rimo ,quorum ,tamen ,,c ,,pretermittit ,moyses ,quibus ,,adam ,,luxit ,,,,,,,,abel,,,,,,,,,
fsugermquart13,,adam ,in agro ,damasceno ,,formatus ,,et ,,in ,,paradisum ,,unde ,quattuor ,flumina ,oriuntur ,,translatus ,,,,,,,,,,et ,,,femina ,de ,costa ,,dormientis ,facta ,,,,eua ,nomine ,sicut ,et ,,ceteris ,imposuit ,,,,,,,,,,,,et ,de ,christo ,et ,ecclesia ,prophetasset ,et ,cue ,,,de ,comedendo ,,pomo ,,,acquieuisset ,,pro ,disconuenientia ,nuditatis ,,,factis ,perisomatibus ,,,,,,a domino ,de ,paradiso ,,,collocatis ,,,cherubin ,et ,flammeo ,gladio ,,,,post ,increpationem ,,abiectus ,,,de ,terra ,maledicta ,,,,,insudore ,,uultus ,,panem ,acquiritur ,,,,,,,,,,,,,,,cayn ,,agricola ,dolens ,,sua ,munera ,et ,non ,,fratris ,,,,fuisse ,,,reprobata ,licet ,,a ,domino ,,increpatus ,,,fratrem ,,,,septiformi ,peccato ,interfecit ,,,,,,,,,postea ,,uagus ,,,et ,instabilis ,super ,terram ,,,,,,,,,,,,,,,,factus ,,,quam ,,a ,domino ,,,,,,,est ,,,,maledictus,,,,,,,,,,,,,,,,,,,,,,,,,,,,,,,,,,,,,,,,,,,,,,,,,,,,,
whaguelf360helm,,adam ,in agro ,damasceno ,,formatus ,,,,in ,,paradisum ,,unde ,4or ,flumina ,oriuntur ,,translatus ,,,,,,,,,,et ,,,femina ,de ,costa ,,dormientis ,facta ,,,,eua ,nomine ,sicut ,et ,,ceteris ,imposiut ,,et ,,de ,christo ,et ,,ecclesia ,cum ,,,,,,,,prophetasset ,et ,eue ,,,de ,comedndo ,,pomo ,,,acquieuisset ,,pro ,disconuenientia ,nuditatis ,,,factis ,,perizomatibus ,,,,,a domino ,de ,paradiso ,,,collocatis ,,,cherubin ,et ,flammeo ,gladio ,,,,post ,increpationem ,,abiectus ,,,de ,terra ,maledicta ,,,,,insudore ,,uultus ,,panem ,acquiritur ,caim ,,,,,,,,,,,,,,,,agricola ,dolens ,,sua ,munera ,et ,non ,,fratris ,,,,fuisse ,,,reprobata ,licet ,,a ,domino ,,increpatus ,,,fratrem ,,,,septiformi ,peccato ,interfecit ,,,,,,,,,postea ,,uagus ,,,et ,instabilis ,super ,terram ,,,,,,,,,,,,,,,,factus ,,,,,,,,,,,,,,,,,,,,qui ,,,,,,,,,,,,,,,,,,,,,,a ,domino ,,,,,,,,,,,,,,,,,,,,,,,,est ,maledictus,,
culdd812,,adam ,in agro ,damasceno ,,formatus ,,et ,,in ,,paradisum ,,unde ,quatuor ,flumina ,oriuntur ,,translatus ,,,,,,,,,,,,cum ,femina ,,,,dormientis ,facta ,de costa ,,,eua ,nomine ,sicut ,et ,,ceteris ,rebus ,imposito ,,,,,,,,,,,,de ,christo ,et ,ecclesia ,prophetasset ,et ,eidem ,,,de ,comedendo ,,pomo ,,,acquieuisset ,,pro ,disconuenientia ,nuditatis ,,,factis ,,perizomatibus ,,,,,a domino ,de ,paradiso ,,,collocatis ,,,cherubin ,et ,flammeo ,gladio ,,,,post ,increpationem ,,abiectus ,,,de ,terra ,maledicta ,,,,,insudore ,,uultus ,,panem ,acquiritur ,,,,,,,,,,,,,,,caym ,,agricola ,dolens ,,sua ,munera ,et ,non ,,fratris ,,,,fuisse ,,,reprobata ,licet ,increpatus ,a ,domino ,,,,,fratrem ,smi ,,,septiformi ,peccato ,interfecit ,qui ,,,,,,,,postea ,,uagus ,et ,instbilis factis ,,,super ,terram ,,,,,,,,,,,,,,,,,,,postquam ,,a ,domino ,,,,,,,est ,,,,maledictus ,,,,,,,,,,,,,,,istum seth genuit ,,adam ,cc3x ,,,anno ,etatis ,sue ,,quorum ,tamen ,,c ,,pretermittit ,moyses ,quibus ,,adam ,,luxit ,,,,,,,,abel,,,,,,,,,
vbavatlat3783,,adam ,in agro ,damasceno ,,formatus ,,et ,,in ,,paradisum ,,unde ,iiiior ,flumina ,oriuntur ,,translatus ,,,,,,,,,,,,cum ,femine ,de ,costa ,,dormientis ,facte ,euam ,,,,nomine ,sicut ,et ,,ceteris ,rebus ,imposito ,,,,,,,,,,,,de ,christo ,et  ,,prophetasset ,et ,eidem ,,,de ,,,pomo ,comedendo ,,acquieuisset ,,pro ,disconuenieniam ,nuditatis ,facte ,,,peryzomatibus ,,,,,,a domino ,de ,paradiso ,,,collocatis ,cherubyn ,,,et ,flammeo ,gladio ,,,,post ,increpationem ,,abiectus ,,,de ,terra ,maledicta ,,et ,sudore ,,,,uultus ,sui ,panem ,acquiritur ,,,,,,,,,genuit ,ap ta ub ad iiiior  ,chaym ,,,,,,agricola ,dolens ,,sua ,munera ,et ,non ,,fratris ,,,,fuisse ,,,reprobata ,licet ,,a ,domino ,,increpatus ,,,fratrem ,,,,septiformi ,peccatointerfecit ,,,,,,,,,,postea ,,uagus ,,,et ,instabilis ,super ,terram ,,,,,,,,,,,,,,,,factus ,,,postquam ,,a ,domino ,,,,,,,est ,,,,maledictus  ,,,,,,,,,,,,,,,istum seth genuit ,,adam ,ccxxx ,,,anno ,etatis ,sue ,,quorum ,tamen ,,c ,,pretermittit ,moyses ,quibus ,,adam ,,luxit ,filium ,abel ,go ,,,,genuit ,se at  ,,,,seth ,icc ,anni ,et tamen gen iiii xa,,
