variant,tadam_whafol70,tadam_fbrricc236,tadam_khaw247,tadam_mbsclm2660,tadam_ccc29,tadam_pbnlat297,tadam_cma1973,tadam_lbm445,tadam_won363,tadam_dclbii33,tadam_culdd116,tadam_avr166,tadam_mbsclm28173,tadam_pbnlat15254,tadam_won364,tadam_lbladd606281,tadam_lol390,tadam_mbsclm8201,tadam_CCC503,tadam_kac696,tadam_mjrgast2037,tadam_lol490,tadam_eufdeperfca2108,tadam_tburps75iii,tadam_pfllewe72,tadam_hubsalix40,tadam_pnkiiie5,tadam_lub1314,tadam_rsa6519,tadam_nbl1183,tadam_fsugermquart13,tadam_pbnlat15637,tadam_vbapallat1723,tadam_abs583,tadam_mbsclm314,tadam_bsbtheollatfol64,tadam_fub36a,tadam_akbwettf9,tadam_swltheolphil2122,tadam_lblcotrollxiv12,tadam_eufdeperfca2079,tadam_vbapallat963,tadam_pbm305,tadam_CCC83,tadam_mlm4989,tadam_culdd812,tadam_cmb183,tadam_gflchaa16,tadam_lbladd14819,tadam_fbmplut1511,tadam_pbnlat10431,tadam_mbm89,tadam_pba1234,tadam_lblroy14bix,tadam_mbsclm16223,tadam_lblhar658,tadam_CCC437,tadam_bun762,tadam_lubapel1,tadam_whaguelf360helm,tadam_penmasson71,tadam_mrmmik6365,tadam_pfllewe202,tadam_pbnlat14435,tadam_bwaw796,tadam_nblmar26,tadam_vbavatlat3782,tadam_gflchaa4,tadam_vbavatlat3783,tadam_aux146,tadam_pnkxxiiif204,tadam_vbavatlat1972,tadam_fbmplut2056,tadam_ctcb154,tadam_mbelat693,tadam_pbnlat15467,tadam_ctcb155,tadam_won1548,tadam_aux145,tadam_mbsclm19414,tadam_pbnlat5101,tadam_abs128,tadam_won378
c,-,-,-,-,-,-,-,-,-,-,-,-,-,-,-,-,-,-,-,-,-,-,-,-,-,-,-,-,-,-,-,-,-,-,-,1,-,-,-,-,-,-,-,-,-,-,0,-,-,-,-,-,-,-,-,-,-,-,-,-,-,-,-,-,-,-,-,-,-,1,-,-,-,-,-,-,-,1,-,-,-,-,-
i,-,-,-,-,-,-,-,-,-,-,-,-,-,-,-,-,-,-,-,-,-,-,-,-,-,-,-,-,-,-,-,-,-,-,-,0,-,-,-,-,-,-,-,-,-,-,1,-,-,-,-,-,-,-,-,-,-,-,-,-,-,-,-,-,-,-,-,-,-,0,-,-,-,-,-,-,-,0,-,-,-,-,-
Adam,0,0,0,0,0,1,0,0,0,0,0,0,0,0,0,0,0,0,0,0,0,0,0,0,0,0,0,0,0,0,0,0,0,0,0,0,0,0,0,0,0,0,0,0,0,0,0,0,0,0,0,0,0,0,0,0,0,0,0,0,0,0,0,0,0,0,0,0,0,0,0,0,0,-,0,0,0,0,0,0,0,0,0
adam,1,1,1,1,1,0,1,1,1,1,1,1,1,1,1,1,1,1,1,1,1,1,1,1,1,1,1,1,1,1,1,1,1,1,1,1,1,1,1,1,1,1,1,1,1,1,1,1,1,1,1,1,1,1,1,1,1,1,1,1,1,1,1,1,1,1,1,1,1,1,1,1,1,-,1,1,1,1,1,1,1,1,1
sexta die de anno terre formatus,-,-,-,-,-,-,-,-,-,-,-,-,-,-,-,-,-,-,-,-,-,-,-,-,-,-,-,-,-,-,-,-,-,-,-,-,-,-,-,-,-,-,-,-,-,-,-,-,-,-,-,-,-,-,1,-,-,-,-,-,-,-,-,-,-,-,-,-,-,-,-,-,-,-,-,-,-,-,-,-,-,-,-
in agro,1,1,1,1,1,1,1,1,1,1,1,1,1,1,1,1,1,1,1,1,1,1,1,1,1,1,1,1,1,1,1,1,1,1,1,1,1,1,1,1,1,1,1,1,1,1,1,1,1,1,1,1,1,1,1,1,1,1,1,1,1,1,1,1,1,1,1,1,1,1,1,1,1,1,1,1,1,1,1,1,1,1,1
damasceno,1,1,1,1,1,1,1,1,1,1,1,1,1,1,1,1,1,1,1,1,1,1,1,1,1,1,1,1,1,1,1,1,1,1,1,1,1,1,1,1,1,1,1,1,1,1,1,1,1,1,1,1,1,1,1,1,1,1,1,1,1,1,-,1,1,1,1,1,1,1,1,1,1,1,1,1,1,1,1,1,1,1,1
gen ii,-,-,-,-,-,-,-,-,-,-,-,-,-,-,-,-,-,-,-,-,-,-,-,-,-,-,-,-,-,-,-,-,-,-,-,-,-,-,-,-,-,-,-,-,-,-,-,-,-,-,-,-,-,-,-,-,-,-,-,-,-,-,-,-,-,-,-,1,-,-,-,-,-,-,-,-,-,-,-,-,-,-,-
formatur,0,0,0,0,0,0,0,0,0,0,0,0,0,0,0,0,0,0,0,0,0,0,0,0,0,0,0,0,0,0,0,0,0,0,0,0,0,0,0,0,0,0,0,0,0,0,0,0,1,0,0,0,0,0,-,0,0,0,0,0,0,0,0,0,0,0,0,0,0,0,0,0,0,0,0,0,0,0,0,0,0,0,0
formatus,1,1,1,1,1,1,1,1,1,1,1,1,1,1,1,1,1,1,1,1,1,1,1,1,1,1,1,1,1,1,1,1,1,1,1,1,1,1,1,1,1,1,1,1,1,1,1,1,0,1,1,1,1,1,-,1,1,1,1,1,1,1,1,1,1,1,1,1,1,1,1,1,1,1,1,1,1,1,1,1,1,1,1
gennc,-,-,-,-,-,-,-,-,-,-,-,-,0,-,-,-,-,-,-,-,-,-,-,-,-,-,-,-,-,1,-,-,-,-,-,-,-,-,-,-,-,-,-,-,-,-,-,-,-,-,-,-,-,-,-,-,-,-,-,-,-,-,-,-,-,-,-,-,-,-,-,-,-,-,0,-,-,-,-,-,-,-,-
a domino,-,-,-,-,-,-,-,-,-,-,-,-,0,-,-,-,-,-,-,-,-,-,-,-,-,-,-,-,-,0,-,-,-,-,-,-,-,-,-,-,-,-,-,-,-,-,-,-,-,-,-,-,-,-,-,-,-,-,-,-,-,-,-,-,-,-,-,-,-,-,-,-,-,-,1,-,-,-,-,-,-,-,-
c,-,-,-,-,-,-,-,-,-,-,-,-,1,-,-,-,-,-,-,-,-,-,-,-,-,-,-,-,-,0,-,-,-,-,-,-,-,-,-,-,-,-,-,-,-,-,-,-,-,-,-,-,-,-,-,-,-,-,-,-,-,-,-,-,-,-,-,-,-,-,-,-,-,-,0,-,-,-,-,-,-,-,-
et,1,1,1,0,1,1,1,1,1,-,1,1,1,1,1,1,1,1,1,1,1,1,1,1,1,1,0,1,1,1,1,-,1,1,1,1,1,1,1,1,1,1,1,1,1,1,1,1,1,1,1,1,1,1,1,1,1,1,1,-,1,1,1,1,1,1,1,1,1,1,1,1,1,1,1,1,1,-,1,1,1,1,1
e,0,0,0,1,0,0,0,0,0,-,0,0,0,0,0,0,0,0,0,0,0,0,0,0,0,0,0,0,0,0,0,-,0,0,0,0,0,0,0,0,0,0,0,0,0,0,0,0,0,0,0,0,0,0,0,0,0,0,0,-,0,0,0,0,0,0,0,0,0,0,0,0,0,0,0,0,0,-,0,0,0,0,0
est,0,0,0,0,0,0,0,0,0,-,0,0,0,0,0,0,0,0,0,0,0,0,0,0,0,0,1,0,0,0,0,-,0,0,0,0,0,0,0,0,0,0,0,0,0,0,0,0,0,0,0,0,0,0,0,0,0,0,0,-,0,0,0,0,0,0,0,0,0,0,0,0,0,0,0,0,0,-,0,0,0,0,0
in,1,1,1,1,1,1,1,1,1,1,1,1,1,1,1,1,1,1,1,1,1,1,1,1,1,1,1,1,1,-,1,1,1,1,1,1,1,1,1,1,1,1,1,1,1,1,1,1,1,1,1,1,1,1,1,1,1,1,1,1,1,1,1,1,1,1,1,1,1,1,1,1,1,1,1,1,1,1,1,1,1,1,1
de s,-,-,-,-,-,-,-,-,-,-,-,-,-,-,-,-,-,-,-,-,-,-,-,-,-,-,-,-,-,-,-,-,-,-,-,-,-,-,1,-,-,-,-,-,-,-,-,-,-,-,-,-,-,-,-,-,-,-,-,-,-,-,-,-,-,-,-,-,-,-,-,-,-,-,-,-,-,-,-,-,-,-,-
paradysum,0,0,1,0,1,0,1,0,1,0,0,0,1,0,1,0,0,1,0,1,0,0,0,0,0,0,0,0,0,-,0,1,0,0,1,1,1,1,0,1,0,0,0,0,1,0,0,0,0,0,0,0,0,0,0,0,1,0,0,0,1,0,0,1,1,0,0,0,0,0,1,0,0,0,0,0,0,0,0,0,0,1,0
paradyso,0,0,0,0,0,0,0,0,0,0,0,0,0,0,0,0,0,0,0,0,0,0,0,0,0,1,0,0,0,-,0,0,0,0,0,0,0,0,0,0,0,0,0,0,0,0,0,0,0,0,0,0,0,0,0,0,0,0,0,0,0,0,0,0,0,0,0,0,0,0,0,0,0,0,0,1,0,0,0,0,0,0,0
paradisum,1,1,0,1,0,1,0,1,0,1,1,1,0,1,0,1,1,0,1,0,1,1,1,1,1,0,1,1,1,-,1,0,1,1,0,0,0,0,1,0,1,1,1,1,0,1,1,1,1,1,1,1,1,1,1,1,0,1,1,0,0,1,1,0,0,1,1,1,1,1,0,1,1,1,1,0,1,1,1,1,1,0,1
paradisu,0,0,0,0,0,0,0,0,0,0,0,0,0,0,0,0,0,0,0,0,0,0,0,0,0,0,0,0,0,-,0,0,0,0,0,0,0,0,0,0,0,0,0,0,0,0,0,0,0,0,0,0,0,0,0,0,0,0,0,1,0,0,0,0,0,0,0,0,0,0,0,0,0,0,0,0,0,0,0,0,0,0,0
n,-,-,-,-,-,-,-,-,-,-,-,-,-,-,-,-,-,-,-,-,-,-,-,-,-,-,-,-,-,-,-,-,-,-,-,-,-,-,-,-,-,-,-,-,-,-,-,-,-,-,1,-,-,-,-,-,-,-,-,-,-,0,-,-,-,-,-,-,-,-,-,-,-,-,-,-,-,-,-,-,-,-,-
translatus,-,-,-,-,-,-,-,-,-,-,-,-,-,-,-,-,-,-,-,-,-,-,-,-,-,-,-,-,-,-,-,-,-,-,-,-,-,-,-,-,-,-,-,-,-,-,-,-,-,-,0,-,-,-,-,-,-,-,-,-,-,1,-,-,-,-,-,-,-,-,-,-,-,-,-,-,-,-,-,-,-,-,-
unde,1,1,1,1,1,1,1,1,1,1,-,1,1,1,1,1,1,1,1,1,1,1,1,1,1,1,1,1,1,-,1,1,1,1,1,1,1,1,1,1,1,1,1,1,1,1,1,1,1,1,-,1,1,1,1,1,1,1,1,1,1,1,1,1,1,1,1,1,1,1,1,1,1,1,1,1,1,1,1,1,1,1,1
quatuor,1,0,0,0,0,0,0,0,0,0,0,1,0,0,0,1,0,1,1,0,1,0,1,0,1,0,0,0,0,-,0,0,0,0,0,1,0,1,1,1,1,0,1,0,-,1,0,1,1,1,0,1,0,1,0,0,1,0,1,0,1,0,1,0,0,0,1,1,0,0,0,1,0,0,1,1,0,0,0,0,0,0,0
quator,0,0,0,0,0,0,0,0,0,0,0,0,0,0,0,0,0,0,0,0,0,0,0,0,0,0,0,0,0,-,0,0,0,0,0,0,0,0,0,0,0,0,0,0,-,0,0,0,0,0,0,0,0,0,0,0,0,0,0,0,0,0,0,0,0,0,0,0,0,0,1,0,0,0,0,0,0,0,0,0,0,0,0
iiii,0,0,0,0,0,1,1,0,0,0,1,0,0,0,0,0,0,0,0,1,0,0,0,0,0,1,0,0,0,-,0,0,1,0,0,0,0,0,0,0,0,0,0,0,-,0,0,0,0,0,0,0,0,0,0,0,0,0,0,0,0,1,0,0,1,0,0,0,0,0,0,0,0,0,0,0,0,0,0,0,0,0,0
iiiior,0,1,1,1,1,0,0,1,1,1,0,0,0,0,1,0,1,0,0,0,0,1,0,1,0,0,0,1,0,-,0,1,0,0,1,0,1,0,0,0,0,1,0,0,-,0,0,0,0,0,1,0,1,0,0,1,0,1,0,0,0,0,0,1,0,1,0,0,1,1,0,0,1,1,0,0,1,1,1,1,1,1,1
orflumina,0,0,0,0,0,0,0,0,0,0,0,0,0,0,0,0,0,0,0,0,0,0,0,0,0,0,1,0,0,-,0,0,0,0,0,0,0,0,0,0,0,0,0,0,-,0,0,0,0,0,0,0,0,0,0,0,0,0,0,0,0,0,0,0,0,0,0,0,0,0,0,0,0,0,0,0,0,0,0,0,0,0,0
quattuor,0,0,0,0,0,0,0,0,0,0,0,0,0,0,0,0,0,0,0,0,0,0,0,0,0,0,0,0,1,-,1,0,0,1,0,0,0,0,0,0,0,0,0,1,-,0,0,0,0,0,0,0,0,0,0,0,0,0,0,0,0,0,0,0,0,0,0,0,0,0,0,0,0,0,0,0,0,0,0,0,0,0,0
4or,0,0,0,0,0,0,0,0,0,0,0,0,1,0,0,0,0,0,0,0,0,0,0,0,0,0,0,0,0,-,0,0,0,0,0,0,0,0,0,0,0,0,0,0,-,0,1,0,0,0,0,0,0,0,1,0,0,0,0,1,0,0,0,0,0,0,0,0,0,0,0,0,0,0,0,0,0,0,0,0,0,0,0
iiior,0,0,0,0,0,0,0,0,0,0,0,0,0,1,0,0,0,0,0,0,0,0,0,0,0,0,0,0,0,-,0,0,0,0,0,0,0,0,0,0,0,0,0,0,-,0,0,0,0,0,0,0,0,0,0,0,0,0,0,0,0,0,0,0,0,0,0,0,0,0,0,0,0,0,0,0,0,0,0,0,0,0,0
oriuntur,-,-,-,-,-,-,-,-,-,-,-,-,-,-,-,-,-,-,-,-,-,-,-,1,-,-,-,-,-,-,-,-,-,-,-,-,-,-,-,-,-,-,-,-,-,-,-,-,-,-,-,-,-,-,-,-,-,-,-,-,-,-,1,-,-,-,-,-,-,-,-,-,-,-,-,-,-,-,-,-,-,-,-
flumina,1,1,1,1,1,1,1,1,1,1,1,1,1,1,1,0,1,1,1,1,1,1,1,1,1,1,-,1,1,-,1,1,1,1,1,1,1,1,1,1,1,1,1,1,1,1,1,1,1,1,1,1,1,0,1,1,1,1,1,1,1,0,1,1,1,1,1,1,1,1,1,1,1,1,1,1,0,1,1,1,1,1,1
flumimina,0,0,0,0,0,0,0,0,0,0,0,0,0,0,0,0,0,0,0,0,0,0,0,0,0,0,-,0,0,-,0,0,0,0,0,0,0,0,0,0,0,0,0,0,0,0,0,0,0,0,0,0,0,0,0,0,0,0,0,0,0,0,0,0,0,0,0,0,0,0,0,0,0,0,0,0,1,0,0,0,0,0,0
lumina,0,0,0,0,0,0,0,0,0,0,0,0,0,0,0,1,0,0,0,0,0,0,0,0,0,0,-,0,0,-,0,0,0,0,0,0,0,0,0,0,0,0,0,0,0,0,0,0,0,0,0,0,0,0,0,0,0,0,0,0,0,0,0,0,0,0,0,0,0,0,0,0,0,0,0,0,0,0,0,0,0,0,0
flumia,0,0,0,0,0,0,0,0,0,0,0,0,0,0,0,0,0,0,0,0,0,0,0,0,0,0,-,0,0,-,0,0,0,0,0,0,0,0,0,0,0,0,0,0,0,0,0,0,0,0,0,0,0,1,0,0,0,0,0,0,0,1,0,0,0,0,0,0,0,0,0,0,0,0,0,0,0,0,0,0,0,0,0
oriuntur,1,1,1,1,1,1,1,1,1,1,1,1,1,1,1,1,1,1,1,1,1,1,1,-,1,1,1,1,1,-,1,1,1,1,1,1,1,1,1,1,1,1,1,1,1,1,1,1,1,1,1,1,1,1,1,1,1,1,1,1,1,1,-,1,1,1,1,1,1,1,1,1,1,1,1,1,1,1,1,1,1,1,1
translatus,1,1,1,1,1,1,1,1,1,1,1,1,1,1,1,1,1,1,1,1,1,1,1,1,1,1,1,1,1,1,1,1,1,1,1,1,1,1,1,1,1,1,1,1,1,1,1,1,1,1,1,1,1,1,1,1,1,1,1,1,1,-,1,1,1,1,1,1,1,1,1,1,1,1,1,1,1,1,1,1,1,1,1
du,-,-,-,-,-,-,-,-,-,-,-,-,-,-,-,-,-,-,-,0,-,-,-,-,0,-,-,0,-,-,-,-,-,-,-,-,-,-,-,-,-,-,-,-,-,0,0,-,0,-,-,-,0,-,-,-,-,-,-,-,-,-,-,-,-,-,0,-,-,-,-,-,-,-,-,-,-,-,1,-,-,-,-
dum,-,-,-,-,-,-,-,-,-,-,-,-,-,-,-,-,-,-,-,1,-,-,-,-,0,-,-,0,-,-,-,-,-,-,-,-,-,-,-,-,-,-,-,-,-,0,0,-,0,-,-,-,0,-,-,-,-,-,-,-,-,-,-,-,-,-,0,-,-,-,-,-,-,-,-,-,-,-,0,-,-,-,-
s,-,-,-,-,-,-,-,-,-,-,-,-,-,-,-,-,-,-,-,0,-,-,-,-,1,-,-,1,-,-,-,-,-,-,-,-,-,-,-,-,-,-,-,-,-,0,0,-,0,-,-,-,1,-,-,-,-,-,-,-,-,-,-,-,-,-,1,-,-,-,-,-,-,-,-,-,-,-,0,-,-,-,-
cum,-,-,-,-,-,-,-,-,-,-,-,-,-,-,-,-,-,-,-,0,-,-,-,-,0,-,-,0,-,-,-,-,-,-,-,-,-,-,-,-,-,-,-,-,-,1,1,-,1,-,-,-,0,-,-,-,-,-,-,-,-,-,-,-,-,-,0,-,-,-,-,-,-,-,-,-,-,-,0,-,-,-,-
in paradisum,-,-,-,-,-,-,-,-,-,-,-,-,-,-,-,-,-,-,-,-,-,-,-,-,1,-,-,0,-,1,-,-,-,-,-,-,-,-,-,-,-,-,-,-,-,-,0,-,-,-,-,-,1,-,-,-,-,-,-,-,-,-,-,-,-,-,1,-,-,-,-,-,-,-,-,-,-,-,-,-,-,-,-
sgyonphilontygriseufratesami,-,-,-,-,-,-,-,-,-,-,-,-,-,-,-,-,-,-,-,-,-,-,-,-,0,-,-,0,-,0,-,-,-,-,-,-,-,-,-,-,-,-,-,-,-,-,1,-,-,-,-,-,0,-,-,-,-,-,-,-,-,-,-,-,-,-,0,-,-,-,-,-,-,-,-,-,-,-,-,-,-,-,-
philon  agagano rege indie otus,-,-,-,-,-,-,-,-,-,-,-,-,-,-,-,-,-,-,-,-,-,-,-,-,0,-,-,1,-,0,-,-,-,-,-,-,-,-,-,-,-,-,-,-,-,-,0,-,-,-,-,-,0,-,-,-,-,-,-,-,-,-,-,-,-,-,0,-,-,-,-,-,-,-,-,-,-,-,-,-,-,-,-
uoluptatis deliciach,-,-,-,-,-,-,-,-,-,-,-,-,-,-,-,-,-,-,-,-,-,-,-,-,0,-,-,0,-,-,-,-,-,-,-,-,-,-,-,-,-,-,-,-,-,-,-,-,-,-,-,-,0,-,0,-,-,-,-,-,-,-,-,-,-,-,1,-,-,-,-,-,-,-,-,-,-,-,-,-,-,-,-
noluptatis,-,-,-,-,-,-,-,-,-,-,-,-,-,-,-,-,-,-,-,-,-,-,-,-,0,-,-,0,-,-,-,-,-,-,-,-,-,-,-,-,-,-,-,-,-,-,-,-,-,-,-,-,1,-,0,-,-,-,-,-,-,-,-,-,-,-,0,-,-,-,-,-,-,-,-,-,-,-,-,-,-,-,-
est,-,-,-,-,-,-,-,-,-,-,-,-,-,-,-,-,-,-,-,-,-,-,-,-,0,-,-,1,-,-,-,-,-,-,-,-,-,-,-,-,-,-,-,-,-,-,-,-,-,-,-,-,0,-,1,-,-,-,-,-,-,-,-,-,-,-,0,-,-,-,-,-,-,-,-,-,-,-,-,-,-,-,-
voluptatis i,-,-,-,-,-,-,-,-,-,-,-,-,-,-,-,-,-,-,-,-,-,-,-,-,1,-,-,0,-,-,-,-,-,-,-,-,-,-,-,-,-,-,-,-,-,-,-,-,-,-,-,-,0,-,0,-,-,-,-,-,-,-,-,-,-,-,0,-,-,-,-,-,-,-,-,-,-,-,-,-,-,-,-
de,-,-,-,-,-,-,-,-,-,-,-,-,-,-,-,-,-,-,-,-,-,-,-,-,1,-,-,0,-,-,-,-,-,-,-,-,-,-,-,-,-,-,-,-,-,-,-,-,-,-,-,-,-,-,-,-,-,-,-,-,-,-,-,-,-,-,-,-,-,-,-,-,-,1,-,-,-,-,-,-,-,-,-
gages gyon qui anylus deus eit tygris,-,-,-,-,-,-,-,-,-,-,-,-,-,-,-,-,-,-,-,-,-,-,-,-,0,-,-,1,-,-,-,-,-,-,-,-,-,-,-,-,-,-,-,-,-,-,-,-,-,-,-,-,-,-,-,-,-,-,-,-,-,-,-,-,-,-,-,-,-,-,-,-,-,0,-,-,-,-,-,-,-,-,-
et,-,-,-,-,-,-,-,-,-,-,-,-,-,-,-,-,-,-,-,-,-,-,-,-,0,-,-,0,-,-,0,-,-,0,-,-,-,-,-,-,-,-,-,-,-,-,-,-,-,-,-,-,1,-,-,-,-,-,-,0,-,-,-,-,-,-,-,-,-,-,-,-,-,-,-,-,-,-,-,-,-,-,-
et,-,-,-,-,-,-,-,-,-,-,-,-,-,-,-,-,-,-,-,-,-,-,-,-,0,-,-,1,-,-,1,-,-,1,-,-,-,-,-,-,-,-,-,-,-,-,-,-,-,-,-,-,0,-,-,-,-,-,-,1,-,-,-,-,-,-,-,-,-,-,-,-,-,-,-,-,-,-,-,-,-,-,-
liciatus,-,-,-,-,-,-,-,-,-,-,-,-,-,-,-,-,-,-,-,-,-,-,-,-,1,-,-,0,-,-,0,-,-,0,-,-,-,-,-,-,-,-,-,-,-,-,-,-,-,-,-,-,0,-,-,-,-,-,-,0,-,-,-,-,-,-,-,-,-,-,-,-,-,-,-,-,-,-,-,-,-,-,-
femina,-,-,-,-,-,-,-,-,-,-,-,-,-,-,-,-,-,-,-,-,-,-,-,-,-,-,-,0,-,-,1,-,-,-,-,-,-,-,-,-,-,-,-,-,-,1,-,-,1,-,-,-,-,-,-,-,-,-,-,-,-,-,-,-,-,-,-,-,-,-,-,-,-,-,-,-,-,-,-,-,-,-,-
eufrates,-,-,-,-,-,-,-,-,-,-,-,-,-,-,-,-,-,-,-,-,-,-,-,-,-,-,-,1,-,-,0,-,-,-,-,-,-,-,-,-,-,-,-,-,-,0,-,-,0,-,-,-,-,-,-,-,-,-,-,-,-,-,-,-,-,-,-,-,-,-,-,-,-,-,-,-,-,-,-,-,-,-,-
cum,1,1,1,1,1,1,1,1,1,1,1,1,1,1,1,1,1,1,1,-,1,1,1,1,1,1,1,1,1,1,-,1,1,-,1,1,1,1,1,1,1,1,1,1,1,0,-,1,-,1,1,1,1,1,1,1,1,1,1,-,1,1,1,1,1,1,1,1,1,1,1,1,1,-,1,1,1,1,-,1,1,1,1
dormientis facta,0,0,0,0,0,0,0,0,0,0,0,0,0,0,0,0,0,0,0,-,0,0,0,0,0,0,0,0,0,0,-,0,0,-,0,0,0,0,0,0,0,0,0,0,0,1,-,0,-,0,0,0,0,0,0,0,0,0,0,-,0,0,0,0,0,0,0,0,0,0,0,0,0,-,0,0,0,0,-,0,0,0,0
femina,0,0,0,0,0,0,0,0,0,0,0,0,0,0,0,-,0,0,0,0,-,0,0,0,0,0,0,0,0,0,-,0,0,0,0,0,0,0,0,0,0,0,0,0,0,-,0,0,-,0,0,0,0,0,1,0,0,0,0,1,-,0,0,1,0,0,0,0,0,0,1,0,0,0,0,0,0,0,0,0,0,0,0
femine,1,1,1,1,1,1,1,1,1,1,1,1,1,1,1,-,1,1,1,1,-,1,1,1,1,1,1,1,1,1,-,1,1,1,1,1,1,1,1,1,1,1,1,1,1,-,1,1,-,1,1,1,1,1,0,1,1,1,1,0,-,1,1,0,1,1,1,1,1,1,0,1,1,1,1,1,1,1,1,1,1,1,1
de,1,1,1,1,1,1,1,1,1,1,1,1,1,1,1,1,1,1,1,1,1,1,1,1,1,1,1,1,1,1,1,1,1,1,1,1,1,1,1,1,1,1,1,1,1,1,1,1,1,1,1,1,1,1,1,1,1,1,1,1,1,1,1,1,1,1,1,1,1,1,1,1,1,-,1,1,1,1,1,1,1,1,1
costa,1,1,1,1,1,1,1,1,1,1,1,1,1,1,1,1,1,1,1,1,1,1,1,1,1,1,1,1,1,1,1,1,1,1,1,1,1,1,1,1,1,1,1,1,1,1,1,1,1,1,1,1,1,1,1,1,1,1,1,1,1,1,1,1,1,1,1,1,1,1,1,1,1,1,1,1,1,1,1,1,1,0,1
coste,0,0,0,0,0,0,0,0,0,0,0,0,0,0,0,0,0,0,0,0,0,0,0,0,0,0,0,0,0,0,0,0,0,0,0,0,0,0,0,0,0,0,0,0,0,0,0,0,0,0,0,0,0,0,0,0,0,0,0,0,0,0,0,0,0,0,0,0,0,0,0,0,0,0,0,0,0,0,0,0,0,1,0
dormientis,1,1,1,1,1,1,1,1,1,1,1,1,1,1,1,-,1,1,1,1,1,1,1,1,1,1,1,1,-,1,-,1,1,1,1,1,1,1,-,1,1,1,1,1,1,-,1,1,-,1,1,1,1,1,1,-,1,1,1,-,-,1,1,-,1,1,1,1,1,1,1,1,1,1,1,1,1,1,1,1,1,-,1
femine,-,-,-,-,-,-,-,-,-,-,-,-,-,-,-,1,-,-,-,-,1,-,-,-,-,-,-,-,-,-,-,-,-,-,-,-,-,-,-,-,-,-,-,-,-,-,-,-,-,-,-,-,-,-,-,-,-,-,-,-,1,-,-,-,-,-,-,-,-,-,-,-,-,-,-,-,-,-,-,-,-,-,-
facte,0,0,0,0,0,0,0,0,0,0,0,0,0,0,0,0,0,0,0,0,0,0,0,0,0,0,0,0,-,0,-,0,0,0,0,0,0,0,0,0,0,0,0,0,0,-,0,0,-,0,0,0,0,0,0,-,0,0,0,-,0,0,0,-,0,0,0,0,0,0,1,0,0,0,-,0,0,0,0,0,0,-,0
facte,1,1,1,1,1,1,1,1,1,1,1,1,1,1,1,1,1,1,1,1,1,1,1,1,1,1,1,1,-,1,-,1,1,1,1,1,1,1,1,1,1,1,1,1,1,-,1,1,-,1,1,1,1,1,1,-,1,1,1,-,1,1,1,-,1,1,1,1,1,1,0,1,1,1,-,1,1,1,1,1,1,-,1
eua,-,-,-,-,-,-,-,-,-,-,-,-,-,-,-,-,-,-,-,-,-,-,-,-,0,-,-,-,-,-,-,-,-,-,-,1,-,-,-,-,-,1,-,-,1,-,1,1,-,1,-,1,0,1,-,-,-,-,-,-,0,-,-,-,-,-,0,1,0,-,0,-,-,-,1,1,-,-,-,-,-,-,-
ipi,-,-,-,-,-,-,-,-,-,-,-,-,-,-,-,-,-,-,-,-,-,-,-,-,0,-,-,-,-,-,-,-,-,-,-,0,-,-,-,-,-,0,-,-,0,-,0,0,-,0,-,0,0,0,-,-,-,-,-,-,1,-,-,-,-,-,0,0,0,-,0,-,-,-,0,0,-,-,-,-,-,-,-
etiam,-,-,-,-,-,-,-,-,-,-,-,-,-,-,-,-,-,-,-,-,-,-,-,-,0,-,-,-,-,-,-,-,-,-,-,0,-,-,-,-,-,0,-,-,0,-,0,0,-,0,-,0,0,0,-,-,-,-,-,-,0,-,-,-,-,-,0,0,1,-,0,-,-,-,0,0,-,-,-,-,-,-,-
in p,-,-,-,-,-,-,-,-,-,-,-,-,-,-,-,-,-,-,-,-,-,-,-,-,0,-,-,-,-,-,-,-,-,-,-,0,-,-,-,-,-,0,-,-,0,-,0,0,-,0,-,0,0,0,-,-,-,-,-,-,0,-,-,-,-,-,0,0,0,-,1,-,-,-,0,0,-,-,-,-,-,-,-
a domino,-,-,-,-,-,-,-,-,-,-,-,-,-,-,-,-,-,-,-,-,-,-,-,-,1,-,-,-,-,-,-,-,-,-,-,0,-,-,-,-,-,0,-,-,0,-,0,0,-,0,-,0,1,0,-,-,-,-,-,-,0,-,-,-,-,-,1,0,0,-,0,-,-,-,0,0,-,-,-,-,-,-,-
dormientis,-,-,-,-,-,-,-,-,-,-,-,-,-,-,-,-,-,-,-,-,-,-,-,-,-,-,-,-,1,-,1,-,-,-,-,-,-,-,1,-,-,-,-,-,-,-,-,-,1,-,-,-,-,-,-,1,-,-,-,1,1,-,-,1,-,-,-,-,-,-,-,-,-,-,-,-,-,-,-,-,-,1,-
facta,0,-,-,-,-,-,0,-,-,-,0,0,-,0,-,0,-,0,-,-,-,-,-,-,-,-,-,-,1,-,1,-,-,-,0,0,-,-,-,-,-,0,0,-,0,-,0,0,1,0,-,0,-,0,-,0,-,-,-,1,0,-,-,0,-,-,-,0,-,-,-,-,0,-,0,0,-,-,-,-,-,-,-
eua,0,-,-,-,-,-,1,-,-,-,1,1,-,1,-,0,-,0,-,-,-,-,-,-,-,-,-,-,0,-,0,-,-,-,0,0,-,-,-,-,-,0,0,-,0,-,0,0,0,0,-,0,-,0,-,0,-,-,-,0,0,-,-,0,-,-,-,0,-,-,-,-,0,-,0,0,-,-,-,-,-,-,-
sicut,0,-,-,-,-,-,0,-,-,-,0,0,-,0,-,0,-,0,-,-,-,-,-,-,-,-,-,-,0,-,0,-,-,-,0,0,-,-,-,-,-,0,0,-,0,-,0,0,0,0,-,0,-,0,-,0,-,-,-,0,0,-,-,1,-,-,-,0,-,-,-,-,0,-,0,0,-,-,-,-,-,-,-
ipius,0,-,-,-,-,-,0,-,-,-,0,0,-,0,-,1,-,0,-,-,-,-,-,-,-,-,-,-,0,-,0,-,-,-,0,0,-,-,-,-,-,0,0,-,0,-,0,0,0,0,-,0,-,0,-,0,-,-,-,0,0,-,-,0,-,-,-,0,-,-,-,-,0,-,0,0,-,-,-,-,-,-,-
formate,0,-,-,-,-,-,0,-,-,-,0,0,-,0,-,0,-,0,-,-,-,-,-,-,-,-,-,-,0,-,0,-,-,-,0,0,-,-,-,-,-,0,0,-,0,-,0,0,0,0,-,0,-,0,-,1,-,-,-,0,0,-,-,0,-,-,-,0,-,-,-,-,0,-,0,0,-,-,-,-,-,-,-
nomine,1,-,-,-,-,-,0,-,-,-,0,0,-,0,-,0,-,0,-,-,-,-,-,-,-,-,-,-,0,-,0,-,-,-,1,1,-,-,-,-,-,1,1,-,1,-,1,1,0,1,-,1,-,1,-,0,-,-,-,0,1,-,-,0,-,-,-,1,-,-,-,-,1,-,1,1,-,-,-,-,-,-,-
eue,0,-,-,-,-,-,0,-,-,-,0,0,-,0,-,0,-,1,-,-,-,-,-,-,-,-,-,-,0,-,0,-,-,-,0,0,-,-,-,-,-,0,0,-,0,-,0,0,0,0,-,0,-,0,-,0,-,-,-,0,0,-,-,0,-,-,-,0,-,-,-,-,0,-,0,0,-,-,-,-,-,-,-
eua,-,-,-,-,-,-,0,-,-,-,-,-,-,-,-,0,-,-,-,-,-,-,-,-,1,-,-,-,1,-,1,-,-,-,-,0,-,-,-,-,-,-,-,-,0,1,-,-,-,-,-,-,1,-,-,-,-,-,-,1,1,-,-,-,-,-,1,0,-,-,-,-,-,-,-,-,-,-,-,-,-,1,-
nomineimposito,-,-,-,-,-,-,1,-,-,-,-,-,-,-,-,0,-,-,-,-,-,-,-,-,0,-,-,-,0,-,0,-,-,-,-,0,-,-,-,-,-,-,-,-,0,0,-,-,-,-,-,-,0,-,-,-,-,-,-,0,0,-,-,-,-,-,0,0,-,-,-,-,-,-,-,-,-,-,-,-,-,0,-
inposito,-,-,-,-,-,-,0,-,-,-,-,-,-,-,-,0,-,-,-,-,-,-,-,-,0,-,-,-,0,-,0,-,-,-,-,1,-,-,-,-,-,-,-,-,1,0,-,-,-,-,-,-,0,-,-,-,-,-,-,0,0,-,-,-,-,-,0,0,-,-,-,-,-,-,-,-,-,-,-,-,-,0,-
imposita,-,-,-,-,-,-,0,-,-,-,-,-,-,-,-,0,-,-,-,-,-,-,-,-,0,-,-,-,0,-,0,-,-,-,-,0,-,-,-,-,-,-,-,-,0,0,-,-,-,-,-,-,0,-,-,-,-,-,-,0,0,-,-,-,-,-,0,1,-,-,-,-,-,-,-,-,-,-,-,-,-,0,-
dormientis,-,-,-,-,-,-,0,-,-,-,-,-,-,-,-,1,-,-,-,-,-,-,-,-,0,-,-,-,0,-,0,-,-,-,-,0,-,-,-,-,-,-,-,-,0,0,-,-,-,-,-,-,0,-,-,-,-,-,-,0,0,-,-,-,-,-,0,0,-,-,-,-,-,-,-,-,-,-,-,-,-,0,-
nomine,-,1,1,1,1,1,-,1,1,1,1,1,1,1,1,1,1,1,1,1,1,1,1,1,1,1,-,1,1,1,1,1,1,0,0,-,1,1,1,1,1,0,0,1,-,1,0,0,1,0,1,0,1,0,1,1,1,1,1,1,0,1,1,1,1,1,1,-,1,1,-,1,0,1,0,0,1,1,1,1,1,1,1
imposito,-,0,0,0,0,0,-,0,0,0,0,0,0,0,0,0,0,0,0,0,0,0,0,0,0,0,-,0,0,0,0,0,0,1,1,-,0,0,0,0,0,1,1,0,-,0,1,1,0,1,0,1,0,1,0,0,0,0,0,0,1,0,0,0,0,0,0,-,0,0,-,0,1,0,1,1,0,0,0,0,0,0,0
eua,-,-,-,-,-,-,-,-,-,-,0,-,-,-,-,1,-,-,-,-,0,-,-,-,-,-,-,-,-,-,-,-,-,-,-,-,-,-,-,-,-,-,-,-,-,-,-,-,-,-,-,-,-,-,-,-,-,-,-,-,-,-,-,-,-,-,-,-,-,-,-,-,-,-,-,-,-,-,-,-,-,-,-
imposita,-,-,-,-,-,-,-,-,-,-,1,-,-,-,-,0,-,-,-,-,0,-,-,-,-,-,-,-,-,-,-,-,-,-,-,-,-,-,-,-,-,-,-,-,-,-,-,-,-,-,-,-,-,-,-,-,-,-,-,-,-,-,-,-,-,-,-,-,-,-,-,-,-,-,-,-,-,-,-,-,-,-,-
inposito,-,-,-,-,-,-,-,-,-,-,0,-,-,-,-,0,-,-,-,-,1,-,-,-,-,-,-,-,-,-,-,-,-,-,-,-,-,-,-,-,-,-,-,-,-,-,-,-,-,-,-,-,-,-,-,-,-,-,-,-,-,-,-,-,-,-,-,-,-,-,-,-,-,-,-,-,-,-,-,-,-,-,-
imposito,-,-,-,-,-,-,-,-,-,-,-,1,-,1,-,1,-,1,-,-,-,-,-,-,-,-,-,-,-,-,-,-,-,-,-,-,-,-,-,-,-,-,-,-,-,-,-,-,-,-,-,-,-,-,-,-,-,-,-,-,-,-,-,-,-,-,-,-,-,-,-,-,-,-,-,-,-,-,-,-,-,-,-
sicut,1,1,1,1,1,1,1,1,1,1,1,1,1,1,1,-,1,1,1,1,1,1,1,1,1,1,1,1,1,1,1,1,1,1,1,1,1,1,1,1,1,1,1,1,1,1,1,1,1,1,1,1,1,1,1,1,1,1,1,1,0,1,1,1,1,1,1,1,1,1,1,1,1,1,1,1,1,1,1,1,1,1,1
ceterisque,0,0,0,0,0,0,0,0,0,0,0,0,0,0,0,-,0,0,0,0,0,0,0,0,0,0,0,0,0,0,0,0,0,0,0,0,0,0,0,0,0,0,0,0,0,0,0,0,0,0,0,0,0,0,0,0,0,0,0,0,1,0,0,0,0,0,0,0,0,0,0,0,0,0,0,0,0,0,0,0,0,0,0
et,1,1,1,1,1,1,1,1,1,1,1,1,1,1,1,-,1,1,1,1,1,1,1,1,1,1,1,1,1,1,1,1,1,1,1,1,1,1,1,-,1,1,1,1,1,1,1,1,1,1,1,1,1,1,-,1,1,1,1,1,-,1,1,1,1,1,1,1,1,1,1,1,1,1,1,1,1,1,1,1,1,1,1
cteris,-,-,-,-,-,-,-,-,-,-,-,-,-,-,-,-,-,-,-,-,-,-,-,-,-,-,-,-,-,-,-,-,-,-,-,0,-,-,-,-,-,-,-,-,-,-,-,-,-,-,-,-,-,-,-,-,-,-,-,-,-,-,-,-,-,1,-,-,-,-,-,-,-,0,-,-,-,-,-,-,-,-,-
in,-,-,-,-,-,-,-,-,-,-,-,-,-,-,-,-,-,-,-,-,-,-,-,-,-,-,-,-,-,-,-,-,-,-,-,0,-,-,-,-,-,-,-,-,-,-,-,-,-,-,-,-,-,-,-,-,-,-,-,-,-,-,-,-,-,0,-,-,-,-,-,-,-,1,-,-,-,-,-,-,-,-,-
ceteris,-,-,-,-,-,-,-,-,-,-,-,-,-,-,-,-,-,-,-,-,-,-,-,-,-,-,-,-,-,-,-,-,-,-,-,1,-,-,-,-,-,-,-,-,-,-,-,-,-,-,-,-,-,-,-,-,-,-,-,-,-,-,-,-,-,0,-,-,-,-,-,-,-,0,-,-,-,-,-,-,-,-,-
ceteris,1,1,1,1,1,1,1,1,1,1,1,1,1,1,1,1,1,1,1,1,1,1,1,1,1,-,1,1,1,1,1,1,1,1,1,1,1,1,1,1,1,1,1,1,1,1,1,1,1,1,1,1,1,1,1,1,1,1,1,1,-,1,1,1,1,-,1,1,1,1,1,1,1,1,1,1,1,1,1,1,1,1,1
imposito,-,-,-,-,-,-,-,-,-,-,-,-,-,-,-,0,-,-,-,-,-,-,-,-,-,-,-,1,-,-,0,-,-,-,-,-,-,-,-,-,-,-,-,-,-,-,-,-,-,-,-,-,-,-,-,-,-,-,-,0,-,-,-,-,-,-,-,-,-,-,-,-,-,-,-,-,-,-,-,-,-,-,-
qui,-,-,-,-,-,-,-,-,-,-,-,-,-,-,-,1,-,-,-,-,-,-,-,-,-,-,-,0,-,-,0,-,-,-,-,-,-,-,-,-,-,-,-,-,-,-,-,-,-,-,-,-,-,-,-,-,-,-,-,0,-,-,-,-,-,-,-,-,-,-,-,-,-,-,-,-,-,-,-,-,-,-,-
imposuit,-,-,-,-,-,-,-,-,-,-,-,-,-,-,-,0,-,-,-,-,-,-,-,-,-,-,-,0,-,-,1,-,-,-,-,-,-,-,-,-,-,-,-,-,-,-,-,-,-,-,-,-,-,-,-,-,-,-,-,0,-,-,-,-,-,-,-,-,-,-,-,-,-,-,-,-,-,-,-,-,-,-,-
imposiut,-,-,-,-,-,-,-,-,-,-,-,-,-,-,-,0,-,-,-,-,-,-,-,-,-,-,-,0,-,-,0,-,-,-,-,-,-,-,-,-,-,-,-,-,-,-,-,-,-,-,-,-,-,-,-,-,-,-,-,1,-,-,-,-,-,-,-,-,-,-,-,-,-,-,-,-,-,-,-,-,-,-,-
et,0,0,0,0,0,0,0,0,0,0,0,0,0,0,0,0,0,0,0,0,0,0,0,0,0,0,0,1,0,0,1,0,0,0,0,0,0,0,0,0,0,0,0,0,0,0,0,0,0,0,0,0,0,0,0,0,0,0,0,1,0,0,0,0,0,0,0,0,0,0,-,0,-,-,-,-,0,0,0,0,0,0,0
rebus,0,0,0,0,0,0,0,0,0,0,0,0,0,0,0,0,0,0,0,0,0,0,0,0,0,0,0,0,0,0,0,0,0,0,0,0,0,0,0,0,0,0,0,0,0,0,0,0,0,0,0,0,0,0,0,0,0,0,0,0,1,0,0,0,0,0,0,0,0,0,-,0,-,-,-,-,0,0,0,0,0,0,0
rebus,1,1,1,1,1,1,1,1,1,1,1,1,1,1,1,1,1,1,1,1,1,1,1,1,1,1,1,0,1,1,0,1,1,1,1,1,1,1,1,1,1,1,1,1,1,1,1,1,1,1,1,1,1,1,1,1,1,1,1,0,0,1,1,1,1,1,1,1,1,1,-,1,-,-,-,-,1,1,1,1,1,1,1
noibus,-,-,-,-,-,-,-,-,-,-,-,-,-,-,-,-,-,-,-,-,-,-,-,-,-,-,0,0,-,-,-,-,-,-,-,-,-,-,-,-,-,-,-,-,-,-,-,-,-,-,-,-,-,-,-,-,-,-,-,-,1,-,-,-,-,-,-,0,-,-,-,-,-,-,-,-,-,-,-,-,-,-,-
de,-,-,-,-,-,-,-,-,-,-,-,-,-,-,-,-,-,-,-,-,-,-,-,-,-,-,0,0,-,-,-,-,-,-,-,-,-,-,-,-,-,-,-,-,-,-,-,-,-,-,-,-,-,-,-,-,-,-,-,-,0,-,-,-,-,-,-,1,-,-,-,-,-,-,-,-,-,-,-,-,-,-,-
post dormicionem prophetasset,-,-,-,-,-,-,-,-,-,-,-,-,-,-,-,-,-,-,-,-,-,-,-,-,-,-,0,1,-,-,-,-,-,-,-,-,-,-,-,-,-,-,-,-,-,-,-,-,-,-,-,-,-,-,-,-,-,-,-,-,0,-,-,-,-,-,-,0,-,-,-,-,-,-,-,-,-,-,-,-,-,-,-
nomine,-,-,-,-,-,-,-,-,-,-,-,-,-,-,-,-,-,-,-,-,-,-,-,-,-,-,1,0,-,-,-,-,-,-,-,-,-,-,-,-,-,-,-,-,-,-,-,-,-,-,-,-,-,-,-,-,-,-,-,-,0,-,-,-,-,-,-,0,-,-,-,-,-,-,-,-,-,-,-,-,-,-,-
imposito,1,1,1,1,0,1,-,1,0,1,-,-,1,-,0,0,1,-,1,1,-,1,1,1,1,1,1,-,1,1,-,0,1,-,-,-,1,0,1,1,1,-,-,1,-,1,-,-,1,-,1,-,1,-,1,1,0,1,1,-,-,1,1,0,1,1,1,0,1,1,0,1,0,0,0,0,1,1,1,1,1,0,1
impositis nomine,0,0,0,0,0,0,-,0,0,0,-,-,0,-,0,1,0,-,0,0,-,0,0,0,0,0,0,-,0,0,-,0,0,-,-,-,0,0,0,0,0,-,-,0,-,0,-,-,0,-,0,-,0,-,0,0,0,0,0,-,-,0,0,0,0,0,0,0,0,0,0,0,0,0,0,0,0,0,0,0,0,0,0
imposuisset,0,0,0,0,0,0,-,0,0,0,-,-,0,-,0,0,0,-,0,0,-,0,0,0,0,0,0,-,0,0,-,0,0,-,-,-,0,1,0,0,0,-,-,0,-,0,-,-,0,-,0,-,0,-,0,0,0,0,0,-,-,0,0,0,0,0,0,0,0,0,0,0,0,0,0,0,0,0,0,0,0,0,0
rebus,0,0,0,0,0,0,-,0,0,0,-,-,0,-,0,0,0,-,0,0,-,0,0,0,0,0,0,-,0,0,-,0,0,-,-,-,0,0,0,0,0,-,-,0,-,0,-,-,0,-,0,-,0,-,0,0,0,0,0,-,-,0,0,0,0,0,0,1,0,0,1,0,1,1,1,1,0,0,0,0,0,0,0
inposito,0,0,0,0,0,0,-,0,1,0,-,-,0,-,1,0,0,-,0,0,-,0,0,0,0,0,0,-,0,0,-,1,0,-,-,-,0,0,0,0,0,-,-,0,-,0,-,-,0,-,0,-,0,-,0,0,0,0,0,-,-,0,0,1,0,0,0,0,0,0,0,0,0,0,0,0,0,0,0,0,0,0,0
imposita,0,0,0,0,1,0,-,0,0,0,-,-,0,-,0,0,0,-,0,0,-,0,0,0,0,0,0,-,0,0,-,0,0,-,-,-,0,0,0,0,0,-,-,0,-,0,-,-,0,-,0,-,0,-,0,0,1,0,0,-,-,0,0,0,0,0,0,0,0,0,0,0,0,0,0,0,0,0,0,0,0,1,0
impo,-,-,-,-,-,-,-,-,-,-,-,-,-,-,-,-,-,-,-,-,-,-,-,-,-,-,-,-,-,-,-,-,-,-,-,-,-,-,-,-,-,-,-,-,-,-,-,-,-,-,-,-,-,-,-,-,-,-,-,-,-,-,-,-,-,-,-,-,-,-,-,-,-,1,0,-,-,-,-,-,-,-,-
necnon,-,-,-,-,-,-,-,-,-,-,-,-,-,-,-,-,-,-,-,-,-,-,-,-,-,-,-,-,-,-,-,-,-,-,-,-,-,-,-,-,-,-,-,-,-,-,-,-,-,-,-,-,-,-,-,-,-,-,-,-,-,-,-,-,-,-,-,-,-,-,-,-,-,0,1,-,-,-,-,-,-,-,-
de,1,1,1,1,1,1,1,1,1,1,1,1,1,1,1,1,1,1,1,1,1,1,1,1,1,1,1,1,1,1,1,1,1,1,1,1,1,1,1,1,1,1,1,1,1,1,1,1,1,1,1,1,1,1,1,1,1,1,1,1,1,1,1,1,1,1,1,1,1,1,-,1,1,1,1,1,1,1,1,1,1,1,1
ecclesia,0,0,0,0,0,0,0,0,0,0,0,0,0,0,0,0,0,0,0,0,0,0,0,0,0,0,0,0,0,0,0,0,0,0,0,0,0,0,0,0,0,1,0,0,0,0,0,0,0,0,0,0,0,0,0,0,0,0,0,0,0,0,0,0,0,0,0,0,0,0,-,0,0,0,-,0,0,0,0,0,0,0,0
christo,1,1,1,1,1,1,1,1,1,1,1,1,1,1,1,1,1,1,1,1,1,1,1,1,1,1,1,1,1,1,1,1,1,1,1,1,1,1,1,1,1,0,1,1,1,1,1,1,1,1,1,1,1,1,1,1,1,1,1,1,1,1,1,1,1,1,1,1,1,1,-,1,1,1,-,1,1,1,1,1,1,1,1
et,1,1,1,1,1,1,1,1,1,1,1,1,1,1,1,1,1,1,1,1,1,1,1,1,1,1,1,1,1,1,1,1,1,1,1,1,1,1,1,1,1,1,1,1,1,1,1,1,1,1,1,1,1,1,1,1,1,1,1,1,1,1,1,1,1,1,1,1,0,1,-,1,1,1,-,1,1,1,1,1,1,1,1
et,0,0,0,0,0,0,0,0,0,0,0,0,0,0,0,0,0,0,0,0,0,0,0,0,0,0,0,0,0,0,0,0,0,0,0,0,0,0,0,0,0,0,0,0,0,0,0,0,0,0,0,0,0,0,0,0,0,0,0,0,0,0,0,0,0,0,0,0,1,0,-,0,0,0,-,0,0,0,0,0,0,0,0
te,-,-,-,-,-,-,-,-,-,-,-,-,-,-,-,-,-,-,-,-,-,-,-,-,-,-,-,-,-,-,-,-,-,-,1,-,-,-,-,-,-,0,-,-,-,-,-,-,-,-,-,-,-,-,-,-,-,-,-,-,-,-,-,-,-,-,-,-,-,-,-,-,-,-,-,-,-,-,-,-,-,-,-
christo,-,-,-,-,-,-,-,-,-,-,-,-,-,-,-,-,-,-,-,-,-,-,-,-,-,-,-,-,-,-,-,-,-,-,0,-,-,-,-,-,-,1,-,-,-,-,-,-,-,-,-,-,-,-,-,-,-,-,-,-,-,-,-,-,-,-,-,-,-,-,-,-,-,-,-,-,-,-,-,-,-,-,-
ecclesia,1,1,1,1,1,1,1,1,1,1,1,1,1,1,1,1,1,1,1,1,1,1,1,1,1,1,1,1,1,1,1,1,1,-,1,1,1,1,1,1,1,-,1,1,1,1,1,1,1,1,1,1,1,1,1,1,1,1,1,1,1,1,1,1,1,1,1,1,-,1,-,1,1,1,1,1,1,1,1,1,1,1,1
cum,-,-,-,-,-,-,-,-,-,-,-,-,-,-,-,-,-,-,-,-,-,-,-,-,-,-,-,-,-,-,-,-,-,-,-,-,-,-,-,-,-,-,-,-,-,-,-,-,-,-,-,-,-,-,-,-,-,-,-,1,-,-,-,-,-,-,-,-,-,-,-,-,-,-,-,-,-,-,-,-,-,-,-
prophetasset,1,1,1,1,1,1,1,1,1,1,1,1,1,1,1,1,1,1,-,1,1,1,1,1,1,1,1,-,1,1,1,1,1,-,1,1,1,1,1,1,1,1,1,1,1,1,1,1,1,1,-,1,1,1,0,1,1,1,1,1,1,1,1,1,1,1,1,1,1,1,1,1,1,1,1,1,1,1,1,1,1,1,1
prophatasset,0,0,0,0,0,0,0,0,0,0,0,0,0,0,0,0,0,0,-,0,0,0,0,0,0,0,0,-,0,0,0,0,0,-,0,0,0,0,0,0,0,0,0,0,0,0,0,0,0,0,-,0,0,0,1,0,0,0,0,0,0,0,0,0,0,0,0,0,0,0,0,0,0,0,0,0,0,0,0,0,0,0,0
et,1,0,1,1,1,1,1,1,1,1,1,1,1,1,1,1,1,1,1,1,1,1,1,-,1,1,1,1,1,1,-,1,1,1,-,1,1,1,1,1,1,1,1,1,1,1,1,1,1,1,-,1,1,1,1,1,1,1,1,1,1,1,1,1,1,1,1,1,1,1,1,1,1,1,1,1,-,1,1,1,1,1,1
eteidem,0,1,0,0,0,0,0,0,0,0,0,0,0,0,0,0,0,0,0,0,0,0,0,-,0,0,0,0,0,0,-,0,0,0,-,0,0,0,0,0,0,0,0,0,0,0,0,0,0,0,-,0,0,0,0,0,0,0,0,0,0,0,0,0,0,0,0,0,0,0,0,0,0,0,0,0,-,0,0,0,0,0,0
eidem,1,-,1,1,1,1,1,1,1,1,1,1,1,1,1,1,1,1,1,1,1,1,1,-,1,1,1,-,1,1,-,1,1,1,-,1,1,1,1,1,1,1,1,1,1,1,1,0,1,1,-,1,1,1,1,1,1,1,1,0,1,1,1,1,1,1,1,1,1,1,0,1,1,1,1,1,-,1,1,1,1,1,1
idem,0,-,0,0,0,0,0,0,0,0,0,0,0,0,0,0,0,0,0,0,0,0,0,-,0,0,0,-,0,0,-,0,0,0,-,0,0,0,0,0,0,0,0,0,0,0,0,1,0,0,-,0,0,0,0,0,0,0,0,0,0,0,0,0,0,0,0,0,0,0,0,0,0,0,0,0,-,0,0,0,0,0,0
Eider,0,-,0,0,0,0,0,0,0,0,0,0,0,0,0,0,0,0,0,0,0,0,0,-,0,0,0,-,0,0,-,0,0,0,-,0,0,0,0,0,0,0,0,0,0,0,0,0,0,0,-,0,0,0,0,0,0,0,0,0,0,0,0,0,0,0,0,0,0,0,1,0,0,0,0,0,-,0,0,0,0,0,0
eue,0,-,0,0,0,0,0,0,0,0,0,0,0,0,0,0,0,0,0,0,0,0,0,-,0,0,0,-,0,0,-,0,0,0,-,0,0,0,0,0,0,0,0,0,0,0,0,0,0,0,-,0,0,0,0,0,0,0,0,1,0,0,0,0,0,0,0,0,0,0,0,0,0,0,0,0,-,0,0,0,0,0,0
miti,-,-,-,-,-,-,-,-,-,-,-,-,-,-,-,0,-,-,-,-,0,-,-,-,-,-,-,0,-,-,0,-,-,-,0,-,1,-,-,-,-,-,-,0,-,-,-,-,-,-,-,-,-,-,-,-,-,-,-,-,0,0,-,-,-,-,-,0,-,-,-,-,-,-,-,-,-,-,-,-,-,-,-
de,-,-,-,-,-,-,-,-,-,-,-,-,-,-,-,0,-,-,-,-,0,-,-,-,-,-,-,1,-,-,0,-,-,-,0,-,0,-,-,-,-,-,-,0,-,-,-,-,-,-,-,-,-,-,-,-,-,-,-,-,0,1,-,-,-,-,-,0,-,-,-,-,-,-,-,-,-,-,-,-,-,-,-
facte,-,-,-,-,-,-,-,-,-,-,-,-,-,-,-,0,-,-,-,-,0,-,-,-,-,-,-,0,-,-,0,-,-,-,0,-,0,-,-,-,-,-,-,0,-,-,-,-,-,-,-,-,-,-,-,-,-,-,-,-,1,0,-,-,-,-,-,0,-,-,-,-,-,-,-,-,-,-,-,-,-,-,-
et,-,-,-,-,-,-,-,-,-,-,-,-,-,-,-,0,-,-,-,-,0,-,-,-,-,-,-,0,-,-,1,-,-,-,1,-,0,-,-,-,-,-,-,0,-,-,-,-,-,-,-,-,-,-,-,-,-,-,-,-,0,0,-,-,-,-,-,0,-,-,-,-,-,-,-,-,-,-,-,-,-,-,-
femine,-,-,-,-,-,-,-,-,-,-,-,-,-,-,-,1,-,-,-,-,1,-,-,-,-,-,-,0,-,-,0,-,-,-,0,-,0,-,-,-,-,-,-,0,-,-,-,-,-,-,-,-,-,-,-,-,-,-,-,-,0,0,-,-,-,-,-,0,-,-,-,-,-,-,-,-,-,-,-,-,-,-,-
uxori sue a serpente seducte,-,-,-,-,-,-,-,-,-,-,-,-,-,-,-,0,-,-,-,-,0,-,-,-,-,-,-,0,-,-,0,-,-,-,0,-,0,-,-,-,-,-,-,1,-,-,-,-,-,-,-,-,-,-,-,-,-,-,-,-,0,0,-,-,-,-,-,0,-,-,-,-,-,-,-,-,-,-,-,-,-,-,-
iii,-,-,-,-,-,-,-,-,-,-,-,-,-,-,-,0,-,-,-,-,0,-,-,-,-,-,-,0,-,-,0,-,-,-,0,-,0,-,-,-,-,-,-,0,-,-,-,-,-,-,-,-,-,-,-,-,-,-,-,-,0,0,-,-,-,-,-,1,-,-,-,-,-,-,-,-,-,-,-,-,-,-,-
comedendo,-,-,-,-,-,-,-,-,-,-,-,-,-,-,-,-,-,-,-,-,-,-,-,-,-,-,-,0,-,-,0,-,-,-,0,-,-,-,-,-,-,-,-,-,-,-,-,-,-,-,-,-,-,-,-,-,-,-,-,-,-,1,-,-,-,-,-,-,-,-,-,-,-,-,-,-,-,-,-,-,-,-,-
dilinuo furo et,-,-,-,-,-,-,-,-,-,-,-,-,-,-,-,-,-,-,-,-,-,-,-,-,-,-,-,1,-,-,0,-,-,-,0,-,-,-,-,-,-,-,-,-,-,-,-,-,-,-,-,-,-,-,-,-,-,-,-,-,-,0,-,-,-,-,-,-,-,-,-,-,-,-,-,-,-,-,-,-,-,-,-
e,-,-,-,-,-,-,-,-,-,-,-,-,-,-,-,-,-,-,-,-,-,-,-,-,-,-,-,0,-,-,0,-,-,-,1,-,-,-,-,-,-,-,-,-,-,-,-,-,-,-,-,-,-,-,-,-,-,-,-,-,-,0,-,-,-,-,-,-,-,-,-,-,-,-,-,-,-,-,-,-,-,-,-
cue,-,-,-,-,-,-,-,-,-,-,-,-,-,-,-,-,-,-,-,-,-,-,-,-,-,-,-,0,-,-,1,-,-,-,0,-,-,-,-,-,-,-,-,-,-,-,-,-,-,-,-,-,-,-,-,-,-,-,-,-,-,0,-,-,-,-,-,-,-,-,-,-,-,-,-,-,-,-,-,-,-,-,-
de,1,1,1,1,1,1,1,1,1,1,1,1,1,1,1,1,1,1,1,1,1,1,1,-,1,1,1,1,1,1,1,1,1,-,1,1,1,1,1,1,1,1,1,1,1,1,1,1,1,1,-,1,1,1,1,1,1,1,1,1,1,-,1,1,1,1,1,1,1,1,0,1,1,1,1,1,-,1,1,1,1,1,1
de,0,0,0,0,0,0,0,0,0,0,0,0,0,0,0,0,0,0,0,0,0,0,0,-,0,0,0,0,0,0,0,0,0,-,0,0,0,0,0,0,0,0,0,0,0,0,0,0,0,0,-,0,0,0,0,0,0,0,0,0,0,-,0,0,0,0,0,0,0,0,1,0,0,0,0,0,-,0,0,0,0,0,0
indicio proignie et postea libis sius idicanit et  rerepta alpente lyute uultu ugineum,-,-,-,-,-,-,-,-,0,-,-,-,-,-,-,-,-,-,-,-,-,-,-,-,-,-,0,1,-,-,-,-,-,-,-,-,-,-,-,-,-,-,-,-,-,-,-,-,-,-,-,-,-,-,-,-,-,-,-,-,-,0,-,-,-,-,-,-,0,-,-,-,-,-,-,-,-,-,-,-,-,-,-
pomo,-,-,-,-,-,-,-,-,1,-,-,-,-,-,-,-,-,-,-,-,-,-,-,-,-,-,1,0,-,-,-,-,-,-,-,-,-,-,-,-,-,-,-,-,-,-,-,-,-,-,-,-,-,-,-,-,-,-,-,-,-,1,-,-,-,-,-,-,1,-,-,-,-,-,-,-,-,-,-,-,-,-,-
et,-,-,-,-,-,-,-,-,-,-,-,-,-,-,-,-,-,-,-,-,-,-,-,-,-,-,-,1,-,-,-,-,-,-,-,-,-,-,-,-,-,-,-,-,-,-,-,-,-,-,-,-,-,-,-,-,-,-,-,-,-,-,-,-,-,-,-,-,-,-,-,-,-,-,-,-,-,-,-,-,-,-,-
eue,-,-,-,-,-,-,-,-,-,-,-,-,-,-,-,-,-,-,-,-,-,-,-,-,-,-,-,0,-,-,-,-,-,-,-,-,-,-,-,-,-,-,-,-,-,-,-,-,-,-,-,-,-,-,-,-,-,-,-,-,-,1,-,-,-,-,-,-,-,-,-,-,-,-,-,-,-,-,-,-,-,-,-
beta,-,-,-,-,-,-,-,-,-,-,-,-,-,-,-,-,-,-,-,-,-,-,-,-,-,-,-,1,-,-,-,-,-,-,-,-,-,-,-,-,-,-,-,-,-,-,-,-,-,-,-,-,-,-,-,-,-,-,-,-,-,0,-,-,-,-,-,-,-,-,-,-,-,-,-,-,-,-,-,-,-,-,-
de,-,-,-,-,-,-,-,-,-,-,-,-,-,-,-,-,-,-,-,-,-,-,-,-,-,-,-,1,-,-,-,-,-,-,-,-,-,-,-,-,-,-,-,-,-,-,-,-,-,-,-,-,-,-,-,-,-,-,-,-,-,-,-,-,-,-,-,-,-,-,-,-,-,-,-,-,-,-,-,-,-,-,-
comedendo,1,1,1,1,1,1,1,1,1,1,1,1,1,1,1,1,1,1,1,1,1,1,1,-,1,1,1,1,1,1,1,1,1,1,1,1,1,1,1,1,1,0,0,1,1,1,1,1,1,1,-,1,1,1,1,1,1,1,1,0,1,-,1,1,1,1,1,1,1,1,1,1,1,1,1,1,-,1,1,1,1,0,1
comedndo,0,0,0,0,0,0,0,0,0,0,0,0,0,0,0,0,0,0,0,0,0,0,0,-,0,0,0,0,0,0,0,0,0,0,0,0,0,0,0,0,0,1,1,0,0,0,0,0,0,0,-,0,0,0,0,0,0,0,0,1,0,-,0,0,0,0,0,0,0,0,0,0,0,0,0,0,-,0,0,0,0,0,0
comendo,0,0,0,0,0,0,0,0,0,0,0,0,0,0,0,0,0,0,0,0,0,0,0,-,0,0,0,0,0,0,0,0,0,0,0,0,0,0,0,0,0,0,0,0,0,0,0,0,0,0,-,0,0,0,0,0,0,0,0,0,0,-,0,0,0,0,0,0,0,0,0,0,0,0,0,0,-,0,0,0,0,1,0
pomium,0,0,0,0,0,0,0,0,-,0,0,0,0,0,0,0,0,0,0,0,0,0,0,-,0,0,-,0,0,0,0,0,0,0,0,0,0,1,0,0,0,0,0,0,0,0,0,0,0,0,-,0,0,0,0,0,0,0,0,0,0,-,0,0,0,0,0,0,-,0,0,0,0,0,0,0,-,0,0,0,0,0,0
pomo,0,0,0,0,0,0,0,0,-,0,0,0,0,0,0,0,0,0,0,0,0,0,0,-,0,0,-,0,0,0,0,0,0,0,0,0,0,0,0,0,0,0,0,0,0,0,0,0,0,0,-,0,0,0,0,0,0,0,0,0,0,-,0,0,0,0,0,0,-,0,1,0,0,0,0,0,-,0,0,0,0,0,0
pomoadquieuisset,0,0,0,0,0,0,0,0,-,0,0,0,0,0,0,0,0,0,0,0,0,0,0,-,0,0,-,0,0,0,0,0,0,0,0,0,0,0,0,0,0,0,0,0,0,0,0,0,0,0,-,0,0,0,0,0,0,0,0,0,0,-,0,1,0,0,0,0,-,0,0,0,0,0,0,0,-,0,0,0,0,0,0
poma,0,0,0,0,0,0,0,0,-,0,0,0,0,0,0,0,0,0,0,0,0,0,0,-,0,0,-,0,0,0,0,0,0,0,1,0,0,0,0,0,0,0,0,0,0,0,0,0,0,0,-,0,0,0,0,0,0,0,0,0,0,-,0,0,0,0,0,0,-,0,0,0,0,0,0,0,-,0,0,0,0,0,0
pomo,1,1,1,1,1,1,1,1,-,1,1,1,1,1,1,1,1,1,1,1,1,1,1,-,1,1,-,1,1,1,1,1,1,1,0,1,1,0,1,1,1,1,1,1,1,1,1,1,1,1,-,1,1,1,1,1,1,1,1,1,1,-,1,0,1,1,1,1,-,1,0,1,1,1,0,1,-,1,1,1,1,1,1
panes,0,0,0,0,0,0,0,0,-,0,0,0,0,0,0,0,0,0,0,0,0,0,0,-,0,0,-,0,0,0,0,0,0,0,0,0,0,0,0,0,0,0,0,0,0,0,0,0,0,0,-,0,0,0,0,0,0,0,0,0,0,-,0,0,0,0,0,0,-,0,0,0,0,0,1,0,-,0,0,0,0,0,0
a domino prohibito,-,-,-,-,-,-,-,-,-,-,-,-,-,-,-,-,-,-,-,-,-,-,-,-,1,-,-,-,-,-,-,-,-,-,-,-,-,-,-,-,-,-,-,-,-,-,-,-,-,-,-,-,1,-,-,-,-,-,-,-,-,-,-,-,-,-,1,-,-,-,-,-,-,-,-,-,-,-,-,-,-,-,-
acquieuissit,0,0,0,0,0,0,0,0,0,0,0,0,0,0,0,0,0,0,0,0,0,0,0,-,0,0,0,0,0,0,0,0,0,0,0,0,0,0,0,0,0,0,0,0,0,0,0,0,0,0,-,0,0,0,0,0,0,0,0,0,0,0,0,-,0,0,0,0,0,0,0,0,0,0,-,0,-,0,0,0,0,1,0
adquieuisset,0,0,0,0,0,0,0,0,0,0,0,1,0,0,0,0,0,0,0,0,1,0,0,-,0,0,0,0,0,0,0,0,0,0,0,0,0,0,0,1,0,0,0,1,0,0,1,1,1,1,-,0,0,1,0,1,0,0,0,0,0,1,0,-,1,0,0,0,0,0,0,0,0,1,-,1,-,1,0,0,0,0,0
serisisset,0,0,0,0,0,0,0,0,0,0,0,0,0,0,0,0,0,0,0,0,0,0,0,-,0,0,0,0,0,0,0,0,0,0,0,0,1,0,0,0,0,0,0,0,0,0,0,0,0,0,-,0,0,0,0,0,0,0,0,0,0,0,0,-,0,0,0,0,0,0,0,0,0,0,-,0,-,0,0,0,0,0,0
acqueuisset,0,0,0,0,0,0,0,0,0,0,0,0,0,0,0,0,0,0,0,0,0,0,0,-,0,0,0,0,0,0,0,0,0,0,0,0,0,0,0,0,0,0,0,0,0,0,0,0,0,0,-,0,0,0,0,0,0,0,0,0,1,0,0,-,0,0,0,0,0,0,0,0,0,0,-,0,-,0,0,0,0,0,0
acq,0,0,0,0,0,0,0,0,0,0,0,0,0,0,0,0,0,0,0,0,0,0,0,-,0,1,0,0,0,0,0,0,0,0,0,1,0,0,0,0,0,0,0,0,0,0,0,0,0,0,-,0,0,0,0,0,0,0,0,0,0,0,0,-,0,0,0,0,0,0,0,0,0,0,-,0,-,0,0,0,0,0,0
adquieuissent,0,0,0,0,0,0,0,0,0,0,0,0,0,0,0,0,0,0,0,0,0,0,0,-,0,0,0,0,0,0,0,0,0,1,0,0,0,0,0,0,0,0,0,0,0,0,0,0,0,0,-,0,0,0,0,0,0,0,0,0,0,0,0,-,0,0,0,0,0,0,0,0,0,0,-,0,-,0,0,0,0,0,0
acquieuisset,1,1,1,1,1,1,1,1,1,1,1,0,1,1,1,1,1,1,1,1,0,1,1,-,1,0,1,1,1,1,1,1,1,0,1,0,0,1,1,0,1,1,1,0,1,1,0,0,0,0,-,1,1,0,1,0,1,1,1,1,0,0,1,-,0,1,1,1,1,1,1,1,1,0,-,0,-,0,1,1,1,0,1
propter,-,-,-,-,-,-,-,-,-,-,-,-,-,-,-,-,-,-,-,-,-,-,-,-,1,-,-,-,0,-,-,-,-,-,-,0,-,0,-,-,-,-,-,-,-,-,-,-,-,-,-,-,-,-,-,-,0,-,-,-,-,-,-,-,-,-,-,-,-,-,-,-,-,-,-,-,-,-,-,-,-,-,-
uieuisset,-,-,-,-,-,-,-,-,-,-,-,-,-,-,-,-,-,-,-,-,-,-,-,-,0,-,-,-,0,-,-,-,-,-,-,1,-,0,-,-,-,-,-,-,-,-,-,-,-,-,-,-,-,-,-,-,0,-,-,-,-,-,-,-,-,-,-,-,-,-,-,-,-,-,-,-,-,-,-,-,-,-,-
et,-,-,-,-,-,-,-,-,-,-,-,-,-,-,-,-,-,-,-,-,-,-,-,-,0,-,-,-,0,-,-,-,-,-,-,0,-,1,-,-,-,-,-,-,-,-,-,-,-,-,-,-,-,-,-,-,1,-,-,-,-,-,-,-,-,-,-,-,-,-,-,-,-,-,-,-,-,-,-,-,-,-,-
disconueniencia,-,-,-,-,-,-,-,-,-,-,-,-,-,-,-,-,-,-,-,-,-,-,-,-,0,-,-,-,1,-,-,-,-,-,-,0,-,0,-,-,-,-,-,-,-,-,-,-,-,-,-,-,-,-,-,-,0,-,-,-,-,-,-,-,-,-,-,-,-,-,-,-,-,-,-,-,-,-,-,-,-,-,-
pro,1,1,1,1,1,1,1,1,1,1,1,1,1,1,1,1,1,1,1,1,1,1,1,1,-,1,1,1,-,1,1,1,1,1,1,1,1,1,1,1,1,1,1,1,1,1,1,1,1,1,-,1,1,1,1,1,-,1,1,1,1,1,1,1,1,1,1,1,1,1,1,1,1,1,1,1,1,1,1,1,1,1,1
disconuenientia,1,1,1,1,1,0,1,1,1,1,0,1,1,1,1,1,1,1,1,1,1,1,1,1,0,1,1,1,-,0,1,1,1,1,1,1,1,1,1,1,1,1,1,1,1,1,1,1,1,1,-,1,0,1,1,1,1,1,1,1,1,1,1,1,1,1,0,1,0,0,0,1,1,1,1,1,1,0,0,0,1,1,1
disconuenieniam,0,0,0,0,0,0,0,0,0,0,0,0,0,0,0,0,0,0,0,0,0,0,0,0,0,0,0,0,-,0,0,0,0,0,0,0,0,0,0,0,0,0,0,0,0,0,0,0,0,0,-,0,0,0,0,0,0,0,0,0,0,0,0,0,0,0,0,0,1,0,0,0,0,0,0,0,0,0,0,0,0,0,0
disconunenientia,0,0,0,0,0,0,0,0,0,0,0,0,0,0,0,0,0,0,0,0,0,0,0,0,0,0,0,0,-,1,0,0,0,0,0,0,0,0,0,0,0,0,0,0,0,0,0,0,0,0,-,0,0,0,0,0,0,0,0,0,0,0,0,0,0,0,0,0,0,0,0,0,0,0,0,0,0,0,0,0,0,0,0
disconuenientiam,0,0,0,0,0,0,0,0,0,0,1,0,0,0,0,0,0,0,0,0,0,0,0,0,1,0,0,0,-,0,0,0,0,0,0,0,0,0,0,0,0,0,0,0,0,0,0,0,0,0,-,0,1,0,0,0,0,0,0,0,0,0,0,0,0,0,1,0,0,0,0,0,0,0,0,0,0,0,0,0,0,0,0
disconuentia,0,0,0,0,0,0,0,0,0,0,0,0,0,0,0,0,0,0,0,0,0,0,0,0,0,0,0,0,-,0,0,0,0,0,0,0,0,0,0,0,0,0,0,0,0,0,0,0,0,0,-,0,0,0,0,0,0,0,0,0,0,0,0,0,0,0,0,0,0,1,0,0,0,0,0,0,0,0,0,0,0,0,0
incoueinentia,0,0,0,0,0,0,0,0,0,0,0,0,0,0,0,0,0,0,0,0,0,0,0,0,0,0,0,0,-,0,0,0,0,0,0,0,0,0,0,0,0,0,0,0,0,0,0,0,0,0,-,0,0,0,0,0,0,0,0,0,0,0,0,0,0,0,0,0,0,0,0,0,0,0,0,0,0,0,1,0,0,0,0
disconueniencia,0,0,0,0,0,0,0,0,0,0,0,0,0,0,0,0,0,0,0,0,0,0,0,0,0,0,0,0,-,0,0,0,0,0,0,0,0,0,0,0,0,0,0,0,0,0,0,0,0,0,-,0,0,0,0,0,0,0,0,0,0,0,0,0,0,0,0,0,0,0,0,0,0,0,0,0,0,1,0,0,0,0,0
disconuenentia,0,0,0,0,0,1,0,0,0,0,0,0,0,0,0,0,0,0,0,0,0,0,0,0,0,0,0,0,-,0,0,0,0,0,0,0,0,0,0,0,0,0,0,0,0,0,0,0,0,0,-,0,0,0,0,0,0,0,0,0,0,0,0,0,0,0,0,0,0,0,0,0,0,0,0,0,0,0,0,0,0,0,0
disconcinenciaitalis,0,0,0,0,0,0,0,0,0,0,0,0,0,0,0,0,0,0,0,0,0,0,0,0,0,0,0,0,-,0,0,0,0,0,0,0,0,0,0,0,0,0,0,0,0,0,0,0,0,0,-,0,0,0,0,0,0,0,0,0,0,0,0,0,0,0,0,0,0,0,1,0,0,0,0,0,0,0,0,0,0,0,0
disconenientia,0,0,0,0,0,0,0,0,0,0,0,0,0,0,0,0,0,0,0,0,0,0,0,0,0,0,0,0,-,0,0,0,0,0,0,0,0,0,0,0,0,0,0,0,0,0,0,0,0,0,-,0,0,0,0,0,0,0,0,0,0,0,0,0,0,0,0,0,0,0,0,0,0,0,0,0,0,0,0,1,0,0,0
nuditus,0,0,0,0,0,0,0,0,0,0,0,0,0,0,0,0,0,0,0,0,0,0,0,0,0,0,0,0,0,0,0,0,0,0,0,0,0,0,0,0,0,0,0,0,0,0,0,0,1,0,0,0,0,0,0,0,0,0,0,0,0,0,0,0,0,0,0,0,0,0,-,0,0,0,0,0,0,0,0,0,0,0,0
nuditatis,1,1,1,1,1,1,1,1,1,1,1,1,1,1,1,1,1,1,1,1,1,1,1,1,1,1,1,1,1,1,1,1,1,1,1,1,1,1,1,1,1,1,1,1,1,1,1,1,0,1,1,1,1,1,1,1,0,1,1,1,1,1,1,1,1,1,1,1,1,1,-,1,1,1,1,1,1,1,1,1,1,1,1
nudditatis,0,0,0,0,0,0,0,0,0,0,0,0,0,0,0,0,0,0,0,0,0,0,0,0,0,0,0,0,0,0,0,0,0,0,0,0,0,0,0,0,0,0,0,0,0,0,0,0,0,0,0,0,0,0,0,0,1,0,0,0,0,0,0,0,0,0,0,0,0,0,-,0,0,0,0,0,0,0,0,0,0,0,0
sue,-,-,-,-,-,-,-,-,-,-,-,-,-,-,-,0,-,-,-,-,-,-,-,-,0,-,-,-,-,-,-,-,-,-,-,-,-,-,-,-,-,-,-,-,-,-,-,-,-,-,-,-,0,-,-,-,-,-,-,-,1,-,-,-,-,-,0,-,-,-,-,-,-,-,-,-,-,-,-,-,-,0,-
sua,-,-,-,-,-,-,-,-,-,-,-,-,-,-,-,0,-,-,-,-,-,-,-,-,0,-,-,-,-,-,-,-,-,-,-,-,-,-,-,-,-,-,-,-,-,-,-,-,-,-,-,-,1,-,-,-,-,-,-,-,0,-,-,-,-,-,0,-,-,-,-,-,-,-,-,-,-,-,-,-,-,0,-
facte,-,-,-,-,-,-,-,-,-,-,-,-,-,-,-,0,-,-,-,-,-,-,-,-,1,-,-,-,-,-,-,-,-,-,-,-,-,-,-,-,-,-,-,-,-,-,-,-,-,-,-,-,0,-,-,-,-,-,-,-,0,-,-,-,-,-,0,-,-,-,-,-,-,-,-,-,-,-,-,-,-,0,-
sue,-,-,-,-,-,-,-,-,-,-,-,-,-,-,-,1,-,-,-,-,-,-,-,-,0,-,-,-,-,-,-,-,-,-,-,-,-,-,-,-,-,-,-,-,-,-,-,-,-,-,-,-,0,-,-,-,-,-,-,-,0,-,-,-,-,-,1,-,-,-,-,-,-,-,-,-,-,-,-,-,-,0,-
pery zomatibus,-,-,-,-,-,-,-,-,-,-,-,-,-,-,-,0,-,-,-,-,-,-,-,-,0,-,-,-,-,-,-,-,-,-,-,-,-,-,-,-,-,-,-,-,-,-,-,-,-,-,-,-,0,-,-,-,-,-,-,-,0,-,-,-,-,-,0,-,-,-,-,-,-,-,-,-,-,-,-,-,-,1,-
statim agnite,-,-,-,-,-,-,-,-,-,-,-,-,-,-,-,1,-,-,-,-,-,-,-,-,-,-,-,-,-,-,-,-,-,-,-,-,-,-,-,-,-,-,-,-,-,-,-,-,-,-,-,-,-,-,-,-,-,-,-,-,0,-,-,-,-,-,-,-,-,-,-,-,-,-,-,-,-,-,-,-,-,-,-
agiute,-,-,-,-,-,-,-,-,-,-,-,-,-,-,-,0,-,-,-,-,-,-,-,-,-,-,-,-,-,-,-,-,-,-,-,-,-,-,-,-,-,-,-,-,-,-,-,-,-,-,-,-,-,-,-,-,-,-,-,-,1,-,-,-,-,-,-,-,-,-,-,-,-,-,-,-,-,-,-,-,-,-,-
facte,0,0,0,0,0,0,0,0,0,0,0,0,0,0,0,0,0,0,-,0,0,0,0,-,0,0,0,0,0,0,0,0,0,0,0,0,0,0,0,0,0,0,0,0,0,0,0,0,0,0,0,0,0,0,0,0,0,0,0,0,0,0,0,0,0,0,0,0,1,0,0,0,0,0,0,0,0,0,0,0,0,0,0
facttis,0,0,0,0,0,0,0,0,0,0,0,0,1,0,0,0,0,0,-,0,0,0,0,-,0,0,0,0,0,0,0,0,0,0,0,0,0,0,0,0,0,0,0,0,0,0,0,0,0,0,0,0,0,0,0,0,0,0,0,0,0,0,0,0,0,0,0,0,0,0,0,0,0,0,0,0,0,0,0,0,0,0,0
factis,1,1,1,1,1,1,1,1,1,1,1,1,0,1,1,1,1,1,-,1,1,1,1,-,1,1,1,1,1,1,1,1,1,1,1,1,1,1,1,1,1,1,1,1,1,1,1,0,1,1,1,1,1,1,1,1,1,1,1,1,1,1,1,1,1,1,1,1,0,1,1,1,1,1,1,1,1,1,1,1,1,1,1
factus,0,0,0,0,0,0,0,0,0,0,0,0,0,0,0,0,0,0,-,0,0,0,0,-,0,0,0,0,0,0,0,0,0,0,0,0,0,0,0,0,0,0,0,0,0,0,0,1,0,0,0,0,0,0,0,0,0,0,0,0,0,0,0,0,0,0,0,0,0,0,0,0,0,0,0,0,0,0,0,0,0,0,0
sibi,-,-,-,-,-,-,-,-,-,-,-,-,-,-,-,-,-,-,-,-,-,-,-,-,0,-,-,-,-,-,-,-,-,-,-,-,-,-,-,-,-,-,-,-,-,-,-,-,-,-,-,-,-,-,-,-,-,-,-,-,-,-,-,-,-,-,1,-,-,-,-,-,-,-,-,-,-,-,-,-,-,-,-
est,-,-,-,-,-,-,-,-,-,-,-,-,-,-,-,-,-,-,-,-,-,-,-,-,1,-,-,-,-,-,-,-,-,-,-,-,-,-,-,-,-,-,-,-,-,-,-,-,-,-,-,-,-,-,-,-,-,-,-,-,-,-,-,-,-,-,0,-,-,-,-,-,-,-,-,-,-,-,-,-,-,-,-
perizoma matibus,0,0,0,0,0,0,0,0,0,0,0,0,0,0,0,0,0,0,0,0,0,0,0,0,0,0,0,0,0,0,0,0,0,0,0,0,0,0,0,0,0,0,0,0,0,0,0,0,0,0,0,0,-,0,0,0,0,0,0,0,0,0,0,0,0,0,0,0,0,0,0,0,-,0,0,0,0,0,0,1,0,-,0
perysomatibus,0,0,0,0,0,0,0,0,0,0,0,0,0,0,0,0,0,0,0,0,0,0,0,0,0,0,0,0,0,0,0,0,0,0,0,0,0,0,0,0,0,0,0,0,1,0,0,0,0,0,0,0,-,0,0,0,0,0,0,0,0,0,0,0,0,0,0,0,0,0,0,0,-,0,0,0,0,1,0,0,0,-,0
perizomatibus,1,1,1,1,1,0,1,1,0,1,1,0,1,1,1,0,1,1,1,1,1,1,1,1,1,0,1,1,1,1,0,1,1,1,0,1,1,1,0,1,1,0,1,1,0,1,0,1,1,1,1,0,-,1,1,1,1,1,1,1,1,1,0,1,1,1,1,1,0,1,0,0,-,1,1,1,1,0,1,0,1,-,1
parizomatibus,0,0,0,0,0,0,0,0,0,0,0,0,0,0,0,0,0,0,0,0,0,0,0,0,0,0,0,0,0,0,0,0,0,0,0,0,0,0,0,0,0,0,0,0,0,0,0,0,0,0,0,0,-,0,0,0,0,0,0,0,0,0,1,0,0,0,0,0,0,0,0,0,-,0,0,0,0,0,0,0,0,-,0
perisomatibusa,0,0,0,0,0,0,0,0,0,0,0,0,0,0,0,0,0,0,0,0,0,0,0,0,0,0,0,0,0,0,0,0,0,0,0,0,0,0,0,0,0,0,0,0,0,0,0,0,0,0,0,0,-,0,0,0,0,0,0,0,0,0,0,0,0,0,0,0,0,0,1,0,-,0,0,0,0,0,0,0,0,-,0
peryzomatibus,0,0,0,0,0,1,0,0,0,0,0,1,0,0,0,0,0,0,0,0,0,0,0,0,0,1,0,0,0,0,0,0,0,0,0,0,0,0,1,0,0,1,0,0,0,0,1,0,0,0,0,0,-,0,0,0,0,0,0,0,0,0,0,0,0,0,0,0,1,0,0,1,-,0,0,0,0,0,0,0,0,-,0
peryzhomatibus,0,0,0,0,0,0,0,0,1,0,0,0,0,0,0,0,0,0,0,0,0,0,0,0,0,0,0,0,0,0,0,0,0,0,0,0,0,0,0,0,0,0,0,0,0,0,0,0,0,0,0,0,-,0,0,0,0,0,0,0,0,0,0,0,0,0,0,0,0,0,0,0,-,0,0,0,0,0,0,0,0,-,0
periozomatibus,0,0,0,0,0,0,0,0,0,0,0,0,0,0,0,1,0,0,0,0,0,0,0,0,0,0,0,0,0,0,0,0,0,0,0,0,0,0,0,0,0,0,0,0,0,0,0,0,0,0,0,0,-,0,0,0,0,0,0,0,0,0,0,0,0,0,0,0,0,0,0,0,-,0,0,0,0,0,0,0,0,-,0
perisomatibus,0,0,0,0,0,0,0,0,0,0,0,0,0,0,0,0,0,0,0,0,0,0,0,0,0,0,0,0,0,0,1,0,0,0,0,0,0,0,0,0,0,0,0,0,0,0,0,0,0,0,0,1,-,0,0,0,0,0,0,0,0,0,0,0,0,0,0,0,0,0,0,0,-,0,0,0,0,0,0,0,0,-,0
perizomatibus,0,0,0,0,0,0,0,0,0,0,0,0,0,0,0,0,0,0,0,0,0,0,0,0,0,0,0,0,0,0,0,0,0,0,1,0,0,0,0,0,0,0,0,0,0,0,0,0,0,0,0,0,-,0,0,0,0,0,0,0,0,0,0,0,0,0,0,0,0,0,0,0,-,0,0,0,0,0,0,0,0,-,0
a deo,-,-,-,-,-,-,-,-,-,-,-,-,-,-,-,-,-,-,-,-,-,-,-,-,0,-,-,0,-,0,-,-,-,-,-,-,-,-,-,-,1,-,-,-,-,-,-,1,-,-,-,-,-,-,-,-,-,-,1,-,-,-,-,-,-,-,0,-,-,-,-,-,-,-,0,-,-,-,-,-,-,-,-
de,-,-,-,-,-,-,-,-,-,-,-,-,-,-,-,-,-,-,-,-,-,-,-,-,1,-,-,0,-,0,-,-,-,-,-,-,-,-,-,-,0,-,-,-,-,-,-,0,-,-,-,-,-,-,-,-,-,-,0,-,-,-,-,-,-,-,1,-,-,-,-,-,-,-,0,-,-,-,-,-,-,-,-
da,-,-,-,-,-,-,-,-,-,-,-,-,-,-,-,-,-,-,-,-,-,-,-,-,0,-,-,0,-,0,-,-,-,-,-,-,-,-,-,-,0,-,-,-,-,-,-,0,-,-,-,-,-,-,-,-,-,-,0,-,-,-,-,-,-,-,0,-,-,-,-,-,-,-,1,-,-,-,-,-,-,-,-
s,-,-,-,-,-,-,-,-,-,-,-,-,-,-,-,-,-,-,-,-,-,-,-,-,0,-,-,1,-,0,-,-,-,-,-,-,-,-,-,-,0,-,-,-,-,-,-,0,-,-,-,-,-,-,-,-,-,-,0,-,-,-,-,-,-,-,0,-,-,-,-,-,-,-,0,-,-,-,-,-,-,-,-
qi,-,-,-,-,-,-,-,-,-,-,-,-,-,-,-,-,-,-,-,-,-,-,-,-,0,-,-,0,-,1,-,-,-,-,-,-,-,-,-,-,0,-,-,-,-,-,-,0,-,-,-,-,-,-,-,-,-,-,0,-,-,-,-,-,-,-,0,-,-,-,-,-,-,-,0,-,-,-,-,-,-,-,-
fabio fiani,-,-,-,-,-,-,-,-,-,-,-,-,-,-,-,-,-,-,-,-,-,-,-,-,1,-,-,-,-,-,-,-,-,-,-,-,-,-,-,-,0,-,-,-,-,-,-,-,-,-,-,-,-,-,-,-,-,-,0,-,0,-,-,-,-,-,0,-,-,-,-,-,-,-,-,-,-,-,-,-,-,-,-
folus,-,-,-,-,-,-,-,-,-,-,-,-,-,-,-,-,-,-,-,-,-,-,-,-,0,-,-,-,-,-,-,-,-,-,-,-,-,-,-,-,0,-,-,-,-,-,-,-,-,-,-,-,-,-,-,-,-,-,0,-,1,-,-,-,-,-,1,-,-,-,-,-,-,-,-,-,-,-,-,-,-,-,-
post increpationem,-,-,-,-,-,-,-,-,-,-,-,-,-,-,-,-,-,-,-,-,-,-,-,-,0,-,-,-,-,-,-,-,-,-,-,-,-,-,-,-,1,-,-,-,-,-,-,-,-,-,-,-,-,-,-,-,-,-,1,-,0,-,-,-,-,-,0,-,-,-,-,-,-,-,-,-,-,-,-,-,-,-,-
sicut,-,-,-,-,-,-,-,-,-,-,-,-,-,-,-,-,-,-,-,-,-,-,-,-,-,-,-,-,-,-,-,-,-,-,-,-,-,-,-,-,-,-,-,-,-,-,-,-,-,-,-,-,-,-,-,-,-,-,-,-,1,-,-,-,-,-,0,-,-,-,-,-,-,-,-,-,-,-,-,-,-,-,-
suum,-,-,-,-,-,-,-,-,-,-,-,-,-,-,-,-,-,-,-,-,-,-,-,-,-,-,-,-,-,-,-,-,-,-,-,-,-,-,-,-,-,-,-,-,-,-,-,-,-,-,-,-,-,-,-,-,-,-,-,-,0,-,-,-,-,-,1,-,-,-,-,-,-,-,-,-,-,-,-,-,-,-,-
de,-,-,-,-,-,-,-,-,-,-,-,-,-,-,-,1,-,-,-,-,-,-,-,-,1,-,-,1,-,-,-,-,-,-,-,-,-,-,-,-,-,-,-,-,-,-,-,-,-,-,-,-,-,-,-,-,-,-,-,-,-,-,-,-,-,-,1,-,-,-,-,-,-,-,-,-,-,-,-,-,-,-,-
paradiso cum,-,-,-,-,-,-,-,-,-,-,-,-,-,-,-,0,-,-,-,-,-,-,-,-,1,-,-,0,-,-,-,-,-,-,-,-,-,-,-,-,-,-,-,-,-,-,-,-,-,-,-,-,-,-,-,-,-,-,-,-,-,-,-,-,-,-,1,-,-,-,-,-,-,-,-,-,-,-,-,-,-,-,-
solus sicus,-,-,-,-,-,-,-,-,-,-,-,-,-,-,-,1,-,-,-,-,-,-,-,-,0,-,-,0,-,-,-,-,-,-,-,-,-,-,-,-,-,-,-,-,-,-,-,-,-,-,-,-,-,-,-,-,-,-,-,-,-,-,-,-,-,-,0,-,-,-,-,-,-,-,-,-,-,-,-,-,-,-,-
polys fratrem,-,-,-,-,-,-,-,-,-,-,-,-,-,-,-,0,-,-,-,-,-,-,-,-,0,-,-,1,-,-,-,-,-,-,-,-,-,-,-,-,-,-,-,-,-,-,-,-,-,-,-,-,-,-,-,-,-,-,-,-,-,-,-,-,-,-,0,-,-,-,-,-,-,-,-,-,-,-,-,-,-,-,-
ca,-,-,-,-,-,-,-,-,-,-,-,-,-,-,-,-,-,-,-,-,-,-,-,-,1,-,-,-,-,-,-,-,-,-,-,-,-,-,-,-,-,-,-,-,-,-,-,-,-,-,-,-,-,-,-,-,-,-,-,-,-,-,-,-,-,-,0,-,-,-,-,-,-,-,-,-,-,-,-,-,-,-,-
ea,-,-,-,-,-,-,-,-,-,-,-,-,-,-,-,-,-,-,-,-,-,-,-,-,0,-,-,-,-,-,-,-,-,-,-,-,-,-,-,-,-,-,-,-,-,-,-,-,-,-,-,-,-,-,-,-,-,-,-,-,-,-,-,-,-,-,1,-,-,-,-,-,-,-,-,-,-,-,-,-,-,-,-
a,1,1,1,1,1,1,1,1,1,1,1,1,1,1,1,1,1,1,1,1,1,1,1,1,1,1,1,1,1,1,1,1,1,1,-,1,1,1,-,1,-,1,1,1,1,1,1,-,1,1,1,1,-,1,1,1,1,1,-,1,1,1,1,1,1,1,1,1,1,1,-,1,1,1,-,1,1,1,1,1,1,1,1
domino,1,1,1,1,1,1,1,1,1,1,1,1,1,1,1,1,1,1,1,1,1,1,1,1,1,1,1,1,1,1,1,1,1,1,-,1,1,1,-,1,-,1,1,1,1,1,1,-,1,1,1,1,-,1,1,1,1,1,-,1,1,1,1,1,1,1,1,1,1,1,1,1,1,1,-,1,1,1,1,1,1,1,1
de,1,1,1,-,1,1,0,-,1,1,1,1,1,1,1,1,1,1,1,1,1,-,1,1,0,1,1,1,1,1,1,1,1,1,1,1,1,1,-,-,1,1,1,1,1,1,1,1,1,1,1,1,-,1,1,1,1,1,1,1,1,1,1,1,1,1,0,1,1,1,1,1,0,1,-,1,1,1,1,1,-,1,-
perizomatibus,0,0,0,-,0,0,0,-,0,0,0,0,0,0,0,0,0,0,0,0,0,-,0,0,0,0,0,0,0,0,0,0,0,0,0,0,0,0,-,-,0,0,0,0,0,0,0,0,0,0,0,0,-,0,0,0,0,0,0,0,0,0,0,0,0,0,0,0,0,0,0,0,1,0,-,0,0,0,0,0,-,0,-
d,0,0,0,-,0,0,1,-,0,0,0,0,0,0,0,0,0,0,0,0,0,-,0,0,0,0,0,0,0,0,0,0,0,0,0,0,0,0,-,-,0,0,0,0,0,0,0,0,0,0,0,0,-,0,0,0,0,0,0,0,0,0,0,0,0,0,0,0,0,0,0,0,0,0,-,0,0,0,0,0,-,0,-
est,0,0,0,-,0,0,0,-,0,0,0,0,0,0,0,0,0,0,0,0,0,-,0,0,1,0,0,0,0,0,0,0,0,0,0,0,0,0,-,-,0,0,0,0,0,0,0,0,0,0,0,0,-,0,0,0,0,0,0,0,0,0,0,0,0,0,1,0,0,0,0,0,0,0,-,0,0,0,0,0,-,0,-
paradyso,1,0,0,0,1,0,0,0,1,0,0,0,0,0,1,0,0,1,0,1,0,1,0,0,0,1,0,1,0,0,0,1,0,0,1,0,1,1,-,1,0,0,0,0,1,0,0,0,1,0,0,0,-,0,0,0,0,0,0,0,1,0,0,1,1,1,0,0,0,0,0,0,-,0,0,0,0,0,0,0,0,1,0
eitus,0,0,0,0,0,0,0,0,0,0,0,0,0,0,0,0,0,0,0,0,0,0,0,0,1,0,0,0,0,0,0,0,0,0,0,0,0,0,-,0,0,0,0,0,0,0,0,0,0,0,0,0,-,0,0,0,0,0,0,0,0,0,0,0,0,0,0,0,0,0,0,0,-,0,0,0,0,0,0,0,0,0,0
pardiso,0,0,0,0,0,0,0,0,0,0,0,0,0,0,0,0,0,0,0,0,0,0,0,0,0,0,0,0,0,0,0,0,0,0,0,0,0,0,-,0,0,1,0,0,0,0,0,0,0,0,0,0,-,0,0,0,0,0,0,0,0,0,0,0,0,0,0,0,0,0,0,0,-,0,0,0,0,0,0,0,0,0,0
eictus,0,0,0,0,0,0,0,0,0,0,0,0,0,0,0,0,0,0,0,0,0,0,0,0,0,0,0,0,0,0,0,0,0,0,0,0,0,0,-,0,0,0,0,0,0,0,0,0,0,0,0,0,-,0,0,0,0,0,0,0,0,0,0,0,0,0,1,0,0,0,0,0,-,0,0,0,0,0,0,0,0,0,0
paradisso,0,0,0,0,0,0,0,0,0,0,0,0,0,0,0,0,0,0,0,0,0,0,0,0,0,0,0,0,0,0,0,0,0,0,0,0,0,0,-,0,0,0,1,0,0,0,0,0,0,0,0,0,-,0,0,0,0,0,0,0,0,0,0,0,0,0,0,0,0,0,0,0,-,0,0,0,0,0,0,0,0,0,0
paradiso,0,1,1,1,0,1,1,1,0,1,1,1,1,1,0,1,1,0,1,0,1,0,1,1,0,0,1,0,1,1,1,0,1,1,0,1,0,0,-,0,1,0,0,0,0,1,1,1,0,1,1,1,-,1,1,1,1,1,1,1,0,1,1,0,0,0,0,1,1,1,1,1,-,1,1,1,1,1,1,1,1,0,1
para diso,0,0,0,0,0,0,0,0,0,0,0,0,0,0,0,0,0,0,0,0,0,0,0,0,0,0,0,0,0,0,0,0,0,0,0,0,0,0,-,0,0,0,0,1,0,0,0,0,0,0,0,0,-,0,0,0,0,0,0,0,0,0,0,0,0,0,0,0,0,0,0,0,-,0,0,0,0,0,0,0,0,0,0
collocatuscherubin,-,-,-,-,-,-,-,-,-,-,-,-,-,-,-,0,-,-,-,-,-,-,-,-,-,-,-,-,-,0,-,-,-,-,-,-,-,-,-,-,0,-,-,-,-,-,-,-,-,-,-,-,-,-,-,-,-,-,0,-,0,-,0,-,-,-,0,-,-,-,1,0,-,-,-,-,-,-,-,0,-,-,-
eiectus,-,-,-,-,-,-,-,-,-,-,-,-,-,-,-,1,-,-,-,-,-,-,-,-,-,-,-,-,-,0,-,-,-,-,-,-,-,-,-,-,1,-,-,-,-,-,-,-,-,-,-,-,-,-,-,-,-,-,1,-,0,-,0,-,-,-,1,-,-,-,0,0,-,-,-,-,-,-,-,0,-,-,-
colocatis,-,-,-,-,-,-,-,-,-,-,-,-,-,-,-,0,-,-,-,-,-,-,-,-,-,-,-,-,-,0,-,-,-,-,-,-,-,-,-,-,0,-,-,-,-,-,-,-,-,-,-,-,-,-,-,-,-,-,0,-,0,-,1,-,-,-,0,-,-,-,0,0,-,-,-,-,-,-,-,0,-,-,-
citus,-,-,-,-,-,-,-,-,-,-,-,-,-,-,-,0,-,-,-,-,-,-,-,-,-,-,-,-,-,0,-,-,-,-,-,-,-,-,-,-,0,-,-,-,-,-,-,-,-,-,-,-,-,-,-,-,-,-,0,-,1,-,0,-,-,-,0,-,-,-,0,0,-,-,-,-,-,-,-,0,-,-,-
merat,-,-,-,-,-,-,-,-,-,-,-,-,-,-,-,0,-,-,-,-,-,-,-,-,-,-,-,-,-,1,-,-,-,-,-,-,-,-,-,-,0,-,-,-,-,-,-,-,-,-,-,-,-,-,-,-,-,-,0,-,0,-,0,-,-,-,0,-,-,-,0,0,-,-,-,-,-,-,-,0,-,-,-
collogatis,-,-,-,-,-,-,-,-,-,-,-,-,-,-,-,0,-,-,-,-,-,-,-,-,-,-,-,-,-,0,-,-,-,-,-,-,-,-,-,-,0,-,-,-,-,-,-,-,-,-,-,-,-,-,-,-,-,-,0,-,0,-,0,-,-,-,0,-,-,-,0,0,-,-,-,-,-,-,-,1,-,-,-
colloquatis,-,-,-,-,-,-,-,-,-,-,-,-,-,-,-,0,-,-,-,-,-,-,-,-,-,-,-,-,-,0,-,-,-,-,-,-,-,-,-,-,0,-,-,-,-,-,-,-,-,-,-,-,-,-,-,-,-,-,0,-,0,-,0,-,-,-,0,-,-,-,0,1,-,-,-,-,-,-,-,0,-,-,-
collocato,-,-,-,-,-,-,-,-,-,-,-,-,-,-,-,-,-,-,-,-,-,-,-,-,0,-,-,-,-,-,-,-,-,-,-,-,-,-,-,-,1,-,-,-,-,-,-,-,-,-,-,-,0,-,-,-,-,-,1,-,-,-,-,-,-,-,0,-,-,-,-,-,-,-,-,-,-,-,-,-,-,-,-
et,-,-,-,-,-,-,-,-,-,-,-,-,-,-,-,-,-,-,-,-,-,-,-,-,1,-,-,-,-,-,-,-,-,-,-,-,-,-,-,-,0,-,-,-,-,-,-,-,-,-,-,-,0,-,-,-,-,-,0,-,-,-,-,-,-,-,0,-,-,-,-,-,-,-,-,-,-,-,-,-,-,-,-
et,-,-,-,-,-,-,-,-,-,-,-,-,-,-,-,-,-,-,-,-,-,-,-,-,0,-,-,-,-,-,-,-,-,-,-,-,-,-,-,-,0,-,-,-,-,-,-,-,-,-,-,-,1,-,-,-,-,-,0,-,-,-,-,-,-,-,1,-,-,-,-,-,-,-,-,-,-,-,-,-,-,-,-
ante,-,-,-,-,-,-,-,-,-,-,-,-,-,-,-,-,-,-,-,-,-,-,-,-,-,-,-,-,-,-,-,-,-,-,-,-,-,-,-,-,-,-,-,-,-,-,-,-,-,-,-,-,1,-,-,-,-,-,-,-,-,-,-,-,-,-,1,-,-,-,-,-,-,-,-,-,-,-,-,-,-,-,-
paradisi,-,-,-,-,-,-,-,-,-,-,-,-,-,-,-,-,-,-,-,-,-,-,-,-,1,-,-,-,-,-,-,-,-,-,-,-,-,-,-,-,-,-,-,-,-,-,-,-,-,-,-,-,1,-,-,-,-,-,-,-,-,-,-,-,-,-,1,-,-,-,-,-,-,-,-,-,-,-,-,-,-,-,-
post,-,-,-,-,-,-,-,-,-,-,-,-,-,-,-,1,-,-,-,-,-,-,-,-,0,-,-,-,-,-,-,-,-,-,-,-,-,-,-,-,-,-,-,-,-,-,-,-,1,-,-,-,1,-,-,-,-,-,-,-,1,-,-,-,-,-,0,-,-,-,-,-,-,-,-,-,-,-,-,-,-,-,-
postquam,-,-,-,-,-,-,-,-,-,-,-,-,-,-,-,0,-,-,-,-,-,-,-,-,0,-,-,-,-,-,-,-,-,-,-,-,-,-,-,-,-,-,-,-,-,-,-,-,0,-,-,-,0,-,-,-,-,-,-,-,0,-,-,-,-,-,1,-,-,-,-,-,-,-,-,-,-,-,-,-,-,-,-
postam,-,-,-,-,-,-,-,-,-,-,-,-,-,-,-,0,-,-,-,-,-,-,-,-,1,-,-,-,-,-,-,-,-,-,-,-,-,-,-,-,-,-,-,-,-,-,-,-,0,-,-,-,0,-,-,-,-,-,-,-,0,-,-,-,-,-,0,-,-,-,-,-,-,-,-,-,-,-,-,-,-,-,-
tam,-,-,-,-,-,-,-,-,-,-,-,-,-,-,-,0,-,-,-,-,-,-,-,-,-,-,-,-,-,-,-,-,-,-,-,-,-,-,-,-,-,-,-,-,-,-,-,-,0,-,-,-,1,-,-,-,-,-,-,-,0,-,-,-,-,-,-,-,-,-,-,-,-,-,-,-,-,-,-,-,-,-,-
increpationem,-,-,-,-,-,-,-,-,-,-,-,-,-,-,-,1,-,-,-,-,-,-,-,-,-,-,-,-,-,-,-,-,-,-,-,-,-,-,-,-,-,-,-,-,-,-,-,-,1,-,-,-,0,-,-,-,-,-,-,-,1,-,-,-,-,-,-,-,-,-,-,-,-,-,-,-,-,-,-,-,-,-,-
collocatis,1,1,1,1,1,1,1,1,1,1,1,1,1,1,1,1,1,1,1,1,1,1,1,1,-,1,1,1,1,1,1,1,1,1,1,1,1,1,1,1,-,1,1,1,1,1,1,1,1,1,1,1,-,1,1,-,1,1,-,1,1,1,-,1,1,1,-,1,1,1,-,-,1,1,1,1,1,1,1,-,1,1,1
an,-,-,-,-,-,-,-,-,-,-,-,-,-,-,-,0,-,-,-,-,-,-,-,-,-,-,-,-,-,-,-,-,-,-,-,-,-,-,-,-,-,-,-,-,-,-,-,1,-,-,-,-,-,-,-,-,-,-,-,-,0,-,-,-,-,-,-,-,-,-,-,-,0,-,-,-,-,-,-,-,-,-,-
in,-,-,-,-,-,-,-,-,-,-,-,-,-,-,-,1,-,-,-,-,-,-,-,-,-,-,-,-,-,-,-,-,-,-,-,-,-,-,-,-,-,-,-,-,-,-,-,0,-,-,-,-,-,-,-,-,-,-,-,-,1,-,-,-,-,-,-,-,-,-,-,-,1,-,-,-,-,-,-,-,-,-,-
aditu,-,-,-,-,-,-,-,-,-,-,-,-,-,-,-,1,-,-,-,-,-,-,-,-,-,-,-,-,-,-,-,-,-,-,-,-,-,-,-,-,-,-,-,-,-,-,-,-,-,-,-,-,-,-,-,-,-,-,-,-,1,-,-,-,-,-,-,-,-,-,-,-,0,-,-,-,-,-,-,-,-,-,-
frli ecclesia,-,-,-,-,-,-,-,-,-,-,-,-,-,-,-,0,-,-,-,-,-,-,-,-,-,-,-,-,-,-,-,-,-,-,-,-,-,-,-,-,-,-,-,-,-,-,-,-,-,-,-,-,-,-,-,-,-,-,-,-,0,-,-,-,-,-,-,-,-,-,-,-,1,-,-,-,-,-,-,-,-,-,-
cherubim,0,0,0,0,0,0,0,0,0,0,0,0,0,0,0,0,1,0,0,0,0,0,0,0,0,0,0,0,0,0,0,0,0,0,0,0,0,1,0,0,0,0,0,1,0,0,1,0,0,0,0,0,0,0,0,-,0,0,0,0,1,0,0,0,0,1,0,0,0,0,-,0,0,0,0,0,0,0,0,0,1,0,0
cherubin,1,1,0,1,0,1,1,0,1,1,1,1,1,1,1,1,0,0,1,0,1,0,1,0,0,1,1,1,1,1,1,1,0,0,0,1,1,0,1,1,1,1,1,0,1,1,0,1,1,1,1,1,0,0,1,-,0,1,1,1,0,1,0,0,1,0,1,0,0,1,-,1,1,1,1,1,1,1,1,1,0,1,1
cheru,0,0,0,0,0,0,0,0,0,0,0,0,0,0,0,0,0,0,0,0,0,0,0,0,0,0,0,0,0,0,0,0,0,1,0,0,0,0,0,0,0,0,0,0,0,0,0,0,0,0,0,0,0,0,0,-,0,0,0,0,0,0,0,0,0,0,0,0,0,0,-,0,0,0,0,0,0,0,0,0,0,0,0
cherubyn,0,0,1,0,0,0,0,1,0,0,0,0,0,0,0,0,0,1,0,0,0,1,0,0,1,0,0,0,0,0,0,0,1,0,0,0,0,0,0,0,0,0,0,0,0,0,0,0,0,0,0,0,1,1,0,-,0,0,0,0,0,0,1,1,0,0,0,1,1,0,-,0,0,0,0,0,0,0,0,0,0,0,0
cherubym,0,0,0,0,1,0,0,0,0,0,0,0,0,0,0,0,0,0,0,1,0,0,0,1,0,0,0,0,0,0,0,0,0,0,1,0,0,0,0,0,0,0,0,0,0,0,0,0,0,0,0,0,0,0,0,-,1,0,0,0,0,0,0,0,0,0,0,0,0,0,-,0,0,0,0,0,0,0,0,0,0,0,0
et,1,1,1,1,1,1,1,1,1,1,1,1,1,1,1,0,0,1,1,1,1,1,1,1,0,1,1,1,1,1,1,-,1,1,1,1,1,1,1,1,1,1,1,1,1,1,1,1,1,1,1,1,1,1,1,-,1,1,1,1,0,1,1,1,1,1,0,1,1,1,0,1,1,1,1,1,1,-,1,1,1,1,1
cum,0,0,0,0,0,0,0,0,0,0,0,0,0,0,0,1,0,0,0,0,0,0,0,0,1,0,0,0,0,0,0,-,0,0,0,0,0,0,0,0,0,0,0,0,0,0,0,0,0,0,0,0,0,0,0,-,0,0,0,0,1,0,0,0,0,0,1,0,0,0,1,0,0,0,0,0,0,-,0,0,0,0,0
a,0,0,0,0,0,0,0,0,0,0,0,0,0,0,0,0,1,0,0,0,0,0,0,0,0,0,0,0,0,0,0,-,0,0,0,0,0,0,0,0,0,0,0,0,0,0,0,0,0,0,0,0,0,0,0,-,0,0,0,0,0,0,0,0,0,0,0,0,0,0,0,0,0,0,0,0,0,-,0,0,0,0,0
flammeo,1,1,1,1,1,1,1,1,1,1,1,1,1,1,1,-,1,-,1,1,1,1,1,1,1,1,-,1,1,1,1,1,1,0,1,1,1,1,1,1,1,1,1,1,1,1,1,1,1,1,1,1,1,1,1,-,1,1,1,1,-,1,1,1,1,1,1,1,1,1,0,1,1,1,1,1,1,1,1,1,1,1,1
flameo,0,0,0,0,0,0,0,0,0,0,0,0,0,0,0,-,0,-,0,0,0,0,0,0,0,0,-,0,0,0,0,0,0,1,0,0,0,0,0,0,0,0,0,0,0,0,0,0,0,0,0,0,0,0,0,-,0,0,0,0,-,0,0,0,0,0,0,0,0,0,1,0,0,0,0,0,0,0,0,0,0,0,0
gladio,1,1,1,1,1,1,1,1,1,1,1,1,1,1,1,1,1,-,1,1,1,1,1,1,1,1,-,1,1,1,1,1,1,1,1,1,1,1,1,1,1,1,1,1,1,1,1,1,1,1,1,1,1,1,0,-,1,1,1,1,1,1,1,1,1,1,1,1,1,1,-,1,1,1,1,1,1,1,1,1,1,1,1
gladio,0,0,0,0,0,0,0,0,0,0,0,0,0,0,0,0,0,-,0,0,0,0,0,0,0,0,-,0,0,0,0,0,0,0,0,0,0,0,0,0,0,0,0,0,0,0,0,0,0,0,0,0,0,0,1,-,0,0,0,0,0,0,0,0,0,0,0,0,0,0,-,0,0,0,0,0,0,0,0,0,0,0,0
collocatis,-,-,-,-,-,-,-,-,-,-,-,-,-,-,-,0,-,0,-,-,-,-,-,-,1,-,0,-,-,-,-,-,-,-,-,-,-,-,-,-,-,-,-,-,-,-,-,-,-,-,-,-,0,-,0,-,-,-,-,-,0,-,0,-,-,-,1,-,-,-,-,0,-,-,-,-,-,-,-,-,-,-,-
postea,-,-,-,-,-,-,-,-,-,-,-,-,-,-,-,0,-,0,-,-,-,-,-,-,0,-,0,-,-,-,-,-,-,-,-,-,-,-,-,-,-,-,-,-,-,-,-,-,-,-,-,-,0,-,0,-,-,-,-,-,0,-,0,-,-,-,0,-,-,-,-,1,-,-,-,-,-,-,-,-,-,-,-
paradisum,-,-,-,-,-,-,-,-,-,-,-,-,-,-,-,0,-,0,-,-,-,-,-,-,0,-,0,-,-,-,-,-,-,-,-,-,-,-,-,-,-,-,-,-,-,-,-,-,-,-,-,-,0,-,1,-,-,-,-,-,0,-,0,-,-,-,0,-,-,-,-,0,-,-,-,-,-,-,-,-,-,-,-
flammeo,-,-,-,-,-,-,-,-,-,-,-,-,-,-,-,1,-,1,-,-,-,-,-,-,0,-,1,-,-,-,-,-,-,-,-,-,-,-,-,-,-,-,-,-,-,-,-,-,-,-,-,-,0,-,0,-,-,-,-,-,1,-,0,-,-,-,0,-,-,-,-,0,-,-,-,-,-,-,-,-,-,-,-
collocato,-,-,-,-,-,-,-,-,-,-,-,-,-,-,-,0,-,0,-,-,-,-,-,-,0,-,0,-,-,-,-,-,-,-,-,-,-,-,-,-,-,-,-,-,-,-,-,-,-,-,-,-,1,-,0,-,-,-,-,-,0,-,0,-,-,-,0,-,-,-,-,0,-,-,-,-,-,-,-,-,-,-,-
atqui uersatili,-,-,-,-,-,-,-,-,-,-,-,-,-,-,-,0,-,0,-,-,-,-,-,-,0,-,0,-,-,-,-,-,-,-,-,-,-,-,-,-,-,-,-,-,-,-,-,-,-,-,-,-,0,-,0,-,-,-,-,-,0,-,1,-,-,-,0,-,-,-,-,0,-,-,-,-,-,-,-,-,-,-,-
gladiopost,-,-,-,-,-,-,-,-,-,-,-,-,-,-,-,0,-,-,-,-,-,-,-,-,-,-,1,-,0,-,-,-,-,-,-,-,-,-,-,-,-,0,-,-,-,-,-,-,-,-,-,-,-,-,0,-,-,-,-,-,0,-,-,-,-,-,-,0,-,-,1,-,-,-,-,-,-,-,-,-,-,-,-
et,-,-,-,-,-,-,-,-,-,-,-,-,-,-,-,1,-,-,-,-,-,-,-,-,-,-,0,-,0,-,-,-,-,-,-,-,-,-,-,-,-,1,-,-,-,-,-,-,-,-,-,-,-,-,0,-,-,-,-,-,0,-,-,-,-,-,-,0,-,-,0,-,-,-,-,-,-,-,-,-,-,-,-
postquam,-,-,-,-,-,-,-,-,-,-,-,-,-,-,-,0,-,-,-,-,-,-,-,-,-,-,0,-,1,-,-,-,-,-,-,-,-,-,-,-,-,0,-,-,-,-,-,-,-,-,-,-,-,-,1,-,-,-,-,-,0,-,-,-,-,-,-,1,-,-,0,-,-,-,-,-,-,-,-,-,-,-,-
et,-,-,-,-,-,-,-,-,-,-,-,-,-,-,-,0,-,-,-,-,-,-,-,-,-,-,0,-,0,-,-,-,-,-,-,-,-,-,-,-,-,0,-,-,-,-,-,-,-,-,-,-,-,-,0,-,-,-,-,-,1,-,-,-,-,-,-,0,-,-,0,-,-,-,-,-,-,-,-,-,-,-,-
increpa,0,0,0,0,0,0,0,0,0,0,0,0,0,0,0,0,0,-,0,0,0,0,0,0,0,0,1,0,0,0,0,0,0,0,0,0,0,0,0,0,-,0,0,0,0,0,0,0,-,0,0,0,0,0,-,0,0,0,-,0,-,0,0,0,0,0,0,-,0,0,-,-,0,0,-,0,0,0,0,0,0,0,0
increpacionem,0,0,0,0,0,0,0,0,0,0,0,0,0,0,0,0,0,-,0,0,0,0,0,0,0,0,0,0,1,0,0,0,0,0,0,0,0,0,0,0,-,0,0,0,0,0,0,0,-,0,0,0,0,0,-,0,0,0,-,0,-,0,0,0,0,0,0,-,0,0,-,-,0,0,-,0,0,0,0,0,0,0,0
post,1,1,1,1,1,1,1,1,1,1,1,1,1,1,1,0,1,-,1,1,1,1,1,1,1,1,0,1,0,1,1,1,1,1,1,1,1,1,1,1,-,1,1,1,1,1,1,1,-,1,1,1,1,1,-,1,1,1,-,1,-,1,1,1,1,1,1,-,1,1,-,-,1,1,-,1,1,1,1,1,1,1,1
unsatili,0,0,0,0,0,0,0,0,0,0,0,0,0,0,0,1,0,-,0,0,0,0,0,0,0,0,0,0,0,0,0,0,0,0,0,0,0,0,0,0,-,0,0,0,0,0,0,0,-,0,0,0,0,0,-,0,0,0,-,0,-,0,0,0,0,0,0,-,0,0,-,-,0,0,-,0,0,0,0,0,0,0,0
increpationem,1,1,1,1,1,1,1,1,1,1,1,1,1,1,1,-,1,-,1,1,1,1,1,1,1,1,-,1,-,1,1,1,1,1,1,1,1,1,1,1,-,1,0,1,1,1,1,1,-,1,1,1,1,1,1,1,1,1,-,1,-,1,1,1,1,1,1,1,1,1,1,1,1,1,-,1,1,1,1,1,1,1,1
increpatione,0,0,0,0,0,0,0,0,0,0,0,0,0,0,0,-,0,-,0,0,0,0,0,0,0,0,-,0,-,0,0,0,0,0,0,0,0,0,0,0,-,0,1,0,0,0,0,0,-,0,0,0,0,0,0,0,0,0,-,0,-,0,0,0,0,0,0,0,0,0,0,0,0,0,-,0,0,0,0,0,0,0,0
abiecta,0,0,0,0,0,0,0,0,0,0,0,0,0,0,0,-,0,-,0,0,0,0,0,0,0,0,0,0,0,0,0,0,0,0,0,0,0,0,0,0,-,0,0,0,0,0,0,0,0,0,0,0,0,0,0,0,0,0,-,0,-,0,0,0,0,0,0,0,0,0,1,0,-,-,-,-,-,-,-,-,-,-,-
proiectus,0,0,0,0,0,0,0,0,0,0,0,0,0,0,0,-,0,-,0,0,0,0,0,0,0,0,0,0,0,0,0,0,0,0,0,0,0,1,0,0,-,0,0,0,0,0,0,0,0,0,0,0,0,0,0,0,0,0,-,0,-,0,0,0,0,0,0,0,0,0,0,0,-,-,-,-,-,-,-,-,-,-,-
accepit,0,0,0,0,0,0,0,0,0,0,0,0,0,0,0,-,0,-,0,0,0,0,0,0,1,0,0,0,0,0,0,0,0,0,0,0,0,0,0,0,-,0,0,0,0,0,0,0,0,0,0,0,0,0,0,0,0,0,-,0,-,0,0,0,0,0,1,0,0,0,0,0,-,-,-,-,-,-,-,-,-,-,-
eiectus,0,0,0,0,0,0,0,0,0,0,0,0,0,0,0,-,0,-,0,0,1,0,0,0,0,0,0,0,0,0,0,0,0,0,0,0,0,0,0,0,-,0,0,0,0,0,0,0,0,0,0,0,0,0,0,0,0,0,-,0,-,0,1,0,0,0,0,0,0,0,0,0,-,-,-,-,-,-,-,-,-,-,-
accepio,0,0,0,0,0,0,0,0,0,0,0,0,0,0,0,-,0,-,0,0,0,0,0,0,0,0,0,0,0,0,0,0,0,0,0,0,0,0,0,0,-,0,0,0,0,0,0,0,0,0,0,0,1,0,0,0,0,0,-,0,-,0,0,0,0,0,0,0,0,0,0,0,-,-,-,-,-,-,-,-,-,-,-
citus,0,0,0,0,0,0,0,0,0,0,0,0,0,0,0,-,0,-,0,0,0,0,0,0,0,0,0,0,0,0,0,0,0,0,0,0,0,0,0,0,-,0,0,0,0,0,1,0,0,0,0,0,0,0,0,0,0,0,-,0,-,0,0,0,0,0,0,0,0,0,0,0,-,-,-,-,-,-,-,-,-,-,-
abiectus,1,1,1,1,1,1,1,1,1,1,1,1,1,1,1,-,1,-,1,1,0,1,1,1,0,1,1,1,1,1,1,1,1,1,1,1,1,0,1,1,-,1,1,1,1,1,0,1,1,1,1,1,0,1,1,1,1,1,-,1,-,0,0,1,1,1,0,1,1,1,0,1,-,-,-,-,-,-,-,-,-,-,-
adbiectus,0,0,0,0,0,0,0,0,0,0,0,0,0,0,0,-,0,-,0,0,0,0,0,0,0,0,0,0,0,0,0,0,0,0,0,0,0,0,0,0,-,0,0,0,0,0,0,0,0,0,0,0,0,0,0,0,0,0,-,0,-,1,0,0,0,0,0,0,0,0,0,0,-,-,-,-,-,-,-,-,-,-,-
de,1,-,-,-,-,-,-,-,-,-,-,-,-,-,-,-,-,-,-,-,-,-,-,-,0,-,-,-,-,-,-,-,-,-,-,-,-,-,-,-,-,-,-,-,-,-,-,-,-,-,-,-,0,-,-,-,-,-,-,-,-,-,-,-,-,-,0,-,-,-,-,-,1,-,-,-,-,-,-,-,-,-,-
in,0,-,-,-,-,-,-,-,-,-,-,-,-,-,-,-,-,-,-,-,-,-,-,-,1,-,-,-,-,-,-,-,-,-,-,-,-,-,-,-,-,-,-,-,-,-,-,-,-,-,-,-,1,-,-,-,-,-,-,-,-,-,-,-,-,-,1,-,-,-,-,-,0,-,-,-,-,-,-,-,-,-,-
maledicta,-,-,-,-,-,-,-,-,-,-,-,-,-,-,-,-,-,-,-,-,-,-,-,-,0,-,-,-,-,-,-,-,-,-,-,-,-,-,-,-,-,-,-,-,-,-,-,-,-,-,-,-,1,-,-,-,-,-,-,-,-,-,-,-,-,-,0,-,-,-,-,-,0,-,-,-,-,-,-,-,-,-,-
maledictos,-,-,-,-,-,-,-,-,-,-,-,-,-,-,-,-,-,-,-,-,-,-,-,-,0,-,-,-,-,-,-,-,-,-,-,-,-,-,-,-,-,-,-,-,-,-,-,-,-,-,-,-,0,-,-,-,-,-,-,-,-,-,-,-,-,-,1,-,-,-,-,-,0,-,-,-,-,-,-,-,-,-,-
maledicte,-,-,-,-,-,-,-,-,-,-,-,-,-,-,-,-,-,-,-,-,-,-,-,-,1,-,-,-,-,-,-,-,-,-,-,-,-,-,-,-,-,-,-,-,-,-,-,-,-,-,-,-,0,-,-,-,-,-,-,-,-,-,-,-,-,-,0,-,-,-,-,-,0,-,-,-,-,-,-,-,-,-,-
paradiso,-,-,-,-,-,-,-,-,-,-,-,-,-,-,-,-,-,-,-,-,-,-,-,-,0,-,-,-,-,-,-,-,-,-,-,-,-,-,-,-,-,-,-,-,-,-,-,-,-,-,-,-,0,-,-,-,-,-,-,-,-,-,-,-,-,-,0,-,-,-,-,-,1,-,-,-,-,-,-,-,-,-,-
ut,-,-,-,-,-,-,-,-,-,-,-,-,-,-,-,-,-,-,-,-,-,-,-,-,1,-,-,-,-,-,-,-,-,-,-,-,-,-,-,-,-,-,-,-,-,-,-,-,-,-,-,-,1,-,-,-,-,-,-,-,-,-,-,-,-,-,1,-,-,-,-,-,0,0,0,0,0,0,0,0,0,0,0
abiectus,-,-,-,-,-,-,-,-,-,-,-,-,-,-,-,-,-,-,-,-,-,-,-,-,0,-,-,-,-,-,-,-,-,-,-,-,-,-,-,-,-,-,-,-,-,-,-,-,-,-,-,-,0,-,-,-,-,-,-,-,-,-,-,-,-,-,0,-,-,-,-,-,1,1,1,1,1,1,1,1,1,1,1
de terra,1,1,1,1,1,1,1,1,1,1,1,1,1,1,1,1,1,-,1,1,1,1,1,1,1,1,1,1,1,1,1,1,1,1,1,1,1,-,1,1,1,1,1,1,1,1,1,1,1,1,1,1,1,1,1,1,1,1,1,1,1,1,1,1,1,1,1,1,1,1,1,1,1,1,1,1,1,1,1,1,1,1,1
maledicta,1,1,1,1,1,1,1,1,1,1,1,1,1,1,0,1,1,1,1,1,1,1,1,1,1,1,1,1,1,1,1,1,1,1,0,1,1,-,1,1,1,1,1,1,1,1,1,1,1,1,1,1,1,1,1,1,1,1,1,1,1,1,1,1,1,1,1,1,1,1,1,1,1,1,1,1,1,1,1,1,1,1,1
maladicta,0,0,0,0,0,0,0,0,0,0,0,0,0,0,1,0,0,0,0,0,0,0,0,0,0,0,0,0,0,0,0,0,0,0,0,0,0,-,0,0,0,0,0,0,0,0,0,0,0,0,0,0,0,0,0,0,0,0,0,0,0,0,0,0,0,0,0,0,0,0,0,0,0,0,0,0,0,0,0,0,0,0,0
maledictus,0,0,0,0,0,0,0,0,0,0,0,0,0,0,0,0,0,0,0,0,0,0,0,0,0,0,0,0,0,0,0,0,0,0,1,0,0,-,0,0,0,0,0,0,0,0,0,0,0,0,0,0,0,0,0,0,0,0,0,0,0,0,0,0,0,0,0,0,0,0,0,0,0,0,0,0,0,0,0,0,0,0,0
in,-,-,-,-,-,-,-,-,-,-,-,-,-,-,-,-,-,-,-,-,-,-,-,-,0,-,-,-,-,-,-,-,-,1,-,-,-,1,-,-,-,-,-,-,-,-,-,-,-,-,-,-,0,-,-,-,-,-,-,-,-,-,-,-,-,-,0,-,-,-,1,0,-,-,-,-,-,-,-,-,-,-,-
insudorem,-,-,-,-,-,-,-,-,-,-,-,-,-,-,-,-,-,-,-,-,-,-,-,-,0,-,-,-,-,-,-,-,-,0,-,-,-,0,-,-,-,-,-,-,-,-,-,-,-,-,-,-,0,-,-,-,-,-,-,-,-,-,-,-,-,-,0,-,-,-,0,1,-,-,-,-,-,-,-,-,-,-,-
einas,-,-,-,-,-,-,-,-,-,-,-,-,-,-,-,-,-,-,-,-,-,-,-,-,1,-,-,-,-,-,-,-,-,0,-,-,-,0,-,-,-,-,-,-,-,-,-,-,-,-,-,-,0,-,-,-,-,-,-,-,-,-,-,-,-,-,0,-,-,-,0,0,-,-,-,-,-,-,-,-,-,-,-
et,-,-,-,-,-,-,-,-,-,-,-,-,-,-,-,-,-,-,-,-,-,-,-,-,0,-,-,-,-,-,-,-,-,0,-,-,-,0,-,-,-,-,-,-,-,-,-,-,-,-,-,-,1,-,-,-,-,-,-,-,-,-,-,-,-,-,0,-,-,-,0,0,-,-,-,-,-,-,-,-,-,-,-
ei,-,-,-,-,-,-,-,-,-,-,-,-,-,-,-,-,-,-,-,-,-,-,-,-,0,-,-,-,-,-,-,-,-,0,-,-,-,0,-,-,-,-,-,-,-,-,-,-,-,-,-,-,0,-,-,-,-,-,-,-,-,-,-,-,-,-,1,-,-,-,0,0,-,-,-,-,-,-,-,-,-,-,-
et,-,-,-,-,-,-,-,-,-,-,-,-,-,-,-,-,-,-,-,-,-,-,-,-,1,-,-,-,-,-,-,-,-,-,-,-,-,0,-,-,-,-,-,-,-,-,-,-,-,-,-,-,1,-,-,-,-,-,-,-,-,-,-,-,-,-,1,-,1,-,-,-,-,-,-,-,-,-,-,-,-,-,-
terram maledictam,-,-,-,-,-,-,-,-,-,-,-,-,-,-,-,-,-,-,-,-,-,-,-,-,0,-,-,-,-,-,-,-,-,-,-,-,-,1,-,-,-,-,-,-,-,-,-,-,-,-,-,-,0,-,-,-,-,-,-,-,-,-,-,-,-,-,0,-,0,-,-,-,-,-,-,-,-,-,-,-,-,-,-
tribulos,-,-,-,-,-,-,-,-,-,-,-,-,-,-,-,-,-,-,-,-,-,-,-,-,1,-,-,-,-,-,-,-,-,-,-,-,-,-,-,-,-,-,-,-,-,-,-,-,-,-,-,-,1,-,-,-,-,-,-,-,-,-,-,-,-,-,1,-,0,-,0,-,-,-,-,-,-,-,-,-,-,-,-
sudore,-,-,-,-,-,-,-,-,-,-,-,-,-,-,-,-,-,-,-,-,-,-,-,-,0,-,-,-,-,-,-,-,-,-,-,-,-,-,-,-,-,-,-,-,-,-,-,-,-,-,-,-,0,-,-,-,-,-,-,-,-,-,-,-,-,-,0,-,1,-,1,-,-,-,-,-,-,-,-,-,-,-,-
germmante,-,-,-,-,-,-,-,-,-,-,-,-,-,-,-,-,-,-,-,-,-,-,-,-,1,-,-,-,-,-,-,-,-,-,-,-,-,-,-,-,-,-,-,-,-,-,-,-,-,-,-,-,0,-,-,-,-,-,-,-,-,-,-,-,-,-,0,-,-,-,-,-,-,-,-,-,-,-,-,-,-,-,-
germinante,-,-,-,-,-,-,-,-,-,-,-,-,-,-,-,-,-,-,-,-,-,-,-,-,0,-,-,-,-,-,-,-,-,-,-,-,-,-,-,-,-,-,-,-,-,-,-,-,-,-,-,-,0,-,-,-,-,-,-,-,-,-,-,-,-,-,1,-,-,-,-,-,-,-,-,-,-,-,-,-,-,-,-
germaniam,-,-,-,-,-,-,-,-,-,-,-,-,-,-,-,-,-,-,-,-,-,-,-,-,0,-,-,-,-,-,-,-,-,-,-,-,-,-,-,-,-,-,-,-,-,-,-,-,-,-,-,-,1,-,-,-,-,-,-,-,-,-,-,-,-,-,0,-,-,-,-,-,-,-,-,-,-,-,-,-,-,-,-
insudore,1,-,1,1,1,1,1,1,1,1,1,1,1,1,1,1,1,1,1,1,1,1,1,1,1,1,1,1,1,1,1,1,1,1,1,1,1,1,1,1,1,1,-,1,1,1,1,1,1,1,1,1,1,1,1,1,1,1,1,1,1,1,1,-,1,1,1,1,-,1,-,-,1,1,1,1,1,1,1,1,1,1,1
uultus,1,1,1,1,1,1,1,1,1,1,1,1,1,1,1,1,1,1,1,1,1,1,1,1,1,1,0,1,1,1,1,1,1,1,1,1,1,1,1,1,1,1,1,1,1,1,1,1,1,1,-,1,1,1,1,1,1,1,1,1,1,1,1,1,1,1,1,1,1,1,1,1,-,-,-,-,1,-,1,-,-,1,-
uultus,0,0,0,0,0,0,0,0,0,0,0,0,0,0,0,0,0,0,0,0,0,0,0,0,0,0,1,0,0,0,0,0,0,0,0,0,0,0,0,0,0,0,0,0,0,0,0,0,0,0,-,0,0,0,0,0,0,0,0,0,0,0,0,0,0,0,0,0,0,0,0,0,-,-,-,-,0,-,0,-,-,0,-
picet,-,-,-,-,-,-,-,-,-,-,-,-,-,-,-,0,-,-,-,-,-,-,-,-,0,-,-,-,-,-,-,-,-,-,0,-,-,1,-,-,-,-,-,0,-,-,-,-,-,-,-,0,0,-,-,-,-,-,0,-,0,-,0,-,0,-,0,-,0,-,-,-,0,-,-,-,0,-,-,-,-,0,-
et labore manuum,-,-,-,-,-,-,-,-,-,-,-,-,-,-,-,1,-,-,-,-,-,-,-,-,0,-,-,-,-,-,-,-,-,-,0,-,-,0,-,-,-,-,-,0,-,-,-,-,-,-,-,0,0,-,-,-,-,-,0,-,1,-,0,-,0,-,0,-,0,-,-,-,0,-,-,-,0,-,-,-,-,0,-
siu,-,-,-,-,-,-,-,-,-,-,-,-,-,-,-,0,-,-,-,-,-,-,-,-,1,-,-,-,-,-,-,-,-,-,0,-,-,0,-,-,-,-,-,0,-,-,-,-,-,-,-,0,0,-,-,-,-,-,1,-,0,-,0,-,0,-,1,-,0,-,-,-,0,-,-,-,0,-,-,-,-,0,-
sui,-,-,-,-,-,-,-,-,-,-,-,-,-,-,-,0,-,-,-,-,-,-,-,-,0,-,-,-,-,-,-,-,-,-,1,-,-,0,-,-,-,-,-,1,-,-,-,-,-,-,-,1,0,-,-,-,-,-,0,-,0,-,0,-,1,-,0,-,1,-,-,-,0,-,-,-,1,-,-,-,-,1,-
sin,-,-,-,-,-,-,-,-,-,-,-,-,-,-,-,0,-,-,-,-,-,-,-,-,0,-,-,-,-,-,-,-,-,-,0,-,-,0,-,-,-,-,-,0,-,-,-,-,-,-,-,0,1,-,-,-,-,-,0,-,0,-,0,-,0,-,0,-,0,-,-,-,1,-,-,-,0,-,-,-,-,0,-
cui,-,-,-,-,-,-,-,-,-,-,-,-,-,-,-,0,-,-,-,-,-,-,-,-,0,-,-,-,-,-,-,-,-,-,0,-,-,0,-,-,-,-,-,0,-,-,-,-,-,-,-,0,0,-,-,-,-,-,0,-,0,-,1,-,0,-,0,-,0,-,-,-,0,-,-,-,0,-,-,-,-,0,-
panem,-,-,-,-,-,-,-,-,-,-,-,-,-,-,-,-,-,-,-,-,-,-,-,-,1,-,-,-,-,-,-,-,-,-,-,-,-,-,-,-,-,-,-,-,-,-,-,-,-,-,-,-,1,-,-,-,-,-,1,-,-,-,-,-,-,-,1,1,-,-,-,-,0,0,0,0,-,0,1,0,0,-,0
uultus,-,-,-,-,-,-,-,-,-,-,-,-,-,-,-,-,-,-,-,-,-,-,-,-,0,-,-,-,-,-,-,-,-,-,-,-,-,-,-,-,-,-,-,-,-,-,-,-,-,-,-,-,0,-,-,-,-,-,0,-,-,-,-,-,-,-,0,0,-,-,-,-,1,1,1,1,-,1,0,1,1,-,1
panem,1,1,1,1,1,1,1,1,1,1,1,1,1,1,1,1,1,1,1,1,1,1,1,1,0,1,1,1,1,1,1,1,1,1,1,1,1,0,1,1,1,1,1,1,1,1,1,1,1,1,1,1,0,1,1,1,1,1,0,1,1,1,1,1,1,1,0,0,1,1,1,1,1,1,1,1,1,1,0,1,1,1,1
monestatur mitatus anni ante,0,0,0,0,0,0,0,0,0,0,0,0,0,0,0,0,0,0,0,0,0,0,0,0,0,0,0,0,0,0,0,0,0,0,0,0,0,0,0,0,0,0,0,0,0,0,0,0,0,0,0,0,1,0,0,0,0,0,0,0,0,0,0,0,0,0,0,0,0,0,0,0,0,0,0,0,0,0,0,0,0,0,0
acquiritur,0,0,0,0,0,0,0,0,0,0,0,0,0,0,0,0,0,0,0,0,0,0,0,0,0,0,0,0,0,0,0,0,0,0,0,0,0,0,0,0,0,0,0,0,0,0,0,0,0,0,0,0,0,0,0,0,0,0,1,0,0,0,0,0,0,0,0,1,0,0,0,0,0,0,0,0,0,0,0,0,0,0,0
i,0,0,0,0,0,0,0,0,0,0,0,0,0,0,0,0,0,0,0,0,0,0,0,0,0,0,0,0,0,0,0,0,0,0,0,0,0,1,0,0,0,0,0,0,0,0,0,0,0,0,0,0,0,0,0,0,0,0,0,0,0,0,0,0,0,0,0,0,0,0,0,0,0,0,0,0,0,0,1,0,0,0,0
quo,0,0,0,0,0,0,0,0,0,0,0,0,0,0,0,0,0,0,0,0,0,0,0,0,1,0,0,0,0,0,0,0,0,0,0,0,0,0,0,0,0,0,0,0,0,0,0,0,0,0,0,0,0,0,0,0,0,0,0,0,0,0,0,0,0,0,1,0,0,0,0,0,0,0,0,0,0,0,0,0,0,0,0
est legitur trigita filios habuisse,0,0,0,0,0,0,0,0,0,0,0,0,0,0,0,0,0,0,0,0,0,0,0,0,0,0,0,0,0,0,0,0,0,0,0,0,0,0,0,0,0,0,0,0,0,0,0,0,0,0,0,0,-,0,0,0,0,0,1,0,0,0,0,0,0,0,0,0,0,0,0,0,0,0,0,0,0,0,0,-,0,0,0
commedit,0,0,0,0,0,0,0,0,0,0,0,0,0,0,0,0,0,0,0,0,0,0,0,0,0,0,0,0,1,0,0,0,0,0,0,0,0,0,0,0,0,0,0,0,0,0,0,0,0,0,0,0,-,0,0,0,0,0,0,0,0,0,0,0,0,0,0,0,0,0,0,0,0,0,0,0,0,0,0,-,0,0,0
acquisiuitur requeuit,0,0,0,0,0,0,0,0,0,0,0,0,0,0,0,0,0,0,0,0,0,0,0,0,0,0,0,0,0,0,0,0,0,0,0,0,0,0,0,0,0,0,0,0,0,0,0,0,0,0,0,0,-,0,1,0,0,0,0,0,0,0,0,0,0,0,0,0,0,0,0,0,0,0,0,0,0,0,0,-,0,0,0
aquit,0,0,0,0,0,0,0,0,0,0,0,0,0,0,0,0,0,0,0,0,0,0,0,0,0,0,0,0,0,0,0,0,0,0,0,0,0,0,0,0,0,1,0,0,0,0,0,0,0,0,0,0,-,0,0,0,0,0,0,0,0,0,0,0,0,0,0,0,0,0,0,0,0,0,0,0,0,0,0,-,0,0,0
acquiritur,1,1,1,1,1,1,0,1,1,1,1,1,1,0,1,0,0,1,1,1,0,0,1,1,0,1,1,1,0,1,1,0,1,0,1,0,1,1,1,1,1,0,1,0,0,1,0,0,1,0,0,1,-,1,0,0,1,1,0,1,0,0,0,0,0,1,0,0,0,1,0,0,1,0,0,0,0,0,1,-,1,0,1
nestatur,0,0,0,0,0,0,0,0,0,0,0,0,0,0,0,0,0,0,0,0,0,0,0,0,1,0,0,0,0,0,0,0,0,0,0,0,0,0,0,0,0,0,0,0,0,0,0,0,0,0,0,0,-,0,0,0,0,0,0,0,0,0,0,0,0,0,0,0,0,0,0,0,0,0,0,0,0,0,0,-,0,0,0
aquisiuitur,0,0,0,0,0,0,0,0,0,0,0,0,0,0,0,0,0,0,0,0,0,0,0,0,0,0,0,0,0,0,0,0,0,0,0,0,0,0,0,0,0,0,0,0,1,0,0,0,0,0,0,0,-,0,0,0,0,0,0,0,0,0,0,0,0,0,0,0,0,0,0,0,0,0,0,0,0,0,0,-,0,0,0
acquiritur,0,0,0,0,0,0,0,0,0,0,0,0,0,0,0,1,0,0,0,0,0,0,0,0,0,0,0,0,0,0,0,0,0,0,0,0,0,0,0,0,0,0,0,0,0,0,0,0,0,0,0,0,-,0,0,0,0,0,0,0,1,0,0,0,0,0,0,0,1,0,0,0,0,0,0,0,0,0,0,-,0,0,0
adquirit,0,0,0,0,0,0,0,0,0,0,0,0,0,0,0,0,0,0,0,0,0,0,0,0,0,0,0,0,0,0,0,0,0,0,0,0,0,0,0,0,0,0,0,1,0,0,0,0,0,0,0,0,-,0,0,0,0,0,0,0,0,0,0,0,0,0,0,0,0,0,0,0,0,0,0,0,0,0,0,-,0,0,0
prophat et de diliuu,0,0,0,0,0,0,0,0,0,0,0,0,0,0,0,0,0,0,0,0,0,0,0,0,0,0,0,0,0,0,0,0,0,0,0,0,0,0,0,0,0,0,0,0,0,0,0,0,0,0,0,0,-,0,0,0,0,0,0,0,0,0,0,0,0,0,0,1,0,0,0,0,0,0,0,0,0,0,0,-,0,0,0
uestata aquirat,0,0,0,0,0,0,0,0,0,0,0,0,0,0,0,0,0,0,0,0,0,0,0,0,0,0,0,0,0,0,0,0,0,0,0,0,0,0,0,0,0,0,0,0,0,0,0,0,0,0,0,0,-,0,0,0,0,0,0,0,0,0,0,0,0,0,1,0,0,0,0,0,0,0,0,0,0,0,0,-,0,0,0
acquiusunt,0,0,0,0,0,0,0,0,0,0,0,0,0,0,0,0,0,0,0,0,0,0,0,0,0,0,0,0,0,0,0,0,0,0,0,1,0,0,0,0,0,0,0,0,0,0,0,0,0,0,0,0,-,0,0,0,0,0,0,0,0,0,0,0,0,0,0,0,0,0,0,0,0,0,0,0,0,0,0,-,0,0,0
acciperitur,0,0,0,0,0,0,0,0,0,0,0,0,0,0,0,0,0,0,0,0,0,0,0,0,0,0,0,0,0,0,0,0,0,0,0,0,0,0,0,0,0,0,0,0,0,0,0,0,0,0,0,0,-,0,0,0,0,0,0,0,0,0,0,0,0,0,0,0,0,0,0,0,0,0,1,0,0,0,0,-,0,0,0
adquisiuit,0,0,0,0,0,0,0,0,0,0,0,0,0,0,0,0,0,0,0,0,0,0,0,0,0,0,0,0,0,0,0,0,0,0,0,0,0,0,0,0,0,0,0,0,0,0,0,0,0,0,0,0,-,0,0,0,0,0,0,0,0,0,0,0,0,0,0,0,0,0,0,0,0,0,0,0,0,1,0,-,0,0,0
adquiritur,0,0,0,0,0,0,0,0,0,0,0,0,0,0,0,0,0,0,0,0,1,0,0,0,0,0,0,0,0,0,0,0,0,1,0,0,0,0,0,0,0,0,0,0,0,0,0,0,0,0,0,0,-,0,0,0,0,0,0,0,0,0,1,0,0,0,0,0,0,0,0,0,0,0,0,0,0,0,0,-,0,0,0
acquirit,0,0,0,0,0,0,0,0,0,0,0,0,0,0,0,0,1,0,0,0,0,1,0,0,0,0,0,0,0,0,0,0,0,0,0,0,0,0,0,0,0,0,0,0,0,0,0,0,0,0,0,0,-,0,0,0,0,0,0,0,0,0,0,0,0,0,0,0,0,0,0,0,0,0,0,0,0,0,0,-,0,0,0
adquiritur,0,0,0,0,0,0,1,0,0,0,0,0,0,1,0,0,0,0,0,0,0,0,0,0,0,0,0,0,0,0,0,1,0,0,0,0,0,0,0,0,0,0,0,0,0,0,1,1,0,1,1,0,-,0,0,1,0,0,0,0,0,1,0,1,1,0,0,0,0,0,1,1,0,1,0,1,1,0,0,-,0,1,0
acquiratur,-,-,-,-,-,-,-,-,-,-,-,-,-,-,-,0,-,-,-,-,-,-,-,-,0,-,-,-,0,-,-,-,-,0,-,-,-,-,-,-,-,-,-,-,-,-,-,-,-,-,-,-,0,-,-,-,-,-,-,-,0,-,0,-,-,-,-,0,-,-,-,-,-,-,-,-,-,-,-,1,-,-,-
quod,-,-,-,-,-,-,-,-,-,-,-,-,-,-,-,1,-,-,-,-,-,-,-,-,0,-,-,-,0,-,-,-,-,0,-,-,-,-,-,-,-,-,-,-,-,-,-,-,-,-,-,-,0,-,-,-,-,-,-,-,0,-,0,-,-,-,-,0,-,-,-,-,-,-,-,-,-,-,-,0,-,-,-
a,-,-,-,-,-,-,-,-,-,-,-,-,-,-,-,0,-,-,-,-,-,-,-,-,0,-,-,-,1,-,-,-,-,0,-,-,-,-,-,-,-,-,-,-,-,-,-,-,-,-,-,-,0,-,-,-,-,-,-,-,0,-,0,-,-,-,-,1,-,-,-,-,-,-,-,-,-,-,-,0,-,-,-
a,-,-,-,-,-,-,-,-,-,-,-,-,-,-,-,0,-,-,-,-,-,-,-,-,0,-,-,-,0,-,-,-,-,0,-,-,-,-,-,-,-,-,-,-,-,-,-,-,-,-,-,-,1,-,-,-,-,-,-,-,0,-,0,-,-,-,-,0,-,-,-,-,-,-,-,-,-,-,-,0,-,-,-
ad,-,-,-,-,-,-,-,-,-,-,-,-,-,-,-,0,-,-,-,-,-,-,-,-,0,-,-,-,0,-,-,-,-,0,-,-,-,-,-,-,-,-,-,-,-,-,-,-,-,-,-,-,0,-,-,-,-,-,-,-,1,-,0,-,-,-,-,0,-,-,-,-,-,-,-,-,-,-,-,0,-,-,-
sicut,-,-,-,-,-,-,-,-,-,-,-,-,-,-,-,0,-,-,-,-,-,-,-,-,0,-,-,-,0,-,-,-,-,0,-,-,-,-,-,-,-,-,-,-,-,-,-,-,-,-,-,-,0,-,-,-,-,-,-,-,0,-,1,-,-,-,-,0,-,-,-,-,-,-,-,-,-,-,-,0,-,-,-
sequitur consequenter,-,-,-,-,-,-,-,-,-,-,-,-,-,-,-,0,-,-,-,-,-,-,-,-,0,-,-,-,0,-,-,-,-,1,-,-,-,-,-,-,-,-,-,-,-,-,-,-,-,-,-,-,0,-,-,-,-,-,-,-,0,-,0,-,-,-,-,0,-,-,-,-,-,-,-,-,-,-,-,0,-,-,-
acquiratur,-,-,-,-,-,-,-,-,-,-,-,-,-,-,-,0,-,-,-,-,-,-,-,-,1,-,-,-,0,-,-,-,-,0,-,-,-,-,-,-,-,-,-,-,-,-,-,-,-,-,-,-,0,-,-,-,-,-,-,-,0,-,0,-,-,-,-,0,-,-,-,-,-,-,-,-,-,-,-,0,-,-,-
nite ade,-,-,-,-,-,-,-,-,-,-,-,-,-,-,-,-,-,-,-,-,-,-,-,-,1,-,-,-,0,-,-,-,-,-,-,-,-,-,-,-,-,-,-,-,-,-,-,-,-,-,-,-,-,-,-,-,-,-,-,-,-,-,-,-,-,-,-,0,-,-,-,-,-,-,-,-,-,-,-,-,-,-,-
futuro,-,-,-,-,-,-,-,-,-,-,-,-,-,-,-,-,-,-,-,-,-,-,-,-,0,-,-,-,0,-,-,-,-,-,-,-,-,-,-,-,-,-,-,-,-,-,-,-,-,-,-,-,-,-,-,-,-,-,-,-,-,-,-,-,-,-,-,1,-,-,-,-,-,-,-,-,-,-,-,-,-,-,-
missa quorum in mortalitate in,-,-,-,-,-,-,-,-,-,-,-,-,-,-,-,-,-,-,-,-,-,-,-,-,0,-,-,-,1,-,-,-,-,-,-,-,-,-,-,-,-,-,-,-,-,-,-,-,-,-,-,-,-,-,-,-,-,-,-,-,-,-,-,-,-,-,-,0,-,-,-,-,-,-,-,-,-,-,-,-,-,-,-
adam,-,-,-,-,-,-,-,-,-,-,-,-,-,-,-,0,-,-,-,-,1,-,-,-,1,-,-,-,-,-,-,-,-,-,-,-,-,-,-,-,-,-,-,-,-,-,-,-,-,-,-,-,-,-,-,-,-,-,0,-,0,-,-,-,-,-,-,0,-,-,-,-,-,-,-,-,-,-,-,-,-,-,-
et,-,-,-,-,-,-,-,-,-,-,-,-,-,-,-,1,-,-,-,-,0,-,-,-,0,-,-,-,-,-,-,-,-,-,-,-,-,-,-,-,-,-,-,-,-,-,-,-,-,-,-,-,-,-,-,-,-,-,1,-,1,-,-,-,-,-,-,1,-,-,-,-,-,-,-,-,-,-,-,-,-,-,-
14 anno inte sue genuit caym fr 30 anno,-,-,-,-,-,-,-,-,-,-,-,-,-,-,-,0,-,-,-,-,0,-,-,-,1,-,-,-,-,-,-,-,-,-,-,-,-,-,-,-,-,-,-,-,-,-,-,-,-,-,-,-,-,-,-,-,-,-,0,-,0,-,-,-,-,-,-,-,-,-,-,-,-,-,-,-,-,-,-,-,-,-,-
toti,-,-,-,-,-,-,-,-,-,-,-,-,-,-,-,1,-,-,-,-,0,-,-,-,0,-,-,-,-,-,-,-,-,-,-,-,-,-,-,-,-,-,-,-,-,-,-,-,-,-,-,-,-,-,-,-,-,-,1,-,1,-,-,-,-,-,-,-,-,-,-,-,-,-,-,-,-,-,-,-,-,-,-
interpretatur rubeus,-,-,-,-,-,-,-,-,-,-,-,-,-,-,-,0,-,-,-,-,1,-,-,-,0,-,-,-,-,-,-,-,-,-,-,-,-,-,-,-,-,-,-,-,-,-,-,-,-,-,-,-,-,-,-,-,-,-,0,-,0,-,-,-,-,-,-,-,-,-,-,-,-,-,-,-,-,-,-,-,-,-,-
potentati,-,-,-,-,-,-,-,-,-,-,-,-,-,-,-,0,-,-,-,-,-,-,-,-,0,-,-,-,-,-,-,-,-,-,-,-,-,-,-,-,-,-,-,-,-,-,-,-,-,-,-,-,-,-,-,-,-,-,-,-,1,-,-,-,-,-,-,-,0,-,-,-,-,-,-,-,-,-,-,-,-,-,-
genuit,-,-,-,-,-,-,-,-,-,-,-,-,-,-,-,0,-,-,-,-,-,-,-,-,1,-,-,-,-,-,-,-,-,-,-,-,-,-,-,-,-,-,-,-,-,-,-,-,-,-,-,-,-,-,-,-,-,-,-,-,0,-,-,-,-,-,-,-,1,-,-,-,-,-,-,-,-,-,-,-,-,-,-
posteritati,-,-,-,-,-,-,-,-,-,-,-,-,-,-,-,1,-,-,-,-,-,-,-,-,0,-,-,-,-,-,-,-,-,-,-,-,-,-,-,-,-,-,-,-,-,-,-,-,-,-,-,-,-,-,-,-,-,-,-,-,0,-,-,-,-,-,-,-,0,-,-,-,-,-,-,-,-,-,-,-,-,-,-
ap ta ub ad iiiior,-,-,-,-,-,-,-,-,-,-,-,-,-,-,-,0,-,-,-,-,-,-,-,-,-,-,-,-,-,-,-,-,-,-,-,-,-,-,-,-,-,-,-,-,-,-,-,-,-,-,-,-,-,-,-,-,-,-,-,-,0,-,-,-,-,-,-,-,1,-,-,-,-,-,-,-,-,-,-,-,-,-,-
reliquitur,-,-,-,-,-,-,-,-,-,-,-,-,-,-,-,0,-,-,-,-,-,-,-,-,-,-,-,-,-,-,-,-,-,-,-,-,-,-,-,-,-,-,-,-,-,-,-,-,-,-,-,-,-,-,-,-,-,-,-,-,1,-,-,-,-,-,-,-,0,-,-,-,-,-,-,-,-,-,-,-,-,-,-
reliquitur,-,-,-,-,-,-,-,-,-,-,-,-,-,-,-,1,-,-,-,-,-,-,-,-,-,-,-,-,-,-,-,-,-,-,-,-,-,-,-,-,-,-,-,-,-,-,-,-,-,-,-,-,-,-,-,-,-,-,-,-,0,-,-,-,-,-,-,-,0,-,-,-,-,-,-,-,-,-,-,-,-,-,-
de,-,-,-,-,-,-,-,-,-,-,-,-,-,-,-,1,-,-,-,-,-,-,-,-,-,-,-,-,-,-,-,-,-,-,-,-,-,-,-,-,-,-,-,-,-,-,-,-,-,-,-,-,-,-,-,-,-,-,1,-,-,-,-,-,-,-,-,1,-,-,-,-,-,-,-,-,-,-,-,-,-,-,-
filias pater chayn,-,-,-,-,-,-,-,-,-,-,-,-,-,-,-,0,-,-,-,-,-,-,-,-,-,-,-,-,-,-,-,-,-,-,-,-,-,-,-,-,-,-,-,-,-,-,-,-,-,-,-,-,-,-,-,-,-,-,1,-,-,-,-,-,-,-,-,0,-,-,-,-,-,-,-,-,-,-,-,-,-,-,-
sententia pomo mulieri illata,-,-,-,-,-,-,-,-,-,-,-,-,-,-,-,1,-,-,-,-,-,-,-,-,-,-,-,-,-,-,-,-,-,-,-,-,-,-,-,-,-,-,-,-,-,-,-,-,-,-,-,-,-,-,-,-,-,-,0,-,-,-,-,-,-,-,-,0,-,-,-,-,-,-,-,-,-,-,-,-,-,-,-
iudicia pigno idem ragnot,-,-,-,-,-,-,-,-,-,-,-,-,-,-,-,0,-,-,-,-,-,-,-,-,-,-,-,-,-,-,-,-,-,-,-,-,-,-,-,-,-,-,-,-,-,-,-,-,-,-,-,-,-,-,-,-,-,-,0,-,-,-,-,-,-,-,-,1,-,-,-,-,-,-,-,-,-,-,-,-,-,-,-
et,-,-,-,-,-,-,-,-,-,-,-,-,-,-,-,-,-,-,-,-,-,-,-,-,-,-,-,-,-,-,-,-,-,-,-,-,-,-,-,-,-,-,-,-,-,-,-,-,-,-,-,-,-,-,-,-,-,-,1,-,-,-,1,-,-,-,-,1,-,-,-,-,-,-,-,-,-,-,-,-,-,-,-
eius posteritas,-,-,-,-,-,-,-,-,-,-,-,-,-,-,-,-,-,-,-,-,-,-,-,-,0,-,-,-,-,-,-,-,-,-,-,-,-,-,-,-,-,-,-,-,-,-,-,-,-,-,-,-,-,-,-,-,-,-,0,-,-,-,1,-,-,-,-,0,-,-,-,-,-,-,-,-,-,-,-,-,-,-,-
abel,-,-,-,-,-,-,-,-,-,-,-,-,-,-,-,-,-,-,-,-,-,-,-,-,1,-,-,-,-,-,-,-,-,-,-,-,-,-,-,-,-,-,-,-,-,-,-,-,-,-,-,-,-,-,-,-,-,-,1,-,-,-,0,-,-,-,-,0,-,-,-,-,-,-,-,-,-,-,-,-,-,-,-
liberus fluus postea nidicauit,-,-,-,-,-,-,-,-,-,-,-,-,-,-,-,-,-,-,-,-,-,-,-,-,0,-,-,-,-,-,-,-,-,-,-,-,-,-,-,-,-,-,-,-,-,-,-,-,-,-,-,-,-,-,-,-,-,-,0,-,-,-,0,-,-,-,-,1,-,-,-,-,-,-,-,-,-,-,-,-,-,-,-
est 230 genuit seth,-,-,-,-,-,-,-,-,-,-,-,-,-,-,-,-,-,-,-,-,-,-,-,-,1,-,-,-,-,-,-,-,-,-,-,-,-,-,-,-,-,-,-,-,-,-,-,-,-,-,-,-,-,-,-,-,-,-,0,-,-,-,-,-,-,-,-,-,-,-,-,-,-,-,-,-,-,-,-,-,-,-,-
in,-,-,-,-,-,-,-,-,-,-,-,-,-,-,-,-,-,-,-,-,-,-,-,-,0,-,-,-,-,-,-,-,-,-,-,-,-,-,-,-,-,-,-,-,-,-,-,-,-,-,-,-,-,-,-,-,-,-,1,-,-,-,-,-,-,-,-,-,-,-,-,-,-,-,-,-,-,-,-,-,-,-,-
