tadam_vbb342,,adam ,,in agro ,damasceno ,,formatus ,,et ,in ,,paradisum ,,unde ,iiii ,,flumina ,oriuntur ,translatus ,,,,,,,,,cum ,femine ,de ,costa ,dor mientis ,,,facte ,,,nomine ,,,sicut ,et ,,ceteris ,,rebus ,imposito ,,de ,christo ,,,,,,et ,,ecclesia ,prophetasset ,et ,eidem ,,,de ,,comedendo ,,pomo ,acquieuisset ,,pro ,disconuenientia ,auditatis ,,,factis ,peryzomatibus ,,,,,,a domino ,de ,paradiso ,,,collocatis ,cherubyn ,,,et ,flameo ,gladio ,,,,post ,increpationem ,eiectus ,,,,de terra ,malidicta ,,,,insudore ,uultus ,,,panem ,acquirit,,,,,,,,,,,,,
tadam_whafol70,,adam ,,in agro ,damasceno ,,formatus ,,et ,in ,,paradisum ,,unde ,quatuor ,,flumina ,oriuntur ,translatus ,,,,,,,,,cum ,femine ,de ,costa ,,dormientis ,,facte ,,,nomine ,,,sicut ,et ,,ceteris ,,rebus ,imposito ,,de ,christo ,,,,,,et ,,ecclesia ,prophetasset ,et ,eidem ,,,de ,,comedendo ,,pomo ,acquieuisset ,,pro ,disconuenientia ,nuditatis ,,,factis ,,perizomatibus ,,,,,a domino ,de ,paradyso ,,,collocatis ,,cherubin ,,et ,flammeo ,gladio ,,,,post ,increpationem ,abiectus ,de ,,,de terra ,maledicta ,,,,insudore ,uultus ,,,panem ,acquiritur,,,,,,,,,,,,,
tadam_fbrricc236,,adam ,,in agro ,damasceno ,,formatus ,,et ,in ,,paradisum ,,unde ,iiiior ,,flumina ,oriuntur ,translatus ,,,,,,,,,cum ,femine ,de ,costa ,,dormientis ,,facte ,,,nomine ,,,sicut ,et ,,ceteris ,,rebus ,imposito ,,de ,christo ,,,,,,et ,,ecclesia ,prophetasset ,et ,eidem ,,,de ,,comedendo ,,pomo ,acquieuisset ,,pro ,disconuenientia ,nuditatis ,,,factis ,,perizomatibus ,,,,,a domino ,de ,paradiso ,,,collocatis ,,cherubin ,,et ,flammeo ,gladio ,,,,post ,increpationem ,abiectus ,,,,de terra ,maledicta ,,,,,uultus ,,,panem ,acquiritur,,,,,,,,,,,,,
tadam_khaw247,,adam ,,in agro ,damasceno ,,formatus ,,et ,in ,paradysum ,,,unde ,iiiior ,,flumina ,oriuntur ,translatus ,,,,,,,,,cum ,femine ,de ,costa ,,dormientis ,,facte ,,,nomine ,,,sicut ,et ,,ceteris ,,rebus ,imposito ,,de ,christo ,,,,,,et ,,ecclesia ,prophetasset ,et ,eidem ,,,de ,,comedendo ,,pomo ,acquieuisset ,,pro ,disconuenientia ,nuditatis ,,,factis ,,perizomatibus ,,,,,a domino ,de ,paradiso ,,,collocatis ,cherubyn ,,,et ,flammeo ,gladio ,,,,post ,increpationem ,abiectus ,,,,de terra ,maledicta ,,,,insudore ,uultus ,,,panem ,acquiritur,,,,,,,,,,,,,
tadam_mbsclm2660,,adam ,,in agro ,damasceno ,,formatus ,,et ,in ,,paradisum ,,unde ,iiiior ,,flumina ,oriuntur ,translatus ,,,,,,,,,cum ,femine ,de ,costa ,,dormientis ,,facte ,,,nomine ,,,sicut ,et ,,ceteris ,,rebus ,imposito ,,de ,christo ,,,,,,et ,,ecclesia ,prophetasset ,et ,eidem ,,,de ,,comedendo ,,pomo ,acquieuisset ,,pro ,disconuenientia ,nudatus ,,,factis ,,perizomatibus ,,,,,a domino ,,paradiso ,,,collocatis ,,cherubin ,,et ,flammeo ,gladio ,,,,post ,increpationem ,abiectus ,,,,de terra ,maledicta ,,,,insudore ,uultus ,,,panem ,acquirit,,,,,,,,,,,,,
tadam_ccc29,,adam ,,in agro ,damasceno ,,formatus ,,et ,in ,para dysum ,,,unde ,iiiior ,,flumina ,oriuntur ,translatus ,,,,,,,,,cum ,femine ,de ,costa ,,dormientis ,,facte ,no mine ,,,,,sicut ,et ,,ceteris ,,rebus ,imposita ,,de ,christo ,,,,,,et ,,ecclesia ,prophetasset ,et ,eidem ,,,de ,,comedendo ,,pomo ,acquie uisset ,,pro ,disconuenientia ,nuditatis ,,,factis ,perizom atibus ,,,,,,a domino ,de ,paradyso ,,,collocatis ,cherubym ,,,et ,flam meo ,gladio ,,,,post ,increpationem ,abiectus ,,,,de terra ,maledicta ,,,,insudore ,uultus ,,,panem ,acquiritur,,,,,,,,,,,,,
tadam_pbnlat297,,adam ,,in agro ,damasceno ,,formatus ,,et ,in ,,paradisum ,,unde ,iiii ,,flumina ,oriuntur ,translatus ,,,,,,,,,cum ,femine ,de ,costa ,,dormientis ,,facte ,,,nomine ,,,sicut ,et ,,ceteris ,,rebus ,imposito ,,de ,christo ,,,,,,et ,,ecclesia ,prophetasset ,et ,eidem ,,,de ,,comedendo ,,pomo ,acquieuisset ,,pro ,disconuenentia ,nuditatis ,,,factis ,peryzomatibus ,,,,,,a domino ,de ,paradiso ,,,collocatis ,,cherubin ,,et ,flammeo ,gladio ,,,,post ,increpationem ,abiectus ,,,,de terra ,maledicta ,,,,insudore ,uultus ,,,panem ,acquiritur,,,,,,,,,,,,,
tadam_cma1973,,adam ,,in agro ,damasceno ,,formatus ,,et ,in ,paradysum ,,,unde ,iiii ,,flumina ,oriuntur ,translatus ,,,,,,,,,cum ,femine ,de ,costa ,,dormientis ,,facte ,eua ,,nomine ,,imposito ,sicut ,et ,,ceteris ,,rebus ,,,de ,christo ,,,,,,et ,,ecclesia ,prophetasset ,et ,eidem ,,,de ,,comedendo ,,pomo ,acquieuisset ,,pro ,disconuenientia ,nuditatis ,,,factis ,,perizomatibus ,,,,,a domino ,de ,paradiso ,,,collocatis ,,cherubin ,,et ,flammeo ,gladio ,,,,post ,increpationem ,abiectus ,,,,de terra ,maledicta ,,,,insudore ,uultus ,,,panem ,adquiritur,,,,,,,,,,,,,
tadam_lbm445,,adam ,,in agro ,damasceno ,,formatus ,,et ,in ,,paradisum ,,unde ,iiiior ,,flumina ,oriuntur ,translatus ,,,,,,,,,cum ,femine ,de ,costa ,,dormientis ,,facte ,,,nomine ,,,sicut ,et ,,ceteris ,,rebus ,imposito ,,de ,christo ,,,,,,et ,,ecclesia ,prophetasset ,et ,eidem ,,,de ,,comedendo ,,pomo ,acquieuisset ,,pro ,disconuenientia ,nuditatis ,,,factis ,,perizomatibus ,,,,,a domino ,,paradiso ,,,collocatis ,cherubyn ,,,et ,flammeo ,gladio ,,,,post ,increpationem ,abiectus ,,,,de terra ,maledicta ,,,,insudore ,uultus ,,,panem ,acquiritur,,,,,,,,,,,,,
tadam_won363,,adam ,,in agro ,damasceno ,,formatus ,,et ,in ,paradysum ,,,unde ,iiiior ,,flumina ,oriuntur ,translatus ,,,,,,,,,cum ,femine ,de ,costa ,,dormientis ,,facte ,,,nomine ,,,sicut ,et ,,ceteris ,,rebus ,,inposito ,de ,christo ,,,,,,et ,,ecclesia ,prophetasset ,et ,eidem ,,,de ,pomo ,comedendo ,,,acquieuisset ,,pro ,disconuenientia ,nuditatis ,,,factis ,peryzhomatibus ,,,,,,a domino ,de ,paradyso ,,,collocatis ,,cherubin ,,et ,flammeo ,gladio ,,,,post ,increpationem ,abiectus ,,,,de terra ,maledicta ,,,,insudore ,uultus ,,,panem ,acquiritur,,,,,,,,,,,,,
tadam_dclbii33,,adam ,,in agro ,damasceno ,,formatus ,,,in ,,paradisum ,,unde ,iiiior ,,flumina ,oriuntur ,translatus ,,,,,,,,,cum ,femine ,de ,costa ,,dormientis ,,facte ,,,nomine ,,,sicut ,et ,,ceteris ,,rebus ,imposito ,,de ,christo ,,,,,,et ,,ecclesia ,prophetasset ,et ,eidem ,,,de ,,comedendo ,,pomo ,acquieuisset ,,pro ,disconuenientia ,nuditatis ,,,factis ,,perizomatibus ,,,,,a domino ,de ,paradiso ,,,collocatis ,,cherubin ,,et ,flammeo ,gladio ,,,,post ,increpationem ,abiectus ,,,,de terra ,maledicta ,,,,insudore ,uultus ,,,panem ,acquiritur,,,,,,,,,,,,,
tadam_culdd116,,adam ,,in agro ,damasceno ,,formatus ,,et ,in ,,paradisum ,,,iiii ,,flumina ,oriuntur ,translatus ,,,,,,,,,cum ,femine ,de ,costa ,,dormientis ,,facte ,eua ,,nomine ,imposita ,,sicut ,et ,,ceteris ,,rebus ,,,de ,christo ,,,,,,et ,,ecclesia ,prophetasset ,et ,eidem ,,,de ,,comedendo ,,pomo ,acquieuisset ,,pro ,disconue nientiam ,nuditatis ,,,factis ,,perizomatibus ,,,,,a domino ,de ,paradiso ,,,collocatis ,,cherubin ,,et ,flammeo ,gladio ,,,,post ,increpationem ,abiectus ,,,,de terra ,maledicta ,,,,insudore ,uultus ,,,panem ,acquiritur,,,,,,,,,,,,,
tadam_avr166,,adam ,,in agro ,damasceno ,,formatus ,,et ,in ,,paradisum ,,unde ,quatuor ,,flumina ,oriuntur ,translatus ,,,,,,,,,cum ,femine ,de ,costa ,,dormientis ,,facte ,eua ,,nomine ,,imposito ,sicut ,et ,,ceteris ,,rebus ,,,de ,christo ,,,,,,et ,,ecclesia ,prophetasset ,et ,eidem ,,,de ,,comedendo ,,pomo ,,adquieuisset ,pro ,disconuenientia ,nuditatis ,,,factis ,peryzomatibus ,,,,,,a domino ,de ,paradiso ,,,collocatis ,,cherubin ,,et ,flammeo ,gladio ,,,,post ,increpationem ,abiectus ,,,,de terra ,maledicta ,,,,insudore ,uultus ,,,panem ,acquiritur,,,,,,,,,,,,,
tadam_mbsclm28173,,adam ,,in agro ,damasceno ,,formatus ,est ,ut ,in ,paradysum ,,,unde ,4or ,,flumina ,oriuntur ,translatus ,,,,,,,,,cum ,femine ,de ,costa ,,dormientis ,,facte ,,,nomine ,,,sicut ,et ,,ceteris ,,rebus ,imposito ,,de ,christo ,,,,,,et ,,ecclesia ,prophetasset ,et ,eidem ,,,de ,,comedendo ,,pomo ,acquieuisset ,,pro ,disconuenientia ,nuditatis ,,,factis ,,perizomatibus ,,,,,a domino ,de ,paradiso ,,,collocatis ,,cherubin ,,et ,flammeo ,gladio ,,,,post ,increpationem ,abiectus ,,,,de terra ,maledicta ,,,,insudore ,uultus ,,,panem ,acquiritur,,,,,,,,,,,,,
tadam_bas4,,adam ,,in agro ,damasceno ,,formatus ,,et ,in ,,paradisum ,,unde ,iiiior ,,flumina ,oriuntur ,translatus ,,,,,,,,,cum ,femine ,de ,costa ,,dormientis ,,facte ,,,nomine ,,,sicut ,et ,,ceteris ,,rebus ,imposito ,,de ,christo ,,,,,,,,ecclesia ,prophetasset ,et ,eidem ,decomedendo ,,,,,,pomo ,acquieuisset ,,pro ,disconueni entia ,nuditatis ,,,factis ,,perizomatibus ,,,,,a domino ,de ,paradiso ,,,collocatis ,,cherubin ,,,flammeo ,gladio ,,,,post ,increpationem ,abiectus ,,,,de terra ,maledicta ,in ,sudore ,,,uultus ,,,panem ,acquirit,,,,,,,,,,,,,
tadam_pbnlat15254,,adam ,,in agro ,damasceno ,,formatus ,,et ,in ,,paradisum ,,unde ,iiior ,,flumina ,oriuntur ,translatus ,,,,,,,,,cum ,femine ,de ,costa ,,dormientis ,,facte ,eua ,,nomine ,,imposito ,sicut ,et ,,ceteris ,,rebus ,,,de ,christo ,,,,,,et ,,ecclesia ,prophetasset ,et ,eidem ,,,de ,,comedendo ,,pomo ,acquieuisset ,,pro ,disconuenientia ,nuditatis ,,,factis ,,perizomatibus ,,,,,a domino ,de ,paradiso ,,,collocatis ,,cherubin ,,et ,flammeo ,gladio ,,,,post ,increpationem ,abiectus ,,,,de terra ,maledicta ,,,,insudore ,uultus ,,,panem ,adquiritur,,,,,,,,,,,,,
tadam_won364,,adam ,,in agro ,damasceno ,,formatus ,,et ,in ,paradysum ,,,unde ,iiiior ,,flumina ,oriuntur ,translatus ,,,,,,,,,cum ,femine ,de ,costa ,,dormientis ,,facte ,,,nomine ,,,sicut ,et ,,ceteris ,,rebus ,,inposito ,de ,christo ,,,,,,et ,,ecclesia ,prophetasset ,et ,eidem ,,,de ,,comedendo ,,pomo ,acquieuisset ,,pro ,disconuenientia ,nuditatis ,,,factis ,,perizomatibus ,,,,,a domino ,de ,paradyso ,,,collocatis ,,cherubin ,,et ,flammeo ,gladio ,,,,post ,increpationem ,abiectus ,,,,de terra ,maladicta ,,,,insudore ,uultus ,,,panem ,acquiritur,,,,,,,,,,,,,
tadam_lbladd606281,,adam ,,in agro ,damasceno ,,formatus ,,et ,in ,,paradisum ,,unde ,quatuor ,,flumina ,oriuntur ,translatus ,,,,,,,,,cum ,,de ,costa ,,,femine ,facte ,ipsius ,dormientis ,nomine ,eua ,imposito ,,,,ceteris ,qui ,rebus ,impositis nominibus ,,de ,christo ,,,,,,et ,,ecclesia ,prophetasset ,et ,eidem ,femine ,,de ,,comedendo ,,pomo ,acquieuisset ,,pro ,disconueniencia ,nuditatis ,sue ,statim agnite ,factis ,periozomatibus ,,de ,foliis ficus ,,,a domino ,de ,paradiso ,eiectus ,post increpationem ,collocatis ,in ,aditu ,cherubin ,cum ,,gladio ,flammeo ,et ,uersatili ,,,,,,,de terra ,maledicta ,,,,insudore ,uultus ,et labore manuum ,,panem ,acquiritur ,quod ,,,,et ,toti ,posteritati reliquitur ,de ,sententia primo mulieri illata,,,,
tadam_lol390,,adam ,,in agro ,damasceno ,,formatus ,,et ,in ,,paradisum ,,unde ,iiiior ,,flumina ,oriuntur ,translatus ,,,,,,,,,cum ,femine ,de ,costa ,,dormientis ,,facte ,,,nomine ,,,sicut ,et ,,ceteris ,,rebus ,imposito ,,de ,christo ,,,,,,et ,,ecclesia ,prophetasset ,et ,eidem ,,,de ,,comedendo ,,pomo ,acquieuisset ,,pro ,disconuenientia ,nuditatis ,,,factis ,,perizomatibus ,,,,,a domino ,de ,paradiso ,,,collocatis ,cherubim ,,,et ,flammeo ,gladio ,,,,post ,increpationem ,abiectus ,,,,de terra ,maledicta ,,,,insudore ,uultus ,,,panem ,acquirit,,,,,,,,,,,,,
tadam_mbsclm8201,,adam ,,in agro ,damasceno ,,formatus ,,et ,in ,paradysum ,,,unde ,quatuor ,,flumina ,oriuntur ,translatus ,,,,,,,,,cum ,femine ,de ,costa ,,dormientis ,,facte ,eue ,,nomine ,,imposito ,sicut ,et ,,ceteris ,,rebus ,,,de ,christo ,,,,,,et ,,ecclesia ,prophetasset ,et ,eidem ,,,de ,,comedendo ,,pomo ,acquieuisset ,,pro ,disconuenientia ,nuditatis ,,,factis ,,perizomatibus ,,,,,a domino ,de ,paradyso ,,,collocatis ,cherubyn ,,,et ,,,flammeo ,,,,,,,,,,maledicta ,,,,insudore ,uultus ,,,panem ,acquiritur,,,,,,,,,,,,,
tadam_dul190,,adam ,,in agro ,damasceno ,,formatus ,,et ,in ,,paradisum ,,unde ,4or ,,flumina ,oriuntur ,translatus ,,,et ,femina ,,,,,,,de ,costa ,,dormientis ,facta ,,eue ,,nomine ,,,sicut ,et ,,ceteris ,imposuit ,et ,,,de ,christo ,,,,,,et ,,ecclesia ,prophetasset ,et ,eue ,,,de ,,comedendo ,,pomo ,aquieuisset ,,pro ,disconuenientia ,nuditatis ,,,factis ,perisomatibus ,,,,,,a domino ,de ,paradiso ,collatis ,,,,cherubin ,,et ,flammeo ,gladio ,,,,post ,increpatonem ,abiectus ,,,,de terra ,maledicta ,,,,insudore ,uultus ,,,panem ,acquirit,,,,,,,,,,,,,
tadam_CCC503,,adam ,,in agro ,damasceno ,,formatus ,,et ,in ,,paradisum ,,unde ,quatuor ,,flumina ,oriuntur ,translatus ,,,,,,,,,cum ,femine ,de ,costa ,,dormientis ,,facte ,,,nomine ,,,sicut ,et ,,ceteris ,,rebus ,imposito ,,de ,christo ,,,,,,et ,,ecclesia ,,et ,eidem ,,,de ,,comedendo ,,pomo ,acquieuisset ,,pro ,disconuenientia ,nuditatis ,,,,,perizomatibus ,,,,,a domino ,de ,paradiso ,,,collocatis ,,cherubin ,,et ,flammeo ,gladio ,,,,post ,increpationem ,abiectus ,,,,de terra ,maledicta ,,,,insudore ,uultus ,,,panem ,acquiritur,,,,,,,,,,,,,
tadam_kac696,,adam ,,in agro ,damasceno ,,formatus ,,et ,in ,pa radysum ,,,unde ,iiii ,,flumina ,oriuntur ,translatus ,dum ,,,,,,,,,femine ,de ,costa ,,dormientis ,,facte ,,,nomine ,,,sicut ,et ,,ceteris ,,rebus ,imposito ,,de ,christo ,,,,,,et ,,ecclesia ,prophetasset ,et ,eidem ,,,de ,,comedendo ,,pomo ,acquieuisset ,,pro ,discon uenientia ,nuditatis ,,,factis ,,perizomatibus ,,,,,a domino ,de ,paradyso ,,,collocatis ,cherubym ,,,et ,flammeo ,gladio ,,,,post ,incre pationem ,abiectus ,,,,de terra ,maledicta ,,,,insudore ,uultus ,,,panem ,acquiritur,,,,,,,,,,,,,
tadam_mjrgast2037,,adam ,,in agro ,damasceno ,,formatus ,,et ,in ,,paradisum ,,unde ,quatuor ,,flumina ,oriuntur ,translatus ,,,,,,,,,cum ,,de ,costa ,,dormientis ,femine ,facte ,,,nomine ,inposito ,,sicut ,et ,,ceteris ,,rebus ,,,de ,christo ,,,,,,et ,,ecclesia ,prophetasset ,et ,eidem ,femine ,,de ,,comedendo ,,pomo ,,adquieuisset ,pro ,disconuenientia ,nuditatis ,,,factis ,,perizomatibus ,,,,,a domino ,de ,paradiso ,,,collocatis ,,cherubin ,,et ,flammeo ,gladio ,,,,post ,increpationem ,eiectus ,,,,de terra ,maledicta ,,,,insudore ,uultus ,,,panem ,adquiritur ,,,adam ,interpretatur rubeus,,,,,,,,,
tadam_lol490,,adam ,,in agro ,damasceno ,,formatus ,,et ,in ,,paradisum ,,unde ,iiiior ,,flumina ,oriuntur ,translatus ,,,,,,,,,cum ,femine ,de ,costa ,,dormientis ,,facte ,,,nomine ,,,sicut ,et ,,ceteris ,,rebus ,imposito ,,de ,christo ,,,,,,et ,,ecclesia ,prophetasset ,et ,eidem ,,,de ,,comedendo ,,pomo ,acquieuisset ,,pro ,disconuenientia ,nuditatis ,,,factis ,,perizomatibus ,,,,,a domino ,,paradyso ,,,collocatis ,cherubyn ,,,et ,flammeo ,gladio ,,,,post ,increpationem ,abiectus ,,,,de terra ,maledicta ,,,,insudore ,uultus ,,,panem ,acquirit,,,,,,,,,,,,,
tadam_eufdeperfca2108,,adam ,,in agro ,damasceno ,,formatus ,,et ,in ,,paradisum ,,unde ,quatuor ,,flumina ,oriuntur ,translatus ,,,,,,,,,cum ,femine ,de ,costa ,,dormientis ,,facte ,,,nomine ,,,sicut ,et ,,ceteris ,,rebus ,imposito ,,de ,christo ,,,,,,et ,,ecclesia ,prophetasset ,et ,eidem ,,,de ,,comedendo ,,pomo ,acquieuisset ,,pro ,disconuenientia ,nuditatis ,,,factis ,,perizomatibus ,,,,,a domino ,de ,paradiso ,,,collocatis ,,cherubin ,,et ,flammeo ,gladio ,,,,post ,increpationem ,abiectus ,,,,de terra ,maledicta ,,,,insudore ,uultus ,,,panem ,acquiritur,,,,,,,,,,,,,
tadam_tburps75iii,,adam ,,in agro ,damasceno ,,formatus ,,et ,in ,,paradisum ,,unde ,iiiior ,oriuntur ,flumina ,,translatus ,,,,,,,,,cum ,femine ,de ,costa ,,dormientis ,,facte ,,,nomine ,,,sicut ,et ,,ceteris ,,rebus ,imposito ,,de ,christo ,,,,,,et ,,ecclesia ,prophetasset ,,,,,,,,,,,,pro ,disconuenientia ,nuditatis ,,,,,perizomatibus ,,,,,a domino ,de ,paradiso ,,,collocatis ,cherubym ,,,et ,flammeo ,gladio ,,,,post ,increpationem ,abiectus ,,,,de terra ,maledicta ,,,,insudore ,uultus ,,,panem ,acquiritur,,,,,,,,,,,,,
tadam_pfllewe72,,adam ,,in agro ,damasceno ,,formatus ,,et ,in ,,paradisum ,,unde ,quatuor ,,flumina ,oriuntur ,translatus ,s ,in paradisum ,uoluptatis ,in ,deliciarum ,,,,cum ,femine ,de ,costa ,,dormientis ,,facte ,a domino ,,,eua ,nomine ,sicut ,et ,,ceteris ,,rebus ,imposito ,,de ,christo ,,,,,,et ,,ecclesia ,prophetasset ,et ,eidem ,,,de ,,comedendo ,,pomo ,a domino prohibito ,acquieuisset ,propter ,disconuenientiam ,nuditatis ,facte ,,factis ,est ,perizomatibus ,de ,foliis ficus ,de ,paradiso cum ea ,a domino ,est ,,eiectus ,et ante paradisi ,portam ,cherubyn ,cum ,,,flammeo ,gladio ,collocatis ,,,post ,increpationem ,accepit ,in ,maledicte ,ut ,de terra ,maledicta ,einas ,et tribulos ,germmante ,insudore ,uultus ,sui ,panem ,quo ,nestatur ,acquiratur ,anno uite ade  ,adam  ,anno uite sue genuit caym ,et ,30 anno genuit abel ,,,,est ,230 ,genuit ,seth
tadam_hubsalix40,,adam ,,in agro ,damasceno ,,formatus ,,et ,in ,paradyso ,,,unde ,iiiior ,,flumina ,oriuntur ,translatus ,,,,,,,,,cum ,femine ,de ,costa ,,dormientis ,,facte ,,,,,nomine ,sicut ,et ,,ceteris ,,rebus ,imposito ,,de ,christo ,,,,,,et ,,ecclesia ,prophetasset ,et ,eidem ,,,de ,,comedendo ,,pomo ,acquieuisset ,,pro ,disconuenientia ,nuditatis ,,,factis ,peryzomatibus ,,,,,,a domino ,de ,paradyso ,colloca ,tis ,,,cherubin ,,et ,flammeo ,gladio ,,,,post ,increpationem ,abiectus ,,,,de terra ,maledicta ,,,,insudore ,uultus ,,,panem ,acquiritur,,,,,,,,,,,,,
tadam_pnkiiie5,c ,adam ,,in agro ,damasceno ,,formatus ,est ,et ,in ,,paradisum ,,unde ,quatuor ,,flumina ,oriuntur ,translatus ,,,,,,,,,cum ,femine ,de ,costa ,,dormientis ,,facte ,,,,,,sicut ,et ,,ceteris ,,rebus ,nomine ,inposito ,de ,christo ,,,,,,et ,de ,ecclesia ,prophetasset ,et ,eidem ,,,de ,pomo ,comedendo ,,,acquieuisset ,,pro ,disconuenientia ,nuditatis ,,,factis ,,perizomatibus  ,,,,,a domino ,de ,paradiso ,,,collocatis ,,cherubin ,a ,,flammeo ,gladio ,,,,post ,increpationem ,abiectus ,,,,de terra ,maledicta ,,,,insudore ,uultus ,sui ,,panem ,acquiritur,,,,,,,,,,,,,
tadam_lub1314,,adam ,,in agro ,damasceno ,,formatus ,,et ,in ,,paradisum ,,unde ,iiiior ,,flumina ,oriuntur ,translatus ,s ,phison  agagano rege indie otus est ganges gyon qui ,et ,nylus deus ,est ,tygris ,et ,eufrates ,cum ,femine ,de ,costa ,,dormientis ,,facte ,,,,,nomine ,sicut ,et ,,ceteris ,imposito ,et ,post dormicionem prophetasset ,,de ,christo ,et ,ecclesia ,et ,de ,diluuio furoe ,et ,de ,indicio proignie et postea libis sius idicanit ,,et  ,rerepta alpente lyute uultu ugineum ,et ,beta ,de ,,comedendo ,,pomo ,acquieuisset ,,pro ,disconuenientia ,nuditatis ,,,factis ,,perizomatibus ,s ,,de ,polys fratrem ,a domino ,de ,paradyso ,,,collocatis ,,cherubin ,,et ,flammeo ,gladio ,,,,post ,increpationem ,abiectus ,,,,de terra ,maledicta ,,,,insudore ,uultus ,,,panem ,acquiritur,,,,,,,,,,,,,
tadam_rsa6519,,adam ,,in agro ,damasceno ,,formatus ,,et ,in ,,paradisum ,,unde ,quattuor ,,flumina ,oriuntur ,translatus ,,,,,,,,,cum ,femine ,de ,costa ,,dormientis ,facta ,,,,,eua ,nomine ,sicut ,et ,,ceteris ,,rebus ,imposito ,,de ,christo ,,,,,,et ,,ecclesia ,prophetasset ,et ,eidem ,,,de ,,comedendo ,,pomo ,acquieuisset ,,,disconueniencia ,nuditatis ,,,factis ,,perizomatibus ,,,,,a domino ,de ,paradiso ,,,collocatis ,,cherubin ,,et ,flammeo ,gladio ,,postquam ,increpacionem ,,,abiectus ,,,,de terra ,maledicta ,,,,insudore ,uultus ,,,panem ,commedit ,a ,missa quorum ,,in ,mortalitate ,in,,,,,,,
tadam_nbl1183,,adam ,,in agro ,damasceno ,,formatus ,geniic ,et ,,,,,,,,,,translatus ,,in paradisum ,,,,,,,cum ,femine ,de ,costa ,,dormientis ,,facte ,,,,,nomine ,sicut ,et ,,ceteris ,,rebus ,imposito ,,de ,christo ,,,,,,et ,,ecclesia ,prophetasset ,et ,eidem ,,,de ,,comedendo ,geniiic ,pomo ,acquieuisset ,,pro ,disconunenientia ,nuditatis ,,,factis ,,perizomatibus ,qi  ,,,,a domino ,de ,paradiso ,merat ,,collocatis ,,cherubin ,,et ,flammeo ,gladio ,,,,post ,increpationem ,abiectus ,,,,de terra ,maledicta ,,,,insudore ,uultus ,,,panem ,acquiritur,,,,,,,,,,,,,
tadam_fsugermquart13,,adam ,,in agro ,damasceno ,,formatus ,,et ,in ,,paradisum ,,unde ,quattuor ,,flumina ,oriuntur ,translatus ,,,et ,femina ,,,,,,,de ,costa ,,dormientis ,facta ,,,,,eua ,nomine ,sicut ,et ,,ceteris ,imposuit ,et ,,,de ,christo ,,,,,,et ,,ecclesia ,prophetasset ,,,et ,cue ,de ,,comedendo ,,pomo ,acquieuisset ,,pro ,disconuenientia ,nuditatis ,,,factis ,perisomatibus ,,,,,,a domino ,de ,paradiso ,,,collocatis ,,cherubin ,,et ,flammeo ,gladio ,,,,post ,increpationem ,abiectus ,,,,de terra ,maledicta ,,,,insudore ,uultus ,,,panem ,acquiritur,,,,,,,,,,,,,
tadam_pbnlat15637,,adam ,,in agro ,damasceno ,,formatus ,,,in ,paradysum ,,,unde ,iiiior ,,flumina ,oriuntur ,translatus ,,,,,,,,,cum ,femine ,de ,costa ,,dormientis ,,facte ,,,,,nomine ,sicut ,et ,,ceteris ,,rebus ,,inposito ,de ,christo ,,,,,,et ,,ecclesia ,prophetasset ,et ,eidem ,,,de ,,comedendo ,,pomo ,acquieuisset ,,pro ,disconuenientia ,nuditatis ,,,factis ,,perizomatibus ,,,,,a domino ,de ,paradyso ,,,collocatis ,,,cherubin ,,flammeo ,gladio ,,,,post ,increpationem ,abiectus ,,,,de terra ,maledicta ,,,,insudore ,uultus ,,,panem ,adquiritur,,,,,,,,,,,,,
tadam_vbapallat1723,,adam ,,in agro ,damasceno ,,formatus ,,et ,in ,,paradisum ,,unde ,iiii ,,flumina ,oriuntur ,translatus ,,,,,,,,,cum ,femine ,de ,costa ,,dormientis ,,facte ,,,,,nomine ,sicut ,et ,,ceteris ,,rebus ,imposito ,,de ,christo ,,,,,,et ,,ecclesia ,prophetasset ,et ,eidem ,,,de ,,comedendo ,,pomo ,acquieuisset ,,pro ,disconuenientia ,nuditatis ,,,factis ,,perizomatibus ,,,,,a domino ,de ,paradiso ,,,collocatis ,cherubyn ,,,et ,flammeo ,gladio ,,,,post ,increpationem ,abiectus ,,,,de terra ,maledicta ,,,,insudore ,uultus ,,,panem ,acquiritur,,,,,,,,,,,,,
tadam_mbscgm564,,adam ,wart geschaffen auf ainem acker ze damasco und wart gesetzet ,,,,,,,,,,,,,,,,,,,,in ,das paradis davon vier wasser flissent n phison nilus ,,,eufrates ,da machet got evam von adams rippe do er slieff und gab adam allen dingen namen und weissaget von got und von der heiligen cristenhait und do adam einen  gehorsam rt das er den appfel ab da schamten sie sich das sie nakent waren und namen  f√ºr sich da wurden sie ge setzet ausz dem paradise,,,,,,,,,,,,,,,,,,,,,,,,,,,,,,,,,,,,,,,,,,,,,,,,,,,,,,,,,,,,,,,,,,,,,,,,,,,,,,,,,,,,,,,,,,,,,,,,,,,
tadam_abs583,,adam ,,in agro ,damasceno ,,formatus ,,et ,in ,,paradisum ,,unde ,quattuor ,,flumina ,oriuntur ,translatus ,,,,,,,et ,,,femine ,de ,costa ,,dormientis ,,facte ,,,,,imposito ,sicut ,et ,,ceteris ,,rebus ,,,de ,christo ,,,,,,et ,,ecclesia ,prophetasset ,et ,eidem ,,,,,comedendo ,,pomo ,adquieuissent ,,pro ,disconuenientia ,nuditatis ,,,factis ,,perizomatibus ,,,,,a domino ,de ,paradiso ,,,collocatis ,cheru ,,,et ,flameo ,gladio ,,,,post ,increpationem ,abiectus ,,,,de terra ,maledicta ,in ,,,insudore ,uultus ,,,panem ,adquiritur ,sequitur consequenter,,,,,,,,,,,,
tadam_mbsclm314,,adam ,,in agro ,damasceno ,,formatus ,,et ,in ,paradysum ,,,unde ,iiiior ,,flumina ,oriuntur ,translatus ,,,,,,,,,cum ,femine ,de ,costa ,,dormientis ,,facte ,,,nomine ,,imposito ,sicut ,et ,,ceteris ,,rebus ,,,de ,christo ,,,,,,et ,de ,ecclesia ,prophetasset ,,,et ,e ,de ,,comedendo ,poma ,,acquieuisset ,,pro ,disconuenientia ,nuditatis ,,,factis ,,perizomatibus  ,,,,,,de ,paradyso ,,,collocatis ,cherubym ,,,et ,flammeo ,gladio ,,,,post ,increpationem ,abiectus ,,,,de terra ,maledictus ,,,,insudore ,uultus ,sui ,,panem ,acquiritur,,,,,,,,,,,,,
tadam_bsbtheollatfol64,c ,adam ,,in agro ,damasceno ,,formatus ,,et ,in ,paradysum ,,,unde ,quatuor ,,flumina ,oriuntur ,translatus ,,,,,,,,,cum ,femine ,de ,costa ,,dormientis ,,facte ,eua ,,nomine ,inposito ,,sicut ,et ,ceteris ,ceteris ,,rebus ,,,de ,christo ,,,,,,et ,,ecclesia ,prophetasset ,et ,eidem ,,,de ,,comedendo ,,pomo ,acq uieuisset ,,pro ,disconuenientia ,nuditatis ,,,factis ,,perizomatibus ,,,,,a domino ,de ,paradiso ,,,collocatis ,,cherubin ,,et ,flammeo ,gladio ,,,,post ,increpationem ,abiectus ,,,,de terra ,maledicta ,,,,insudore ,uultus ,,,panem ,acquiusunt,,,,,,,,,,,,,
tadam_fub36a,,adam ,,in agro ,damasceno ,,formatus ,,et ,in ,paradysum ,,,unde ,iiiior ,,flumina ,oriuntur ,translatus ,,,,,,,,,cum ,femine ,de ,costa ,,dormientis ,,facte ,,,,,nomine ,sicut ,et ,,ceteris ,,rebus ,imposito ,,de ,christo ,,,,,,et ,,ecclesia ,prophetasset ,et ,eidem ,miti ,,de ,,comedendo ,,pomo ,serisisset ,,pro ,disconuenientia ,nuditatis ,,,factis ,,perizomatibus ,,,,,a domino ,de ,paradyso ,,,collocatis ,,cherubin ,,et ,flammeo ,gladio ,,,,post ,increpationem ,abiectus ,,,,de terra ,maledicta ,,,,insudore ,uultus ,,,panem ,acquiritur,,,,,,,,,,,,,
tadam_akbwettf9,,adam ,,in agro ,damasceno ,,formatus ,,et ,in ,paradysum ,,,unde ,quatuor ,,flumina ,oriuntur ,translatus ,,,,,,,,,cum ,femine ,de ,costa ,,dormientis ,,facte ,,,,,nomine ,sicut ,et ,,ceteris ,,rebus ,imposuisset  ,,de ,christo ,,,,,,et ,,ecclesia ,prophetasset ,et ,eidem ,,,de ,,comedendo ,pomum ,,acquieuisset ,et ,pro ,disconuenientia ,nuditatis ,,,factis ,,perizomatibus ,,,,,a domino ,de ,paradyso ,,,collocatis ,cherubim ,,,et ,flameo ,gladio ,,,,post ,increpationem ,proiectus ,,,,,,in ,terram maledictam ,,insudore ,uultus ,,,panem ,acquisiuit,,,,,,,,,,,,,
tadam_swltheolphil2122,,adam ,,in agro ,damasceno ,,formatus ,,et ,in ,de s ,paradisum ,,unde ,quatuor ,,flumina ,oriuntur ,translatus ,,,,,,,,,cum ,femine ,de ,costa ,,,,facte ,,dormientis ,,,nomine ,sicut ,et ,,ceteris ,,rebus ,imposito ,,de ,christo ,,,,,,et ,,ecclesia ,prophetasset ,et ,eidem ,,,de ,,comedendo ,,pomo ,acquieuisset ,,pro ,disconuenientia ,nuditatis ,,,factis ,peryzomatibus ,,,,,,,,,,,collocatis ,,cherubin ,,et ,flammeo ,gladio ,,,,post ,increpationem ,abiectus ,,,,de terra ,maledicta ,,,,insudore ,uultus ,,,panem ,acquiritur,,,,,,,,,,,,,
tadam_lblcotrollxiv12,,adam ,,in agro ,damasceno ,,formatus ,,et ,in ,paradysum ,,,unde ,quatuor ,,flumina ,oriuntur ,translatus ,,,,,,,,,cum ,femine ,de ,costa ,,dormientis ,,facte ,,,,,nomine ,sicut ,,,ceteris ,,rebus ,imposito ,,de ,christo ,,,,,,et ,,ecclesia ,prophetasset ,et ,eidem ,,,de ,,comedendo ,,pomo ,,adquieuisset ,pro ,disconuenientia ,nuditatis ,,,factis ,,perizomatibus ,,,,,a domino ,,paradyso ,,,collocatis ,,cherubin ,,et ,flammeo ,gladio ,,,,post ,increpationem ,abiectus ,,,,de terra ,maledicta ,,,,insudore ,uultus ,,,panem ,acquiritur,,,,,,,,,,,,,
tadam_eufdeperfca2079,,adam ,,in agro ,damasceno ,,formatus ,,et ,in ,,paradisum ,,unde ,quatuor ,,flumina ,oriuntur ,translatus ,,,,,,,,,cum ,femine ,de ,costa ,,dormientis ,,facte ,,,,,nomine ,sicut ,et ,,ceteris ,,rebus ,imposito ,,de ,christo ,,,,,,et ,,ecclesia ,prophetasset ,et ,eidem ,,,de ,,comedendo ,,pomo ,acquieuisset ,,pro ,disconuenientia ,nuditatis ,,,factis ,,perizomatibus ,a deo ,post increpationem ,,,,de ,paradiso ,eiectus ,collocato ,,,cherubin ,,et ,flammeo ,gladio ,,,,,,,,,,de terra ,maledicta ,,,,insudore ,uultus ,,,panem ,acquiritur,,,,,,,,,,,,,
tadam_vbapallat963,,adam ,,in agro ,damasceno ,,formatus ,,et ,in ,,paradisum ,,unde ,iiiior ,,flumina ,oriuntur ,translatus ,,,,,,,,,cum ,femine ,de ,costa ,,dormientis ,,facte ,eua ,,nomine ,,imposito ,sicut ,et ,,ceteris ,,rebus ,,,de ,,,ecclesia ,,,,et ,christo ,,prophetasset ,et ,eidem ,,,de ,,comedendo ,,pomo ,acquieuisset ,,pro ,disconuenientia ,nuditatis ,,,factis ,peryzomatibus ,,,,,,a domino ,de ,pardiso ,,,collocatis ,,cherubin ,,et ,flammeo ,gladio ,,et ,,post ,increpationem ,abiectus ,,,,de terra ,maledicta ,,,,insudore ,uultus ,,,panem ,aquit,,,,,,,,,,,,,
tadam_pbm305,,adam ,,in agro ,damasceno ,,formatus ,,et ,in ,,paradisum ,,unde ,quatuor ,,flumina ,oriuntur ,translatus ,,,,,,,,,cum ,femine ,de ,costa ,,dormientis ,,facte ,,,nomine ,,imposito ,sicut ,et ,,ceteris ,,rebus ,,,de ,christo ,,,,,,et ,,ecclesia ,prophetasset ,et ,eidem ,,,de ,,comedendo ,,pomo ,acquieuisset ,,pro ,disconuenientia ,nuditatis ,,,factis ,,perizomatibus ,,,,,a domino ,de ,paradisso ,,,collocatis ,,cherubin ,,et ,flammeo ,gladio ,,,,post ,increpatione ,abiectus ,,,,de terra ,maledicta ,,,,,uultus ,,,panem ,acquiritur,,,,,,,,,,,,,
tadam_CCC83,,adam ,,in agro ,damasceno ,,formatus ,,et ,in ,,paradisum ,,unde ,quattuor ,,flumina ,oriuntur ,translatus ,,,,,,,,,cum ,femine ,de ,costa ,,dormientis ,,facte ,,,,,nomine ,sicut ,et ,,ceteris ,,rebus ,imposito ,,de ,christo ,,,,,,et ,,ecclesia ,prophetasset ,et ,eidem ,uxori sue a serpente seducte ,,de ,,comedendo ,,pomo ,,adquieuisset ,pro ,disconuenientia ,nuditatis ,,,factis ,,perizomatibus ,,,,,a domino ,de ,para diso ,,,collocatis ,cherubim ,,,et ,flammeo ,gladio ,,,,post ,increpationem ,abiectus ,,,,de terra ,maledicta ,,,,insudore ,uultus ,sui ,,panem ,adquirit,,,,,,,,,,,,,
tadam_no signature yet,voluptatis  ,,,,,,,,,,,,,,,,,,,,,,,deliciarum,,,,,,,,,,,,,,,,,,,,,,,,,,,,,,,,,,,,,,,,,,,,,,,,,,,,,,,,,,,,,,,,,,,,,,,,,,,,,,,,,,,,,,,,,,,,,,,,,,,,,,,
tadam_mlm4989,,adam ,,in agro ,damasceno ,,formatus ,,et ,in ,paradysum ,,,unde ,,,flumina ,oriuntur ,translatus ,,,,,,,,,cum ,femine ,de ,costa ,,dormientis ,,facte ,eua ,,nomine ,inposito ,,sicut ,et ,,ceteris ,,rebus ,,,de ,christo ,,,,,,et ,,ecclesia ,prophetasset ,et ,eidem ,,,de ,,comedendo ,,pomo ,acquieuisset ,,pro ,disconuenientia ,nuditatis ,,,factis ,perysomatibus ,,,,,,a domino ,de ,paradyso ,,,collocatis ,,cherubin ,,et ,flammeo ,gladio ,,,,post ,increpationem ,abiectus ,,,,de terra ,maledicta ,,,,insudore ,uultus ,,,panem ,aquisiuitur,,,,,,,,,,,,,
tadam_culdd812,,adam ,,in agro ,damasceno ,,formatus ,,et ,in ,,paradisum ,,unde ,quatuor ,,flumina ,oriuntur ,translatus ,,,,,,,,,cum ,femina ,,,,dormientis ,facta ,de ,costa ,,,eua ,nomine ,sicut ,et ,,ceteris ,,rebus ,imposito ,,de ,christo ,,,,,,et ,,ecclesia ,prophetasset ,et ,eidem ,,,de ,,comedendo ,,pomo ,acquieuisset ,,pro ,disconuenientia ,nuditatis ,,,factis ,,perizomatibus ,,,,,a domino ,de ,paradiso ,,,collocatis ,,cherubin ,,et ,flammeo ,gladio ,,,,post ,increpationem ,abiectus ,,,,de terra ,maledicta ,,,,insudore ,uultus ,,,panem ,acquiritur,,,,,,,,,,,,,
tadam_cmb183,,adam ,,in agro ,damasceno ,,formatus ,,et ,in ,,paradisum ,,unde ,4or ,,flumina ,oriuntur ,translatus ,cum sgyonphisontygriseufrates ,,,,,,,,cum ,femine ,de ,costa ,,dormientis ,,facte ,eua ,,nomine ,,imposito ,sicut ,et ,,ceteris ,,rebus ,,,de ,christo ,,,,,,et ,,ecclesia ,prophetasset ,et ,eidem ,,,de ,,comedendo ,,pomo ,,adquieuisset ,pro ,disconuenientia ,nuditatis ,,,factis ,peryzomatibus ,,,,,,a domino ,de ,paradiso ,,,collocatis ,cherubim ,,,et ,flammeo ,gladio ,,,,post ,increpationem ,citus ,,,,de terra ,maledicta ,,,,insudore ,uultus ,,,panem ,adquiritur,,,,,,,,,,,,,
tadam_gflchaa16,,adam ,,in agro ,damasceno ,,formatus ,,et ,in ,,paradisum ,,unde ,quatuor ,,flumina ,oriuntur ,translatus ,,,,,,,,,cum ,femine ,de ,costa ,,dormientis ,,facte ,eua ,,nomine ,,imposito ,sicut ,et ,,ceteris ,,rebus ,,,de ,christo ,,,,,,et ,,ecclesia ,prophetasset ,,,et ,idem ,de ,,comedendo ,,pomo ,,adquieuisset ,pro ,disconuenientia ,nuditatis ,factus ,,,,perizomatibus ,a deo ,,,,,de ,paradiso ,,,collocatis ,an ,cherubin ,,et ,flammeo ,gladio ,,,,post ,increpationem ,abiectus ,,,,de terra ,maledicta ,,,,insudore ,uultus ,,,panem ,adquiritur,,,,,,,,,,,,,
tadam_lbladd14819,,adam ,,in agro ,damasceno ,formatur ,,,et ,in ,,paradisum ,,unde ,quatuor ,,flumina ,oriuntur ,translatus ,,,,,,,,,cum ,femina ,de ,costa ,,dormientis ,facta ,,,,,,nomine ,sicut ,et ,,ceteris ,,rebus ,imposito ,,de ,christo ,,,,,,et ,,ecclesia ,prophetasset ,et ,eidem ,,,de ,,comedendo ,,pomo ,,adquieuisset ,pro ,disconuenientia ,nuditus ,,,factis ,,perizomatibus ,,,,,a domino ,de ,paradyso ,,post increpationem ,collocatis ,,cherubin ,,et ,flammeo ,gladio ,,,,,,abiectus ,,,,de terra ,maledicta ,,,,insudore ,uultus ,,,panem ,acquiritur,,,,,,,,,,,,,
tadam_fbmplut1511,,adam ,,in agro ,damasceno ,,formatus ,,et ,in ,,paradisum ,,unde ,quatuor ,,flumina ,oriuntur ,translatus ,,,,,,,,,cum ,femine ,de ,costa ,,dormientis ,,facte ,eua ,,nomine ,,imposito ,sicut ,et ,,ceteris ,,rebus ,,,de ,christo ,,,,,,et ,,ecclesia ,prophetasset ,et ,eidem ,,,de ,,comedendo ,,pomo ,,adquieuisset ,pro ,disconuenientia ,nuditatis ,,,factis ,,perizomatibus ,,,,,a domino ,de ,paradiso ,,,collocatis ,,cherubin ,,et ,flammeo ,gladio ,,,,post ,increpationem ,abiectus ,,,,de terra ,maledicta ,,,,insudore ,uultus ,,,panem ,adquiritur,,,,,,,,,,,,,
tadam_pbnlat10431,,adam ,,in agro ,damasceno ,,formatus ,,et ,in ,,paradisum ,undeiiiior ,,,,flumina ,oriuntur ,translatus ,,,,,,,,,cum ,femine ,de ,costa ,,dormientis ,,facte ,,,,,nomine ,sicut ,et ,,ceteris ,,rebus ,imposito ,,de ,christo ,,,,,,et ,,ecclesia ,,,,,,,,,,,,,,,nuditatis ,,,factis ,,perizomatibus ,,,,,a domino ,de ,paradiso ,,,collocatis ,,cherubin ,,et ,flammeo ,gladio ,,,,post ,increpationem ,abiectus ,,,,de terra ,maledicta ,,,,insudore ,,,,panem ,adquiritur,,,,,,,,,,,,,
tadam_mbm89,,adam ,,in agro ,damasceno ,,formatus ,,et ,in ,,paradisum ,,unde ,quatuor ,,flumina ,oriuntur ,translatus ,,,,,,,,,cum ,femine ,de ,costa ,,dormientis ,,facte ,eua ,,nomine ,,imposito ,sicut ,et ,,ceteris ,,rebus ,,,de ,christo ,,,,,,et ,,ecclesia ,prophetasset ,et ,eidem ,,,de ,,comedendo ,,pomo ,acquieuisset ,,pro ,disconuenientia ,nuditatis ,,,factis ,perisomatibus ,,,,,,a domino ,de ,paradiso ,,,collocatis ,,cherubin ,,et ,flammeo ,gladio ,,,,post ,increpationem ,abiectus ,,,,de terra ,maledicta ,,,,insudore ,uultus ,sui ,,panem ,acquiritur,,,,,,,,,,,,,
tadam_pba1234,,adam ,,in agro ,damasceno ,,formatus ,,et ,in ,,paradisum ,,unde ,iiiior ,,flumina ,oriuntur ,translatus ,s ,in paradisum ,noluptatis ,,,,et  ,,cum ,femine ,de ,costa ,,dormientis ,,facte ,a domino ,,,eua ,nomine ,sicut ,et ,,ceteris ,,rebus ,imposito ,,de ,christo ,,,,,,et ,,ecclesia ,prophetasset ,et ,eidem ,,,de ,,comedendo ,,pomo ,a domino prohibito ,acquieuisset ,pro ,disconuenientiam ,nuditatis ,sua ,,factis ,,,,,,,,,,,et ante paradisi ,post tam ,cherubyn ,,,et ,flammeo ,gladio ,collocato ,,,post ,increpationem ,accepio ,in ,maledicta ,ut ,de terra ,maledicta ,et  ,et tribulos ,germaniam ,insudore ,uultus ,sin ,panem ,monestatur mitatus anni ante ,,a,,,,,,,,,,,,
tadam_lblroy14bix,,adam ,,in agro ,damasceno ,,formatus ,,et ,in ,,paradisum ,,unde ,quatuor ,flumia ,,oriuntur ,translatus ,,,,,,,,,cum ,femine ,de ,costa ,,dormientis ,,facte ,eua ,,nomine ,,imposito ,sicut ,et ,,ceteris ,,rebus ,,,de ,christo ,,,,,,et ,,ecclesia ,prophetasset ,et ,eidem ,,,de ,,comedendo ,,pomo ,,adquieuisset ,pro ,disconuenientia ,nuditatis ,,,factis ,,perizomatibus ,,,,,a domino ,de ,paradiso ,,,collocatis ,cherubyn ,,,et ,flammeo ,gladio ,,,,post ,increpationem ,abiectus ,,,,de terra ,maledicta ,,,,insudore ,uultus ,,,panem ,acquiritur,,,,,,,,,,,,,
tadam_mbsclm16223,,adam ,sexta die de anno  terre formatus ,in agro ,damasceno ,,,,et ,in ,,paradisum ,,unde ,4or ,,flumina ,oriuntur ,translatus ,,,,,est ,,,,cum ,femina ,,,,,,de ,costa ,dormientis ,factem ,,nomine ,sicut ,,,ceteris ,,rebus ,imposito ,,de ,christo ,,,,,,et ,,ecclesia ,prophatasset ,et ,eidem ,,,de ,,comedendo ,,pomo ,acquieuisset ,,pro ,disconuenientia ,nuditatis ,,,factis ,,perizomatibus ,,,,,a domino ,de ,paradiso ,,,collocatis ,,,cherubin ,et ,flammeo ,gladio  ,paradisum ,postquam ,,,increpationem ,abiectus ,,,,de terra ,maledicta ,,,,insudore ,uultus ,,,panem ,acquisiuitur requeuit,,,,,,,,,,,,,
tadam_lblhar658,,adam ,,in agro ,damasceno ,,formatus ,,et ,in ,,paradisum ,,unde ,iiiior ,,flumina ,oriuntur ,translatus ,,,,,,,,,cum ,,,,,,femine ,de ,costa ,dormientis ,formate ,,nomine ,sicut ,et ,,ceteris ,,rebus ,imposito ,,de ,christo ,,,,,,et ,,ecclesia ,prophetasset ,et ,eidem ,,,de ,,comedendo ,,pomo ,,adquieuisset ,pro ,disconuenientia ,nuditatis ,,,factis ,,perizomatibus ,,,,,a domino ,de ,paradiso ,,,,,,,,,,,,,post ,increpationem ,abiectus ,,,,de terra ,maledicta ,,,,insudore ,uultus ,,,panem ,adquiritur,,,,,,,,,,,,,
tadam_CCC437,,adam ,,in agro ,damasceno ,,formatus ,,et ,in ,paradysum ,,,unde ,quatuor ,,flumina ,oriuntur ,translatus ,,,,,,,,,cum ,femine ,de ,costa ,,dormientis ,,facte ,,,,,nomine ,sicut ,et ,,ceteris ,,rebus ,imposita ,,de ,christo ,,,,,,et ,,ecclesia ,prophetasset ,et ,eidem ,,,de ,,comedendo ,,pomo ,acquieuisset ,et ,,disconuenientia ,nuditatis ,,,factis ,,perizomatibus ,,,,,a domino ,de ,paradiso ,,,collocatis ,cherubym ,,,et ,flammeo ,gladio ,,,,post ,increpationem ,abiectus ,,,,de terra ,maledicta ,,,,insudore ,uultus ,,,panem ,acquiritur,,,,,,,,,,,,,
tadam_chltyp216,,adam ,,in agro ,damasceno ,,formatus ,,et ,in ,,paradisum ,,unde ,quatuor ,,flumina ,oriuntur ,translatus ,,,,,,,,,cum ,femine ,de ,costa ,,dormientis ,,facte ,eua ,,nomine ,,imposito ,sicut ,et ,,ceteris ,,rebus ,,,de ,christo ,quod ,,,,,,,ecclesia ,prophetasset ,et ,eidem ,,,de ,,comedendo ,,pomo ,acquieuisset ,,pro ,disconuenientia ,nuditatis ,,,factis ,,perizomatibus ,,,,,a domino ,de ,paradiso ,,,collocatis ,,,cherubin ,et ,flammimeo ,gladio ,,et ,,post ,increpationem ,abiectus ,,,,de terra ,maledicta ,in ,sudore ,,,uultus ,,,panem ,adquiritur,,,,,,,,,,,,,
tadam_bun762,,adam ,,in agro ,damasceno ,,formatus ,,et ,in ,,paradisum ,,unde ,iiiior ,,flumina ,oriuntur ,translatus ,,,,,,,,,cum ,femine ,de ,costa ,,dormientis ,,facte ,,,,,nomine ,sicut ,et ,,ceteris ,,rebus ,imposito ,,de ,christo ,,,,,,et ,,ecclesia ,prophetasset ,et ,eidem ,,,de ,,comedendo ,,pomo ,acquieuisset ,,pro ,disconuenientia ,nuditatis ,,,factis ,,perizomatibus ,,,,,a domino ,de ,paradiso ,,,collocatis ,,,cherubin ,et ,flammeo ,gladio ,,,,post ,increpationem ,abiectus ,,,,de terra ,maledicta ,,,,insudore ,uultus ,,,panem ,acquiritur,,,,,,,,,,,,,
tadam_lubapel1,,adam ,,in agro ,damasceno ,,formatus ,,et ,in ,,paradisum ,,unde ,quatuor ,,flumina ,oriuntur ,translatus ,,,,,,,,,cum ,femine ,de ,costa ,,dormientis ,,facte ,,,,,nomine ,sicut ,et ,,ceteris ,,rebus ,imposito ,,de ,christo ,,,,,,et ,,ecclesia ,prophetasset ,et ,eidem ,,,de ,,comedendo ,,pomo ,acquieuisset ,,pro ,disconuenientia ,nuditatis ,,,factis ,,perizomatibus ,a deo ,post increpationem ,,,,de ,paradiso ,eiectus ,collocato ,,,,cherubin ,et ,flammeo ,gladio ,,,,,,,,,,de terra ,maledicta ,in ,sudore ,,,uultus ,sui ,panem ,acquirit et legitur triginta filios habuisse ,,,et ,totidem filias pater chayn et abel ,in ,ihrusalem obiit ,in ,loco calvarie aliquam diu sepultus requievit deinde in hebron translatus in terram ,de ,qua sumptus ,est ,rediit item  continues   nonam eiusdem diei de paradiso eiectus,,
tadam_whaguelf360helm,,adam ,,in agro ,damasceno ,,formatus ,,,in ,,paradisum ,,unde ,4or ,,flumina ,oriuntur ,translatus ,,,,,,,et ,,,femina ,de ,costa ,,dormientis ,facta ,,,,,eua ,nomine ,sicut ,et ,,ceteris ,imposiut ,et ,,,de ,christo ,et ,ecclesia ,cum ,,,,,,prophetasset ,et ,eue ,,,de ,comedndo ,,,pomo ,acquieuisset ,,pro ,disconuenientia ,nuditatis ,,,factis ,,perizomatibus ,,,,,a domino ,de ,paradiso ,,,collocatis ,,,cherubin ,et ,flammeo ,gladio ,,,,post ,increpationem ,abiectus ,,,,de terra ,maledicta ,,,,insudore ,uultus ,,,panem ,acquiritur,,,,,,,,,,,,,
tadam_penmasson71,,adam ,,in agro ,damasceno ,,formatus ,,et ,in ,paradysum ,,,unde ,quatuor ,,flumina ,oriuntur ,translatus ,,,,,,,,,cum ,,de ,costa ,,,femine ,facte ,ipsius ,dormientis ,nomine ,eua ,imposito ,ceterisque ,,,,,rebus ,impositis nominibus ,,de ,christo ,,,,,,et ,,ecclesia ,prophetasset ,et ,eidem ,femine ,,de ,,comedendo ,,pomo ,acqueuisset ,,pro ,disconuenientia ,nuditatis ,sue ,statim agnite ,factis ,,perizomatibus ,de ,foliis ficus ,,,a domino ,de ,paradyso ,eiectus ,post increpationem ,collocatis ,in ,aditu ,cherubim ,cum ,,gladio ,flammeo ,et  ,,,,,,,,de terra ,maledicta ,,,,insudore ,uultus ,et labore manuum ,,panem ,acquirit ,quid ,,,,et ,toti ,potentati reliquit,,,,,,
tadam_mrmmik6365,,adam ,,in agro ,damasceno ,,formatus ,,et ,in ,,paradisum ,translatus ,unde ,iiii ,,flumina ,oriuntur ,,,,,,,,,,cum ,femine ,de ,costa ,,dormientis ,,facte ,,,,,nomine ,sicut ,et ,,ceteris ,,rebus ,imposito ,,de ,christo ,,,,,,et ,,ecclesia ,prophetasset ,et ,eidem ,,,de ,,comedendo ,,pomo ,eue ,adquieuisset ,pro ,disconuenientia ,nuditatis ,,,factis ,,perizomatibus ,,,,,a domino ,de ,paradiso ,,,collocatis ,,,cherubin ,et ,flammeo ,gladio ,,,,post ,increpationem ,adbiectus ,,,,de terra ,maledicta ,,,,insudore ,uultus ,,,panem ,adquirit,,,,,,,,,,,,,
tadam_pfllewe202,,adam ,,in agro ,,,formatus ,,et ,in ,,paradisum ,,unde ,quatuor ,oriuntur ,flumina ,,translatus ,,,,,,,,,cum ,femine ,de ,costa ,,dormientis ,,facte ,,,,,nomine ,sicut ,et ,,ceteris ,,rebus ,imposito ,,de ,christo ,,,,,,et ,,ecclesia ,prophetasset ,et ,eidem ,,,de ,,comedendo ,,pomo ,acquieuisset ,,pro ,disconuenientia ,nuditatis ,,,factis ,parizomatibus ,,,,,,a domino ,de ,paradiso ,colocatis ,,,cherubyn ,,,et ,flammeo ,gladio ,atqui ,,uersatili ,post ,increpationem ,eiectus ,,,,de terra ,maledicta ,,,,insudore ,uultus ,sui ,,panem ,adquiritur ,sicut ,,,,et ,eius posteritas,,,,,,,
tadam_pbnlat14435,,adam ,,in agro ,damasceno ,,formatus ,,et ,in ,paradysum ,,,unde ,iiiior ,,flumina ,oriuntur ,translatus ,,,,,,,,,cum ,femina ,de ,costa ,,dormientis ,,facte ,,,,,nomine ,sicut ,et ,,ceteris ,,rebus ,,inposito ,de ,christo ,,,,,,et ,,ecclesia ,prophetasset ,et ,eidem ,,,de ,,comedendo ,,pomo ,,adquieuisset ,pro ,disconuenientia ,nuditatis ,,,factis ,,perizomatibus ,,,,,a domino ,de ,paradyso ,,,collocatis ,cherubyn ,,,et ,flammeo ,gladio ,,,,post ,increpationem ,abiectus ,,,,de terra ,maledicta ,,,,,uultus ,,,panem ,adquiritur,,,,,,,,,,,,,
tadam_bwaw796,,adam ,,in agro ,damasceno ,,formatus ,,et ,in ,paradysum ,,,unde ,iiii ,,flumina ,oriuntur ,translatus ,,,,,,,,,cum ,femine ,de ,costa ,,dormientis ,,facte ,,,,,nomine ,sicut ,et ,,ceteris ,,rebus ,imposito ,,de ,christo ,,,,,,et ,,ecclesia ,prophetasset ,et ,eidem ,,,de ,,comedendo ,,pomo ,,adquieuisset ,pro ,disconuenientia ,nuditatis ,,,factis ,,perizomatibus ,,,,,a domino ,de ,paradyso ,,,collocatis ,,,cherubin ,et ,flammeo ,gladio ,,,,post ,increpationem ,abiectus ,,,,de terra ,maledicta ,,,,insudore ,uultus ,sui ,,panem ,adquiritur,,,,,,,,,,,,,
tadam_nblmar26,,adam ,,in agro ,damasceno ,,formatus ,,et ,in ,,paradisum ,,unde ,iiiior ,,flumina ,oriuntur ,translatus ,,,,,,,,,cum ,femine ,de ,costa ,,dormientis ,,facte ,,,,,nomine ,sicut ,et ,,ceteris ,,rebus ,imposito ,,de ,christo ,,,,,,et ,,ecclesia ,prophetasset ,et ,eidem ,,,de ,,comedendo ,,pomo ,acquieuisset ,,pro ,disconuenientia ,nuditatis ,,,factis ,,perizomatibus ,,,,,a domino ,de ,paradyso ,,,collocatis ,,,cherubim ,et ,flammeo ,gladio ,,,,post ,increpationem ,abiectus ,,,,de terra ,maledicta ,,,,insudore ,uultus ,,,panem ,acquiritur,,,,,,,,,,,,,
tadam_vbavatlat3782,,adam ,,in agro ,damasceno ,,formatus ,,et ,in ,,paradisum ,,unde ,quatuor ,,flumina ,oriuntur ,translatus ,s ,in paradisum ,uoluptatis ,deliciach ,,,,,cum ,femine ,de ,costa ,,dormientis ,,facte ,a domino ,,,eua ,nomine ,sicut ,et ,,ceteris ,,rebus ,imposito ,,de ,christo ,,,,,,et ,,ecclesia ,prophetasset ,et ,eidem ,,,de ,,comedendo ,,pomo ,a domino prohibito ,acquieuisset ,pro ,disconuenientiam ,nuditatis ,sue ,,factis ,sibi ,perizomatibus ,de ,folus suum ,de ,paradiso cum ea ,a domino ,est ,eictus ,eiectus ,et ante paradisi ,postquam ,,,cherubin ,cum ,flammeo ,gladio ,collocatis ,,,post ,increpationem ,accepit ,in ,maledictos ,ut ,de terra ,maledicta ,ei  ,et tribulos ,germinante ,insudore ,uultus ,siu ,panem ,quo ,uestata aquirat,,,,,,,,,,,,,
tadam_gflchaa4,,adam ,,in agro ,damasceno ,gen ii ,formatus ,,et ,in ,,paradisum ,,unde ,quatuor ,,flumina ,oriuntur ,translatus ,,,,,,,,,cum ,femine ,de ,costa ,,dormientis ,,facte ,eua ,,nomine ,imposita ,,sicut ,et ,,ceteris ,,rebus ,,,de ,rebus ,,,,de ,christo ,et ,,ecclesia ,prophetasset ,et ,eidem ,iii ,,de ,,comedendo ,,pomo ,acquieuisset ,,pro ,disconuenientia ,nuditatis ,,,factis ,,perizomatibus ,,,,,a domino ,de ,paradiso ,,,collocatis ,cherubyn ,,,et ,flammeo ,gladio ,,postquam ,,,increpationem ,abiectus ,,,,de terra ,maledicta ,,,,insudore ,uultus ,,,panem ,acquiritur ,prophat ,et ,de diliuu a futuro ,,et ,,,de ,iudicia pigno idem ragnot et liberus fluus postea nidicauit,,,,
tadam_vbavatlat3783,,adam ,,in agro ,damasceno ,,formatus ,,et ,in ,,paradisum ,,unde ,iiiior ,,flumina ,oriuntur ,translatus ,,,,,,,,,cum ,femine ,de ,costa ,,dormientis ,,facte ,euam ,,,,nomine ,sicut ,et ,,ceteris ,,rebus ,imposito ,,,,,,,de ,christo ,et  ,,,prophetasset ,et ,eidem ,,,de ,pomo ,comedendo ,,,,acquieuisset ,pro ,disconuenieniam ,nuditatis ,facte ,,,peryzomatibus ,,,,,,a domino ,de ,paradiso ,,,collocatis ,cherubyn ,,,et ,flammeo ,gladio ,,,,post ,increpationem ,abiectus ,,,,de terra ,maledicta ,et ,sudore ,,,uultus ,sui ,,panem ,acquiritur ,,,,,,,,,,,,genuit ,ap ta ub ad iiiior
tadam_aux146,,adam ,,in agro ,damasceno ,,formatus ,,et ,in ,,paradisum ,,unde ,iiiior ,,flumina ,oriuntur ,translatus ,dum ,,,,,,,,,femine ,de ,costa ,,dormientis ,,facte ,,,,,nomine ,sicut ,et ,,ceteris ,,rebus ,imposito ,,,,,,,de ,christo ,et ,,ecclesia ,prophetasset ,et ,eidem ,,,de ,,comedendo ,,pomo ,acquieuisset ,et ,pro ,inconuenientia ,nuditatis ,,,factis ,,perizomatibus ,,,,,a domino ,de ,paradiso ,,,collocatis ,,,cherubin ,et ,flammeo ,gladio ,,,,post ,increpationem ,abiectis ,,,,de terra ,maledicta ,,,,insudore ,uultus ,,,panem ,acquirit,,,,,,,,,,,,,
tadam_pnkxxiiif204,,adam ,,in agro ,damasceno ,,formatus ,,et ,in ,paradysum ,,,unde ,quator ,,flumina ,oriuntur ,translatus ,,,,,,,,,cum ,femina ,de ,costa ,cuius ,dormientis ,,facte ,eua ,,nomine ,in ,imposito ,sicut ,et ,,ceteris ,,,,,,rebus ,,,,de ,chisto ,et ,,ecclesia ,prophetasset ,et ,eidem ,,,de ,,comedendo ,,pomo ,gen iiio ,acquieuisset ,pro ,disconcinencia insitalis ,,,,factis ,perisomatibus ,,,,,,a domino ,de ,paradiso ,collocatuscherubin ,,,,,,cum ,flameo ,gladio ,,,,post ,increpationem ,abiecta ,,,,de terra ,maledicta ,in ,sudore ,,,uultus ,,,panem ,adquiritur,,,,,,,,,,,,,
tadam_vbavatlat1972,,adam ,,in agro ,damasceno ,,formatus ,,et ,in ,,paradisum ,,unde ,quatuor ,,flumina ,oriuntur ,translatus ,,,,,,,,,cum ,femine ,de ,costa ,,dormientis ,,facte ,,,,,nomine ,sicut ,et ,,ceteris ,,rebus ,imposito ,,,,,,,de ,christo ,et ,,ecclesia ,prophetasset ,et ,eidem ,,,de ,,comedendo ,,pomo ,acquieuisset ,,pro ,disconuenientia ,nuditatis ,,,factis ,peryzomatibus ,,,,,,a domino ,de ,paradiso ,colloquatis ,,,,,cherubin ,et ,flammeo ,gladio ,,,,post ,increpationem ,abiectus ,,,,de terra ,maledicta ,insudorem ,,,,uultus ,,,panem ,adquiritur,,,,,,,,,,,,,
tadam_fbmplut2056,,adam ,,in agro ,damasceno ,,formatus ,,et ,in ,,paradisum ,,unde ,iiiior ,,flumina ,oriuntur ,translatus ,,,,,,,,,cum ,femine ,de ,costa ,,dormientis ,,facte ,,,nomine ,,imposito ,sicut ,et ,,ceteris ,,,,,,rebus ,,,,de ,christo ,et ,,ecclesia ,prophetasset ,et ,eidem ,,,de ,,comedendo ,,pomo ,acquieuisset ,,pro ,disconuenientia ,nuditatis ,,,factis ,,,,,,,a domino ,perizomatibus ,,,,collocatis ,in ,frli ecclesia  ,cherubin ,et ,flammeo ,gladio ,,,,post ,increpationem ,,de ,paradiso ,abiectus ,de terra ,maledicta ,,,,insudore ,,sin ,uultus ,panem ,acquiritur,,,,,,,,,,,,,
tadam_ctcb154,,,,in agro ,damasceno ,,formatus ,,et ,in ,,paradisum ,,unde ,iiiior ,,flumina ,oriuntur ,translatus ,,,,,,,,,,,de ,,,,femine ,,costa ,dormientis ,facte ,,nomine ,sicut ,et ,in ,ceteris ,,,,,,rebus ,impo ,,,de ,christo ,et ,,ecclesia ,prophetasset ,et ,eidem ,,,de ,,comedendo ,,pomo ,,adquieuisset ,pro ,disconuenientia ,nuditatis ,,,factis ,,perizomatibus ,,,,,a domino ,de ,paradiso ,,,collocatis ,,,cherubin ,et ,flammeo ,gladio ,,,,post ,increpationem ,,,,abiectus ,de terra ,maledicta ,,,,insudore ,,,uultus ,panem ,adquirit,,,,,,,,,,,,,
tadam_mbelat693,,adam ,,in agro ,damasceno ,,formatus ,a deo ,et ,in ,,paradisum ,,unde ,quatuor ,,flumina ,oriuntur ,translatus ,,,,,,,,,cum ,femine ,de ,costa ,,dormientis ,,,eua ,,nomine ,,imposito ,sicut ,et ,,ceteris ,,,,,,rebus ,necnon ,,,,,,de ,ecclesia ,prophetasset ,et ,eidem ,,,de ,,comedendo ,panez ,,,,pro ,disconuenientia ,nuditatis ,,,factis ,,perizomatibus ,da ,,,,,,paradiso ,,,collocatis ,,,cherubin ,et ,flammeo ,gladio ,,,,,,,,,abiectus ,de terra ,maledicta ,insudorem ,,,,,,uultus ,panem ,acciperitur,,,,,,,,,,,,,
tadam_pbnlat15467,,adam ,,in agro ,damasceno ,,formatus ,,et ,in ,paradyso ,,,unde ,quatuor ,,flumina ,oriuntur ,translatus ,,,,,,,,,cum ,femine ,de ,costa ,,dormientis ,,facte ,eua ,,nomine ,,imposito ,sicut ,et ,,ceteris ,,,,,,rebus ,,,,de ,christo ,et ,,ecclesia ,prophetasset ,et ,eidem ,,,de ,,comedendo ,,pomo ,,adquieuisset ,pro ,disconuenientia ,nuditatis ,,,factis ,,perizomatibus ,,,,,a domino ,de ,paradiso ,,,collocatis ,,,cherubin ,et ,flammeo ,gladio ,,,,post ,increpationem ,,,,abiectus ,de terra ,maledicta ,,,,insudore ,,,uultus ,panem ,adquiritur,,,,,,,,,,,,,
tadam_ctcb155,,adam ,,in agro ,damasceno ,,formatus ,,et ,in ,,paradisum ,,unde ,iiiior ,flumimina ,,oriuntur ,translatus ,,,,,,,,,cum ,,,,,,femine ,de ,costa ,dormientis ,facte ,,nomine ,sicut ,et ,,ceteris ,,rebus ,imposito ,,,,,,,de ,christo ,et ,,ecclesia ,prophetasset ,,,,,,,,,,,,pro ,disconuenientia ,nuditatis ,,,factis ,,perizomatibus ,,,,,a domino ,de ,paradiso ,,,collocatis ,,,cherubin ,et ,flammeo ,gladio ,,,,post ,increpationem ,,,,abiectus ,de terra ,maledicta ,,,,insudore ,uultus ,sui ,,panem ,adquirit,,,,,,,,,,,,,
tadam_won1548,,adam ,,in agro ,damasceno ,,formatus ,,,in ,,paradisum ,,unde ,iiiior ,,flumina ,oriuntur ,translatus ,,,,,,,,,cum ,,,,,,femine ,de ,costa ,dormientis ,facte ,,nomine ,sicut ,et ,,ceteris ,,rebus ,imposito ,,,,,,,de ,christo ,et ,,ecclesia ,prophetasset ,et ,eidem ,,,de ,,comedendo ,,pomo ,,adquieuisset ,pro ,disconueniencia ,nuditatis ,,,factis ,perysomatibus ,,,,,,a domino ,de ,paradiso ,,,collocatis ,,,cherubin ,,flammeo ,gladio ,,,,post ,increpationem ,,,,abiectus ,de terra ,maledicta ,,,,insudore ,,,uultus ,panem ,adquisiuit,,,,,,,,,,,,,
tadam_aux145,,adam ,,in agro ,damasceno ,,formatus ,,et ,in ,,paradisum ,,unde ,iiiior ,,flumina ,oriuntur ,translatus ,dum ,,,,,,,,,,,,,,femine ,de ,costa ,dormientis ,facte ,,nomine ,sicut ,et ,,ceteris ,,rebus ,imposito ,,,,,,,de ,christo ,et ,,ecclesia ,prophetasset ,et ,eidem ,,,de ,,comedendo ,,pomo ,,acquieuisset ,pro ,inconuenientia ,nuditatis ,,,factis ,,perizomatibus ,,,,,a domino ,de ,paradiso ,,,collocatis ,,,cherubin ,et ,flammeo ,gladio ,,,,post ,increpationem ,,,,abiectus ,de terra ,maledicta ,,,,insudore ,,,uultus ,panem ,acquirit,,,,,,,,,,,,,
tadam_mbsclm19414,,adam ,,in agro ,damasceno ,,formatus ,,et ,in ,,paradisum ,,unde ,iiiior ,,flumina ,oriuntur ,translatus ,,,,,,,,,cum ,,,,,,femine ,de ,costa ,dormientis ,facte ,,nomine ,sicut ,et ,,ceteris ,,rebus ,imposito ,,,,,,,de ,christo ,et ,,ecclesia ,prophetasset ,et ,eidem ,,,de ,,comedendo ,,pomo ,,acquieuisset ,pro ,disconenientia ,nuditatis ,,,factis ,perizoma matibus ,,,,,,a domino ,de ,paradiso ,collogatis ,,,,,cherubin ,et ,flammeo ,gladio ,,,,post ,increpationem ,,,,abiectus ,de terra ,maledicta ,,,,insudore ,,,uultus ,panem ,,acquiratur,,,,,,,,,,,,
tadam_pbnlat5101,,adam ,,in agro ,damasceno ,,formatus ,,et ,in ,,paradisum ,,unde ,iiiior ,,flumina ,oriuntur ,translatus ,,,,,,,,,cum ,,,,,,femine ,de ,costa ,dormientis ,facte ,,nomine ,sicut ,et ,,ceteris ,,rebus ,imposito ,,,,,,,de ,christo ,et ,,ecclesia ,prophetasset ,et ,eidem ,,,de ,,comedendo ,,pomo ,acquieuisset ,,pro ,disconuenientia ,nuditatis ,,,factis ,,perizomatibus ,,,,,a domino ,de ,paradiso ,collatis ,tis ,,,,cherubim ,et ,flameo ,gladio ,,,,post ,increpationem ,,,,abiectus ,de terra ,maledicta ,,,,insudore ,,,uultus ,panem ,acquirit,,,,,,,,,,,,,
tadam_abs128,,adam ,,in agro ,damasceno ,,formatus ,,et ,in ,paradysum ,,,unde ,iiiior ,,flumina ,oriuntur ,translatus ,,,,,,,,,cum ,,,,,,femine ,de ,coste ,dormientis ,,eua ,nomine ,sicut ,et ,,ceteris ,,rebus ,imposita ,,,,,,,de ,christo ,et ,,ecclesia ,prophetasset ,et ,eidem ,,,de ,comendo ,,,pomo ,acquieuissit ,,pro ,disconuenientia ,nuditatis ,pery zomatibus ,,factis ,,,,,,,a domino ,de ,paradyso ,,,collocatis ,,,cherubin ,et ,flammeo ,gladio ,,,,post ,increpationem ,,,,abiectus ,de terra ,maledicta ,,,,insudore ,uultus ,sui ,,panem ,adquiritur,,,,,,,,,,,,,
tadam_won378,,adam ,,in agro ,damasceno ,,formatus ,,et ,in ,,paradisum ,,unde ,iiiior ,,flumina ,oriuntur ,translatus ,,,,,,,,,cum ,,,,,,femine ,de ,costa ,dormientis ,facte ,,nomine ,sicut ,et ,,ceteris ,,rebus ,imposito ,,,,,,,de ,christo ,et ,,ecclesia ,prophetasset ,et ,eidem ,,,de ,,comedendo ,,pomo ,acquieuisset ,,pro ,disconuenientia ,nuditatis ,,,factis ,,perizomatibus ,,,,,a domino ,,paradiso ,,,collocatis ,,,cherubin ,et ,flammeo ,gladio ,,,,post ,increpationem ,,,,abiectus ,de terra ,maledicta ,,,,insudore ,,,uultus ,panem ,acquiritur,,,,,,,,,,,,,
