variant,tadam_vbb342,tadam_whafol70,tadam_fbrricc236,tadam_khaw247,tadam_mbsclm2660,tadam_ccc29,tadam_pbnlat297,tadam_cma1973,tadam_lbm445,tadam_won363,tadam_dclbii33,tadam_culdd116,tadam_avr166,tadam_mbsclm28173,tadam_bas4,tadam_pbnlat15254,tadam_won364,tadam_lbladd606281,tadam_lol390,tadam_mbsclm8201,tadam_dul190,tadam_CCC503,tadam_kac696,tadam_mjrgast2037,tadam_lol490,tadam_eufdeperfca2108,tadam_tburps75iii,tadam_pfllewe72,tadam_hubsalix40,tadam_pnkiiie5,tadam_lub1314,tadam_rsa6519,tadam_nbl1183,tadam_fsugermquart13,tadam_pbnlat15637,tadam_vbapallat1723,tadam_mbscgm564,tadam_abs583,tadam_mbsclm314,tadam_bsbtheollatfol64,tadam_fub36a,tadam_akbwettf9,tadam_swltheolphil2122,tadam_lblcotrollxiv12,tadam_eufdeperfca2079,tadam_vbapallat963,tadam_pbm305,tadam_CCC83,tadam_no signature yet,tadam_mlm4989,tadam_culdd812,tadam_cmb183,tadam_gflchaa16,tadam_lbladd14819,tadam_fbmplut1511,tadam_pbnlat10431,tadam_mbm89,tadam_pba1234,tadam_lblroy14bix,tadam_mbsclm16223,tadam_lblhar658,tadam_CCC437,tadam_chltyp216,tadam_bun762,tadam_lubapel1,tadam_whaguelf360helm,tadam_penmasson71,tadam_mrmmik6365,tadam_pfllewe202,tadam_pbnlat14435,tadam_bwaw796,tadam_nblmar26,tadam_vbavatlat3782,tadam_gflchaa4,tadam_vbavatlat3783,tadam_aux146,tadam_pnkxxiiif204,tadam_vbavatlat1972,tadam_fbmplut2056,tadam_ctcb154,tadam_mbelat693,tadam_pbnlat15467,tadam_ctcb155,tadam_won1548,tadam_aux145,tadam_mbsclm19414,tadam_pbnlat5101,tadam_abs128,tadam_won378
voluptatis,-,-,-,-,-,-,-,-,-,-,-,-,-,-,-,-,-,-,-,-,-,-,-,-,-,-,-,-,-,0,-,-,-,-,-,-,-,-,-,0,-,-,-,-,-,-,-,-,1,-,-,-,-,-,-,-,-,-,-,-,-,-,-,-,-,-,-,-,-,-,-,-,-,-,-,-,-,-,-,-,-,-,-,-,-,-,-,-,-
c,-,-,-,-,-,-,-,-,-,-,-,-,-,-,-,-,-,-,-,-,-,-,-,-,-,-,-,-,-,1,-,-,-,-,-,-,-,-,-,1,-,-,-,-,-,-,-,-,0,-,-,-,-,-,-,-,-,-,-,-,-,-,-,-,-,-,-,-,-,-,-,-,-,-,-,-,-,-,-,-,-,-,-,-,-,-,-,-,-
adam,1,1,1,1,1,1,1,1,1,1,1,1,1,1,1,1,1,1,1,1,1,1,1,1,1,1,1,1,1,1,1,1,1,1,1,1,1,1,1,1,1,1,1,1,1,1,1,1,-,1,1,1,1,1,1,1,1,1,1,1,1,1,1,1,1,1,1,1,1,1,1,1,1,1,1,1,1,1,1,-,1,1,1,1,1,1,1,1,1
sexta die de anno  terre formatus,-,-,-,-,-,-,-,-,-,-,-,-,-,-,-,-,-,-,-,-,-,-,-,-,-,-,-,-,-,-,-,-,-,-,-,-,0,-,-,-,-,-,-,-,-,-,-,-,-,-,-,-,-,-,-,-,-,-,-,1,-,-,-,-,-,-,-,-,-,-,-,-,-,-,-,-,-,-,-,-,-,-,-,-,-,-,-,-,-
wart geschaffen auf ainem acker ze damasco und wart gesetzet,-,-,-,-,-,-,-,-,-,-,-,-,-,-,-,-,-,-,-,-,-,-,-,-,-,-,-,-,-,-,-,-,-,-,-,-,1,-,-,-,-,-,-,-,-,-,-,-,-,-,-,-,-,-,-,-,-,-,-,0,-,-,-,-,-,-,-,-,-,-,-,-,-,-,-,-,-,-,-,-,-,-,-,-,-,-,-,-,-
in agro,1,1,1,1,1,1,1,1,1,1,1,1,1,1,1,1,1,1,1,1,1,1,1,1,1,1,1,1,1,1,1,1,1,1,1,1,-,1,1,1,1,1,1,1,1,1,1,1,-,1,1,1,1,1,1,1,1,1,1,1,1,1,1,1,1,1,1,1,1,1,1,1,1,1,1,1,1,1,1,1,1,1,1,1,1,1,1,1,1
damasceno,1,1,1,1,1,1,1,1,1,1,1,1,1,1,1,1,1,1,1,1,1,1,1,1,1,1,1,1,1,1,1,1,1,1,1,1,-,1,1,1,1,1,1,1,1,1,1,1,-,1,1,1,1,1,1,1,1,1,1,1,1,1,1,1,1,1,1,1,-,1,1,1,1,1,1,1,1,1,1,1,1,1,1,1,1,1,1,1,1
gen ii,-,-,-,-,-,-,-,-,-,-,-,-,-,-,-,-,-,-,-,-,-,-,-,-,-,-,-,-,-,-,-,-,-,-,-,-,-,-,-,-,-,-,-,-,-,-,-,-,-,-,-,-,-,0,-,-,-,-,-,-,-,-,-,-,-,-,-,-,-,-,-,-,-,1,-,-,-,-,-,-,-,-,-,-,-,-,-,-,-
formatur,-,-,-,-,-,-,-,-,-,-,-,-,-,-,-,-,-,-,-,-,-,-,-,-,-,-,-,-,-,-,-,-,-,-,-,-,-,-,-,-,-,-,-,-,-,-,-,-,-,-,-,-,-,1,-,-,-,-,-,-,-,-,-,-,-,-,-,-,-,-,-,-,-,0,-,-,-,-,-,-,-,-,-,-,-,-,-,-,-
formatus,1,1,1,1,1,1,1,1,1,1,1,1,1,1,1,1,1,1,1,1,1,1,1,1,1,1,1,1,1,1,1,1,1,1,1,1,-,1,1,1,1,1,1,1,1,1,1,1,-,1,1,1,1,-,1,1,1,1,1,-,1,1,1,1,1,1,1,1,1,1,1,1,1,1,1,1,1,1,1,1,1,1,1,1,1,1,1,1,1
geniic,-,-,-,-,-,-,-,-,-,-,-,-,-,0,-,-,-,-,-,-,-,-,-,-,-,-,-,-,-,0,-,-,1,-,-,-,-,-,-,-,-,-,-,-,-,-,-,-,-,-,-,-,-,-,-,-,-,-,-,-,-,-,-,-,-,-,-,-,-,-,-,-,-,-,-,-,-,-,-,-,0,-,-,-,-,-,-,-,-
est,-,-,-,-,-,-,-,-,-,-,-,-,-,1,-,-,-,-,-,-,-,-,-,-,-,-,-,-,-,1,-,-,0,-,-,-,-,-,-,-,-,-,-,-,-,-,-,-,-,-,-,-,-,-,-,-,-,-,-,-,-,-,-,-,-,-,-,-,-,-,-,-,-,-,-,-,-,-,-,-,0,-,-,-,-,-,-,-,-
a deo,-,-,-,-,-,-,-,-,-,-,-,-,-,0,-,-,-,-,-,-,-,-,-,-,-,-,-,-,-,0,-,-,0,-,-,-,-,-,-,-,-,-,-,-,-,-,-,-,-,-,-,-,-,-,-,-,-,-,-,-,-,-,-,-,-,-,-,-,-,-,-,-,-,-,-,-,-,-,-,-,1,-,-,-,-,-,-,-,-
et,1,1,1,1,1,1,1,1,1,1,-,1,1,0,1,1,1,1,1,1,1,1,1,1,1,1,1,1,1,1,1,1,1,1,-,1,-,1,1,1,1,1,1,1,1,1,1,1,-,1,1,1,1,1,1,1,1,1,1,1,1,1,1,1,1,-,1,1,1,1,1,1,1,1,1,1,1,1,1,1,1,1,1,-,1,1,1,1,1
ut,0,0,0,0,0,0,0,0,0,0,-,0,0,1,0,0,0,0,0,0,0,0,0,0,0,0,0,0,0,0,0,0,0,0,-,0,-,0,0,0,0,0,0,0,0,0,0,0,-,0,0,0,0,0,0,0,0,0,0,0,0,0,0,0,0,-,0,0,0,0,0,0,0,0,0,0,0,0,0,0,0,0,0,-,0,0,0,0,0
in,1,1,1,1,1,1,1,1,1,1,1,1,1,1,1,1,1,1,1,1,1,1,1,1,1,1,1,1,1,1,1,1,-,1,1,1,-,1,1,1,1,1,1,1,1,1,1,1,-,1,1,1,1,1,1,1,1,1,1,1,1,1,1,1,1,1,1,1,1,1,1,1,1,1,1,1,1,1,1,1,1,1,1,1,1,1,1,1,1
paradyso,-,-,-,0,-,0,-,0,-,0,-,-,-,0,-,-,0,-,-,0,-,-,0,-,-,-,-,-,1,-,-,-,-,-,0,-,-,-,0,0,0,0,0,0,-,-,-,-,-,0,-,-,-,-,-,-,-,-,-,-,-,0,-,-,-,-,0,-,-,0,0,-,-,-,-,-,0,-,-,-,-,1,-,-,-,-,-,0,-
pa radysum,-,-,-,0,-,0,-,0,-,0,-,-,-,0,-,-,0,-,-,0,-,-,1,-,-,-,-,-,0,-,-,-,-,-,0,-,-,-,0,0,0,0,0,0,-,-,-,-,-,0,-,-,-,-,-,-,-,-,-,-,-,0,-,-,-,-,0,-,-,0,0,-,-,-,-,-,0,-,-,-,-,0,-,-,-,-,-,0,-
de s,-,-,-,0,-,0,-,0,-,0,-,-,-,0,-,-,0,-,-,0,-,-,0,-,-,-,-,-,0,-,-,-,-,-,0,-,-,-,0,0,0,0,1,0,-,-,-,-,-,0,-,-,-,-,-,-,-,-,-,-,-,0,-,-,-,-,0,-,-,0,0,-,-,-,-,-,0,-,-,-,-,0,-,-,-,-,-,0,-
para dysum,-,-,-,0,-,1,-,0,-,0,-,-,-,0,-,-,0,-,-,0,-,-,0,-,-,-,-,-,0,-,-,-,-,-,0,-,-,-,0,0,0,0,0,0,-,-,-,-,-,0,-,-,-,-,-,-,-,-,-,-,-,0,-,-,-,-,0,-,-,0,0,-,-,-,-,-,0,-,-,-,-,0,-,-,-,-,-,0,-
paradysum,-,-,-,1,-,0,-,1,-,1,-,-,-,1,-,-,1,-,-,1,-,-,0,-,-,-,-,-,0,-,-,-,-,-,1,-,-,-,1,1,1,1,0,1,-,-,-,-,-,1,-,-,-,-,-,-,-,-,-,-,-,1,-,-,-,-,1,-,-,1,1,-,-,-,-,-,1,-,-,-,-,0,-,-,-,-,-,1,-
paradisum,1,1,1,-,1,-,1,-,1,-,1,1,1,-,1,1,-,1,1,-,1,1,-,1,1,1,1,1,-,1,1,1,-,1,-,1,-,1,-,-,-,-,1,-,1,1,1,1,-,-,1,1,1,1,1,1,1,1,1,1,1,-,1,1,1,1,-,1,1,-,-,1,1,1,1,1,-,1,1,1,1,-,1,1,1,1,1,-,1
undeiiiior,-,-,-,-,-,-,-,-,-,-,-,-,-,-,-,-,-,-,-,-,-,-,-,-,-,-,-,-,-,-,-,-,-,-,-,-,-,-,-,-,-,-,-,-,-,-,-,-,-,-,-,-,-,-,-,1,-,-,-,-,-,-,-,-,-,-,-,0,-,-,-,-,-,-,-,-,-,-,-,-,-,-,-,-,-,-,-,-,-
translatus,-,-,-,-,-,-,-,-,-,-,-,-,-,-,-,-,-,-,-,-,-,-,-,-,-,-,-,-,-,-,-,-,-,-,-,-,-,-,-,-,-,-,-,-,-,-,-,-,-,-,-,-,-,-,-,0,-,-,-,-,-,-,-,-,-,-,-,1,-,-,-,-,-,-,-,-,-,-,-,-,-,-,-,-,-,-,-,-,-
unde,1,1,1,1,1,1,1,1,1,1,1,-,1,1,1,1,1,1,1,1,1,1,1,1,1,1,1,1,1,1,1,1,-,1,1,1,-,1,1,1,1,1,1,1,1,1,1,1,-,1,1,1,1,1,1,-,1,1,1,1,1,1,1,1,1,1,1,1,1,1,1,1,1,1,1,1,1,1,1,1,1,1,1,1,1,1,1,1,1
quattuor,0,0,0,0,0,0,0,0,0,0,0,0,0,0,0,0,0,0,0,0,0,0,0,0,0,0,0,0,0,0,0,1,-,1,0,0,-,1,0,0,0,0,0,0,0,0,0,1,-,-,0,0,0,0,0,-,0,0,0,0,0,0,0,0,0,0,0,0,0,0,0,0,0,0,0,0,0,0,0,0,0,0,0,0,0,0,0,0,0
4or,0,0,0,0,0,0,0,0,0,0,0,0,0,1,0,0,0,0,0,0,1,0,0,0,0,0,0,0,0,0,0,0,-,0,0,0,-,0,0,0,0,0,0,0,0,0,0,0,-,-,0,1,0,0,0,-,0,0,0,1,0,0,0,0,0,1,0,0,0,0,0,0,0,0,0,0,0,0,0,0,0,0,0,0,0,0,0,0,0
quatuor,0,1,0,0,0,0,0,0,0,0,0,0,1,0,0,0,0,1,0,1,0,1,0,1,0,1,0,1,0,1,0,0,-,0,0,0,-,0,0,1,0,1,1,1,1,0,1,0,-,-,1,0,1,1,1,-,1,0,1,0,0,1,1,0,1,0,1,0,1,0,0,0,1,1,0,0,0,1,0,0,1,1,0,0,0,0,0,0,0
iiior,0,0,0,0,0,0,0,0,0,0,0,0,0,0,0,1,0,0,0,0,0,0,0,0,0,0,0,0,0,0,0,0,-,0,0,0,-,0,0,0,0,0,0,0,0,0,0,0,-,-,0,0,0,0,0,-,0,0,0,0,0,0,0,0,0,0,0,0,0,0,0,0,0,0,0,0,0,0,0,0,0,0,0,0,0,0,0,0,0
iiiior,0,0,1,1,1,1,0,0,1,1,1,0,0,0,1,0,1,0,1,0,0,0,0,0,1,0,1,0,1,0,1,0,-,0,1,0,-,0,1,0,1,0,0,0,0,1,0,0,-,-,0,0,0,0,0,-,0,1,0,0,1,0,0,1,0,0,0,0,0,1,0,1,0,0,1,1,0,0,1,1,0,0,1,1,1,1,1,1,1
quator,0,0,0,0,0,0,0,0,0,0,0,0,0,0,0,0,0,0,0,0,0,0,0,0,0,0,0,0,0,0,0,0,-,0,0,0,-,0,0,0,0,0,0,0,0,0,0,0,-,-,0,0,0,0,0,-,0,0,0,0,0,0,0,0,0,0,0,0,0,0,0,0,0,0,0,0,1,0,0,0,0,0,0,0,0,0,0,0,0
iiii,1,0,0,0,0,0,1,1,0,0,0,1,0,0,0,0,0,0,0,0,0,0,1,0,0,0,0,0,0,0,0,0,-,0,0,1,-,0,0,0,0,0,0,0,0,0,0,0,-,-,0,0,0,0,0,-,0,0,0,0,0,0,0,0,0,0,0,1,0,0,1,0,0,0,0,0,0,0,0,0,0,0,0,0,0,0,0,0,0
flumia,-,-,-,-,-,-,-,-,-,-,-,-,-,-,-,-,-,-,-,-,-,-,-,-,-,-,0,-,-,-,-,-,-,-,-,-,-,-,-,-,-,-,-,-,-,-,-,-,-,-,-,-,-,-,-,-,-,-,1,-,-,-,-,-,-,-,-,-,0,-,-,-,-,-,-,-,-,-,-,-,-,-,0,-,-,-,-,-,-
flumimina,-,-,-,-,-,-,-,-,-,-,-,-,-,-,-,-,-,-,-,-,-,-,-,-,-,-,0,-,-,-,-,-,-,-,-,-,-,-,-,-,-,-,-,-,-,-,-,-,-,-,-,-,-,-,-,-,-,-,0,-,-,-,-,-,-,-,-,-,0,-,-,-,-,-,-,-,-,-,-,-,-,-,1,-,-,-,-,-,-
oriuntur,-,-,-,-,-,-,-,-,-,-,-,-,-,-,-,-,-,-,-,-,-,-,-,-,-,-,1,-,-,-,-,-,-,-,-,-,-,-,-,-,-,-,-,-,-,-,-,-,-,-,-,-,-,-,-,-,-,-,0,-,-,-,-,-,-,-,-,-,1,-,-,-,-,-,-,-,-,-,-,-,-,-,0,-,-,-,-,-,-
flumina,1,1,1,1,1,1,1,1,1,1,1,1,1,1,1,1,1,1,1,1,1,1,1,1,1,1,1,1,1,1,1,1,-,1,1,1,-,1,1,1,1,1,1,1,1,1,1,1,-,1,1,1,1,1,1,1,1,1,-,1,1,1,1,1,1,1,1,1,1,1,1,1,1,1,1,1,1,1,1,1,1,1,-,1,1,1,1,1,1
oriuntur,1,1,1,1,1,1,1,1,1,1,1,1,1,1,1,1,1,1,1,1,1,1,1,1,1,1,-,1,1,1,1,1,-,1,1,1,-,1,1,1,1,1,1,1,1,1,1,1,-,1,1,1,1,1,1,1,1,1,1,1,1,1,1,1,1,1,1,1,-,1,1,1,1,1,1,1,1,1,1,1,1,1,1,1,1,1,1,1,1
translatus,1,1,1,1,1,1,1,1,1,1,1,1,1,1,1,1,1,1,1,1,1,1,1,1,1,1,1,1,1,1,1,1,1,1,1,1,-,1,1,1,1,1,1,1,1,1,1,1,-,1,1,1,1,1,1,1,1,1,1,1,1,1,1,1,1,1,1,-,1,1,1,1,1,1,1,1,1,1,1,1,1,1,1,1,1,1,1,1,1
dum,-,-,-,-,-,-,-,-,-,-,-,-,-,-,-,-,-,-,-,-,-,-,1,-,-,-,-,0,-,-,0,-,-,-,-,-,-,-,-,-,-,-,-,-,-,-,-,-,-,-,-,0,-,-,-,-,-,0,-,-,-,-,-,-,-,-,-,-,-,-,-,-,0,-,-,1,-,-,-,-,-,-,-,-,1,-,-,-,-
cum sgyonphisontygriseufrates,-,-,-,-,-,-,-,-,-,-,-,-,-,-,-,-,-,-,-,-,-,-,0,-,-,-,-,0,-,-,0,-,-,-,-,-,-,-,-,-,-,-,-,-,-,-,-,-,-,-,-,1,-,-,-,-,-,0,-,-,-,-,-,-,-,-,-,-,-,-,-,-,0,-,-,0,-,-,-,-,-,-,-,-,0,-,-,-,-
s,-,-,-,-,-,-,-,-,-,-,-,-,-,-,-,-,-,-,-,-,-,-,0,-,-,-,-,1,-,-,1,-,-,-,-,-,-,-,-,-,-,-,-,-,-,-,-,-,-,-,-,0,-,-,-,-,-,1,-,-,-,-,-,-,-,-,-,-,-,-,-,-,1,-,-,0,-,-,-,-,-,-,-,-,0,-,-,-,-
phison  agagano rege indie otus est ganges gyon qui,-,-,-,-,-,-,-,-,-,-,-,-,-,-,-,-,-,-,-,-,-,-,-,-,-,-,-,0,-,-,1,-,0,-,-,-,-,-,-,-,-,-,-,-,-,-,-,-,-,-,-,-,-,-,-,-,-,0,-,-,-,-,-,-,-,-,-,-,-,-,-,-,0,-,-,-,-,-,-,-,-,-,-,-,-,-,-,-,-
in paradisum,-,-,-,-,-,-,-,-,-,-,-,-,-,-,-,-,-,-,-,-,-,-,-,-,-,-,-,1,-,-,0,-,1,-,-,-,-,-,-,-,-,-,-,-,-,-,-,-,-,-,-,-,-,-,-,-,-,1,-,-,-,-,-,-,-,-,-,-,-,-,-,-,1,-,-,-,-,-,-,-,-,-,-,-,-,-,-,-,-
uoluptatis,-,-,-,-,-,-,-,-,-,-,-,-,-,-,-,-,-,-,-,-,0,-,-,-,-,-,-,1,-,-,0,-,-,0,-,-,-,-,-,-,-,-,-,-,-,-,-,-,-,-,-,-,-,-,-,-,-,0,-,-,-,-,-,-,-,-,-,-,-,-,-,-,1,-,-,-,-,-,-,-,-,-,-,-,-,-,-,-,-
et,-,-,-,-,-,-,-,-,-,-,-,-,-,-,-,-,-,-,-,-,1,-,-,-,-,-,-,0,-,-,1,-,-,1,-,-,-,-,-,-,-,-,-,-,-,-,-,-,-,-,-,-,-,-,-,-,-,0,-,-,-,-,-,-,-,-,-,-,-,-,-,-,0,-,-,-,-,-,-,-,-,-,-,-,-,-,-,-,-
noluptatis,-,-,-,-,-,-,-,-,-,-,-,-,-,-,-,-,-,-,-,-,0,-,-,-,-,-,-,0,-,-,0,-,-,0,-,-,-,-,-,-,-,-,-,-,-,-,-,-,-,-,-,-,-,-,-,-,-,1,-,-,-,-,-,-,-,-,-,-,-,-,-,-,0,-,-,-,-,-,-,-,-,-,-,-,-,-,-,-,-
deliciach,-,-,-,-,-,-,-,-,-,-,-,-,-,-,-,-,-,-,-,-,0,-,-,-,-,-,-,0,-,-,0,-,-,0,-,-,0,-,-,-,-,-,-,-,-,-,-,-,-,-,-,-,-,-,-,-,-,-,-,-,-,-,-,-,-,-,-,-,-,-,-,-,1,-,-,-,-,-,-,-,-,-,-,-,-,-,-,-,-
nylus deus,-,-,-,-,-,-,-,-,-,-,-,-,-,-,-,-,-,-,-,-,0,-,-,-,-,-,-,0,-,-,1,-,-,0,-,-,0,-,-,-,-,-,-,-,-,-,-,-,-,-,-,-,-,-,-,-,-,-,-,-,-,-,-,-,-,-,-,-,-,-,-,-,0,-,-,-,-,-,-,-,-,-,-,-,-,-,-,-,-
femina,-,-,-,-,-,-,-,-,-,-,-,-,-,-,-,-,-,-,-,-,1,-,-,-,-,-,-,0,-,-,0,-,-,1,-,-,0,-,-,-,-,-,-,-,-,-,-,-,-,-,-,-,-,-,-,-,-,-,-,-,-,-,-,-,-,-,-,-,-,-,-,-,0,-,-,-,-,-,-,-,-,-,-,-,-,-,-,-,-
in,-,-,-,-,-,-,-,-,-,-,-,-,-,-,-,-,-,-,-,-,0,-,-,-,-,-,-,1,-,-,0,-,-,0,-,-,1,-,-,-,-,-,-,-,-,-,-,-,-,-,-,-,-,-,-,-,-,-,-,-,-,-,-,-,-,-,-,-,-,-,-,-,0,-,-,-,-,-,-,-,-,-,-,-,-,-,-,-,-
est,-,-,-,-,-,-,-,-,-,-,-,-,-,-,-,-,-,-,-,-,-,-,-,-,-,-,-,0,-,-,1,-,-,-,-,-,0,-,-,-,-,-,-,-,-,-,-,-,0,-,-,-,-,-,-,-,-,-,-,1,-,-,-,-,-,-,-,-,-,-,-,-,-,-,-,-,-,-,-,-,-,-,-,-,-,-,-,-,-
das paradis davon vier wasser flissent n phison nilus,-,-,-,-,-,-,-,-,-,-,-,-,-,-,-,-,-,-,-,-,-,-,-,-,-,-,-,0,-,-,0,-,-,-,-,-,1,-,-,-,-,-,-,-,-,-,-,-,0,-,-,-,-,-,-,-,-,-,-,0,-,-,-,-,-,-,-,-,-,-,-,-,-,-,-,-,-,-,-,-,-,-,-,-,-,-,-,-,-
deliciarum,-,-,-,-,-,-,-,-,-,-,-,-,-,-,-,-,-,-,-,-,-,-,-,-,-,-,-,0,-,-,0,-,-,-,-,-,0,-,-,-,-,-,-,-,-,-,-,-,1,-,-,-,-,-,-,-,-,-,-,0,-,-,-,-,-,-,-,-,-,-,-,-,-,-,-,-,-,-,-,-,-,-,-,-,-,-,-,-,-
deliciarum,-,-,-,-,-,-,-,-,-,-,-,-,-,-,-,-,-,-,-,-,-,-,-,-,-,-,-,1,-,-,0,-,-,-,-,-,0,-,-,-,-,-,-,-,-,-,-,-,0,-,-,-,-,-,-,-,-,-,-,0,-,-,-,-,-,-,-,-,-,-,-,-,-,-,-,-,-,-,-,-,-,-,-,-,-,-,-,-,-
tygris,-,-,-,-,-,-,-,-,-,-,-,-,-,-,-,-,-,-,-,-,-,-,-,-,-,-,-,-,-,-,1,-,-,-,-,-,-,-,-,-,-,-,-,-,-,-,-,-,-,-,-,-,-,-,-,-,-,-,-,-,-,-,-,-,-,-,-,-,-,-,-,-,-,-,-,-,-,-,-,-,-,-,-,-,-,-,-,-,-
et,-,-,-,-,-,-,-,-,-,-,-,-,-,-,-,-,-,-,-,-,-,-,-,-,-,-,-,-,-,-,1,-,-,-,-,-,-,1,-,-,-,-,-,-,-,-,-,-,-,-,-,-,-,-,-,-,-,0,-,-,-,-,-,-,-,1,-,-,-,-,-,-,-,-,-,-,-,-,-,-,-,-,-,-,-,-,-,-,-
et,-,-,-,-,-,-,-,-,-,-,-,-,-,-,-,-,-,-,-,-,-,-,-,-,-,-,-,-,-,-,0,-,-,-,-,-,-,0,-,-,-,-,-,-,-,-,-,-,-,-,-,-,-,-,-,-,-,1,-,-,-,-,-,-,-,0,-,-,-,-,-,-,-,-,-,-,-,-,-,-,-,-,-,-,-,-,-,-,-
eufrates,-,-,-,-,-,-,-,-,-,-,-,-,-,-,-,-,-,-,-,-,-,-,-,-,-,-,-,-,-,-,1,-,-,-,-,-,1,-,-,-,-,-,-,-,-,-,-,-,-,-,-,-,-,-,-,-,-,-,-,-,-,-,-,-,-,-,-,-,-,-,-,-,-,-,-,-,-,-,-,-,-,-,-,-,-,-,-,-,-
da machet got evam von adams rippe do er slieff und gab adam allen dingen namen und weissaget von got und von der heiligen cristenhait und do adam einen  gehorsam rt das er den appfel ab da schamten sie sich das sie nakent waren und namen  f√ºr sich da wurden sie ge setzet ausz dem paradise,0,0,0,0,0,0,0,0,0,0,0,0,0,0,0,0,0,0,0,0,-,0,-,0,0,0,0,0,0,0,0,0,0,-,0,0,1,-,0,0,0,0,0,0,0,0,0,0,-,0,0,0,0,0,0,0,0,0,0,0,0,0,0,0,0,-,0,0,0,0,0,0,0,0,0,-,0,0,0,-,0,0,0,0,-,0,0,0,0
cum,1,1,1,1,1,1,1,1,1,1,1,1,1,1,1,1,1,1,1,1,-,1,-,1,1,1,1,1,1,1,1,1,1,-,1,1,0,-,1,1,1,1,1,1,1,1,1,1,-,1,1,1,1,1,1,1,1,1,1,1,1,1,1,1,1,-,1,1,1,1,1,1,1,1,1,-,1,1,1,-,1,1,1,1,-,1,1,1,1
femine,1,1,1,1,1,1,1,1,1,1,1,1,1,1,1,1,1,-,1,1,-,1,1,-,1,1,1,1,1,1,1,1,1,-,1,1,-,1,1,1,1,1,1,1,1,1,1,1,-,1,0,1,1,0,1,1,1,1,1,0,-,1,1,1,1,0,-,1,1,0,1,1,1,1,1,1,0,1,1,-,1,1,-,-,-,-,-,-,-
femina,0,0,0,0,0,0,0,0,0,0,0,0,0,0,0,0,0,-,0,0,-,0,0,-,0,0,0,0,0,0,0,0,0,-,0,0,-,0,0,0,0,0,0,0,0,0,0,0,-,0,1,0,0,1,0,0,0,0,0,1,-,0,0,0,0,1,-,0,0,1,0,0,0,0,0,0,1,0,0,-,0,0,-,-,-,-,-,-,-
de,1,1,1,1,1,1,1,1,1,1,1,1,1,1,1,1,1,1,1,1,1,1,1,1,1,1,1,1,1,1,1,1,1,1,1,1,-,1,1,1,1,1,1,1,1,1,1,1,-,1,-,1,1,1,1,1,1,1,1,-,-,1,1,1,1,1,1,1,1,1,1,1,1,1,1,1,1,1,1,1,1,1,-,-,-,-,-,-,-
costa,1,1,1,1,1,1,1,1,1,1,1,1,1,1,1,1,1,1,1,1,1,1,1,1,1,1,1,1,1,1,1,1,1,1,1,1,-,1,1,1,1,1,1,1,1,1,1,1,-,1,-,1,1,1,1,1,1,1,1,-,-,1,1,1,1,1,1,1,1,1,1,1,1,1,1,1,1,1,1,-,1,1,-,-,-,-,-,-,-
cuius,0,-,-,-,-,-,-,-,-,-,-,-,-,-,-,-,-,-,-,-,-,-,-,-,-,-,-,-,-,-,-,-,-,-,-,-,-,-,-,-,-,-,-,-,-,-,-,-,-,-,-,-,-,-,-,-,-,-,-,-,-,-,-,-,-,-,-,-,-,-,-,-,-,-,-,-,1,-,-,-,-,-,-,-,-,-,-,-,-
dor mientis,1,-,-,-,-,-,-,-,-,-,-,-,-,-,-,-,-,-,-,-,-,-,-,-,-,-,-,-,-,-,-,-,-,-,-,-,-,-,-,-,-,-,-,-,-,-,-,-,-,-,-,-,-,-,-,-,-,-,-,-,-,-,-,-,-,-,-,-,-,-,-,-,-,-,-,-,0,-,-,-,-,-,-,-,-,-,-,-,-
dormientis,-,1,1,1,1,1,1,1,1,1,1,1,1,1,1,1,1,-,1,1,1,1,1,1,1,1,1,1,1,1,1,1,1,1,1,1,-,1,1,1,1,1,-,1,1,1,1,1,-,1,1,1,1,1,1,1,1,1,1,-,-,1,1,1,1,1,-,1,1,1,1,1,1,1,1,1,1,1,1,-,1,1,-,-,-,-,-,-,-
femine,-,-,-,-,-,-,-,-,-,-,-,-,-,-,-,-,-,1,-,-,0,-,-,1,-,-,-,-,-,-,-,0,-,0,-,-,-,-,-,-,-,-,-,-,-,-,-,-,-,-,0,-,-,0,-,-,-,-,-,-,1,-,-,-,-,0,1,-,-,-,-,-,-,-,-,-,-,-,-,1,-,-,1,1,1,1,1,1,1
facta,-,-,-,-,-,-,-,-,-,-,-,-,-,-,-,-,-,0,-,-,1,-,-,0,-,-,-,-,-,-,-,1,-,1,-,-,-,-,-,-,-,-,-,-,-,-,-,-,-,-,1,-,-,1,-,-,-,-,-,-,0,-,-,-,-,1,0,-,-,-,-,-,-,-,-,-,-,-,-,0,-,-,0,0,0,0,0,0,0
facte,1,1,1,1,1,1,1,1,1,1,1,1,1,1,1,1,1,1,1,1,-,1,1,1,1,1,1,1,1,1,1,-,1,-,1,1,-,1,1,1,1,1,1,1,1,1,1,1,-,1,0,1,1,-,1,1,1,1,1,0,0,1,1,1,1,-,1,1,1,1,1,1,1,1,1,1,1,1,1,-,-,1,0,0,0,0,0,0,0
de,0,0,0,0,0,0,0,0,0,0,0,0,0,0,0,0,0,0,0,0,-,0,0,0,0,0,0,0,0,0,0,-,0,-,0,0,-,0,0,0,0,0,0,0,0,0,0,0,-,0,1,0,0,-,0,0,0,0,0,1,1,0,0,0,0,-,0,0,0,0,0,0,0,0,0,0,0,0,0,-,-,0,1,1,1,1,1,1,1
costa,-,-,-,-,-,0,-,0,-,-,-,0,0,-,-,0,-,0,-,0,0,-,-,-,-,-,-,0,-,-,-,-,-,-,-,-,-,-,-,0,-,-,-,-,-,0,-,-,-,0,1,0,0,-,0,-,0,0,0,1,1,-,0,-,-,-,0,-,-,-,-,-,0,0,0,-,0,-,-,1,0,0,1,1,1,1,1,0,1
eua,-,-,-,-,-,0,-,1,-,-,-,1,1,-,-,1,-,0,-,0,0,-,-,-,-,-,-,0,-,-,-,-,-,-,-,-,-,-,-,1,-,-,-,-,-,1,-,-,-,1,0,1,1,-,1,-,1,0,1,0,0,-,1,-,-,-,0,-,-,-,-,-,0,1,0,-,1,-,-,0,1,1,0,0,0,0,0,0,0
coste,-,-,-,-,-,0,-,0,-,-,-,0,0,-,-,0,-,0,-,0,0,-,-,-,-,-,-,0,-,-,-,-,-,-,-,-,-,-,-,0,-,-,-,-,-,0,-,-,-,0,0,0,0,-,0,-,0,0,0,0,0,-,0,-,-,-,0,-,-,-,-,-,0,0,0,-,0,-,-,0,0,0,0,0,0,0,0,1,0
euam,-,-,-,-,-,0,-,0,-,-,-,0,0,-,-,0,-,0,-,0,0,-,-,-,-,-,-,0,-,-,-,-,-,-,-,-,-,-,-,0,-,-,-,-,-,0,-,-,-,0,0,0,0,-,0,-,0,0,0,0,0,-,0,-,-,-,0,-,-,-,-,-,0,0,1,-,0,-,-,0,0,0,0,0,0,0,0,0,0
ipsius,-,-,-,-,-,0,-,0,-,-,-,0,0,-,-,0,-,1,-,0,0,-,-,-,-,-,-,0,-,-,-,-,-,-,-,-,-,-,-,0,-,-,-,-,-,0,-,-,-,0,0,0,0,-,0,-,0,0,0,0,0,-,0,-,-,-,1,-,-,-,-,-,0,0,0,-,0,-,-,0,0,0,0,0,0,0,0,0,0
a domino,-,-,-,-,-,0,-,0,-,-,-,0,0,-,-,0,-,0,-,0,0,-,-,-,-,-,-,1,-,-,-,-,-,-,-,-,-,-,-,0,-,-,-,-,-,0,-,-,-,0,0,0,0,-,0,-,0,1,0,0,0,-,0,-,-,-,0,-,-,-,-,-,1,0,0,-,0,-,-,0,0,0,0,0,0,0,0,0,0
eue,-,-,-,-,-,0,-,0,-,-,-,0,0,-,-,0,-,0,-,1,1,-,-,-,-,-,-,0,-,-,-,-,-,-,-,-,-,-,-,0,-,-,-,-,-,0,-,-,-,0,0,0,0,-,0,-,0,0,0,0,0,-,0,-,-,-,0,-,-,-,-,-,0,0,0,-,0,-,-,0,0,0,0,0,0,0,0,0,0
no mine,-,-,-,-,-,1,-,0,-,-,-,0,0,-,-,0,-,0,-,0,0,-,-,-,-,-,-,0,-,-,-,-,-,-,-,-,-,-,-,0,-,-,-,-,-,0,-,-,-,0,0,0,0,-,0,-,0,0,0,0,0,-,0,-,-,-,0,-,-,-,-,-,0,0,0,-,0,-,-,0,0,0,0,0,0,0,0,0,0
dormientis,-,-,-,-,-,-,-,-,-,-,-,-,-,-,-,-,-,1,-,-,-,-,-,-,-,-,-,-,-,-,-,-,-,-,-,-,-,-,-,-,-,-,1,-,-,-,-,-,-,-,-,-,-,-,-,-,-,-,-,1,1,-,-,-,-,-,1,-,-,-,-,-,-,-,-,-,-,-,-,1,-,-,1,1,1,1,1,1,1
factem,0,0,0,0,0,-,0,0,0,0,0,0,0,0,0,0,0,0,0,0,0,0,0,0,0,0,0,-,-,-,-,-,-,-,-,-,-,-,0,0,-,-,-,-,-,0,0,-,-,0,-,0,0,-,0,-,0,-,0,1,0,-,0,-,-,-,0,-,-,-,-,-,-,0,-,-,0,-,0,0,0,0,0,0,0,0,0,-,0
formate,0,0,0,0,0,-,0,0,0,0,0,0,0,0,0,0,0,0,0,0,0,0,0,0,0,0,0,-,-,-,-,-,-,-,-,-,-,-,0,0,-,-,-,-,-,0,0,-,-,0,-,0,0,-,0,-,0,-,0,0,1,-,0,-,-,-,0,-,-,-,-,-,-,0,-,-,0,-,0,0,0,0,0,0,0,0,0,-,0
facte,0,0,0,0,0,-,0,0,0,0,0,0,0,0,0,0,0,0,0,0,0,0,0,0,0,0,0,-,-,-,-,-,-,-,-,-,-,-,0,0,-,-,-,-,-,0,0,-,-,0,-,0,0,-,0,-,0,-,0,0,0,-,0,-,-,-,0,-,-,-,-,-,-,0,-,-,0,-,0,1,0,0,1,1,1,1,1,-,1
nomine,1,1,1,1,1,-,1,1,1,1,1,1,1,1,1,1,1,1,1,1,1,1,1,1,1,1,1,-,-,-,-,-,-,-,-,-,-,-,1,1,-,-,-,-,-,1,1,-,-,1,-,1,1,-,1,-,1,-,1,0,0,-,1,-,-,-,1,-,-,-,-,-,-,1,-,-,1,-,1,0,1,1,0,0,0,0,0,-,0
eua,-,-,-,-,-,-,-,-,-,-,-,0,-,-,-,-,-,1,-,-,-,-,-,0,-,-,-,1,-,-,-,1,-,1,-,-,-,-,-,0,-,-,-,-,-,-,-,-,-,0,1,-,-,-,-,-,-,1,-,-,-,-,-,-,-,1,1,-,-,-,-,-,1,0,-,-,0,-,-,-,-,-,-,-,-,-,-,1,-
imposita,-,-,-,-,-,-,-,-,-,-,-,1,-,-,-,-,-,0,-,-,-,-,-,0,-,-,-,0,-,-,-,0,-,0,-,-,-,-,-,0,-,-,-,-,-,-,-,-,-,0,0,-,-,-,-,-,-,0,-,-,-,-,-,-,-,0,0,-,-,-,-,-,0,1,-,-,0,-,-,-,-,-,-,-,-,-,-,0,-
inposito,-,-,-,-,-,-,-,-,-,-,-,0,-,-,-,-,-,0,-,-,-,-,-,1,-,-,-,0,-,-,-,0,-,0,-,-,-,-,-,1,-,-,-,-,-,-,-,-,-,1,0,-,-,-,-,-,-,0,-,-,-,-,-,-,-,0,0,-,-,-,-,-,0,0,-,-,0,-,-,-,-,-,-,-,-,-,-,0,-
in,-,-,-,-,-,-,-,-,-,-,-,0,-,-,-,-,-,0,-,-,-,-,-,0,-,-,-,0,-,-,-,0,-,0,-,-,-,-,-,0,-,-,-,-,-,-,-,-,-,0,0,-,-,-,-,-,-,0,-,-,-,-,-,-,-,0,0,-,-,-,-,-,0,0,-,-,1,-,-,-,-,-,-,-,-,-,-,0,-
imposito,-,-,-,-,-,-,-,1,-,-,-,-,1,-,-,1,-,1,-,1,-,-,-,-,-,-,-,0,0,-,0,0,0,0,0,0,-,1,1,-,0,0,0,0,0,1,1,0,-,-,0,1,1,0,1,0,1,0,1,0,0,0,1,0,0,0,1,0,0,0,0,0,0,-,0,0,1,0,1,0,1,1,0,0,0,0,0,0,0
nomine,-,-,-,-,-,-,-,0,-,-,-,-,0,-,-,0,-,0,-,0,-,-,-,-,-,-,-,1,1,-,1,1,1,1,1,1,-,0,0,-,1,1,1,1,1,0,0,1,-,-,1,0,0,1,0,1,0,1,0,1,1,1,0,1,1,1,0,1,1,1,1,1,1,-,1,1,0,1,0,1,0,0,1,1,1,1,1,1,1
sicut,1,1,1,1,1,1,1,1,1,1,1,1,1,1,1,1,1,-,1,1,1,1,1,1,1,1,1,1,1,1,1,1,1,1,1,1,-,1,1,1,1,1,1,1,1,1,1,1,-,1,1,1,1,1,1,1,1,1,1,1,1,1,1,1,1,1,0,1,1,1,1,1,1,1,1,1,1,1,1,1,1,1,1,1,1,1,1,1,1
ceterisque,0,0,0,0,0,0,0,0,0,0,0,0,0,0,0,0,0,-,0,0,0,0,0,0,0,0,0,0,0,0,0,0,0,0,0,0,-,0,0,0,0,0,0,0,0,0,0,0,-,0,0,0,0,0,0,0,0,0,0,0,0,0,0,0,0,0,1,0,0,0,0,0,0,0,0,0,0,0,0,0,0,0,0,0,0,0,0,0,0
et,1,1,1,1,1,1,1,1,1,1,1,1,1,1,1,1,1,-,1,1,1,1,1,1,1,1,1,1,1,1,1,1,1,1,1,1,-,1,1,1,1,1,1,-,1,1,1,1,-,1,1,1,1,1,1,1,1,1,1,-,1,1,1,1,1,1,-,1,1,1,1,1,1,1,1,1,1,1,1,1,1,1,1,1,1,1,1,1,1
in,-,-,-,-,-,-,-,-,-,-,-,-,-,-,-,-,-,-,-,-,-,-,-,-,-,-,-,-,-,-,-,-,-,-,-,-,-,-,-,0,-,-,-,-,-,-,-,-,-,-,-,-,-,-,-,-,-,-,-,-,-,-,-,-,-,-,-,-,-,-,-,-,-,-,-,-,-,-,-,1,-,-,-,-,-,-,-,-,-
ceteris,-,-,-,-,-,-,-,-,-,-,-,-,-,-,-,-,-,-,-,-,-,-,-,-,-,-,-,-,-,-,-,-,-,-,-,-,-,-,-,1,-,-,-,-,-,-,-,-,-,-,-,-,-,-,-,-,-,-,-,-,-,-,-,-,-,-,-,-,-,-,-,-,-,-,-,-,-,-,-,0,-,-,-,-,-,-,-,-,-
ceteris,1,1,1,1,1,1,1,1,1,1,1,1,1,1,1,1,1,1,1,1,1,1,1,1,1,1,1,1,1,1,1,1,1,1,1,1,-,1,1,1,1,1,1,1,1,1,1,1,-,1,1,1,1,1,1,1,1,1,1,1,1,1,1,1,1,1,-,1,1,1,1,1,1,1,1,1,1,1,1,1,1,1,1,1,1,1,1,1,1
imposuit,-,-,-,-,-,-,-,-,-,-,-,-,-,-,-,-,-,0,-,-,1,-,-,-,-,-,-,-,-,-,0,-,-,1,-,-,-,-,-,-,-,-,-,-,-,-,-,-,-,-,-,-,-,-,-,-,-,-,-,-,-,-,-,-,-,0,-,-,-,-,-,-,-,-,-,-,-,-,-,-,-,-,-,-,-,-,-,-,-
qui,-,-,-,-,-,-,-,-,-,-,-,-,-,-,-,-,-,1,-,-,0,-,-,-,-,-,-,-,-,-,0,-,-,0,-,-,-,-,-,-,-,-,-,-,-,-,-,-,-,-,-,-,-,-,-,-,-,-,-,-,-,-,-,-,-,0,-,-,-,-,-,-,-,-,-,-,-,-,-,-,-,-,-,-,-,-,-,-,-
imposito,-,-,-,-,-,-,-,-,-,-,-,-,-,-,-,-,-,0,-,-,0,-,-,-,-,-,-,-,-,-,1,-,-,0,-,-,-,-,-,-,-,-,-,-,-,-,-,-,-,-,-,-,-,-,-,-,-,-,-,-,-,-,-,-,-,0,-,-,-,-,-,-,-,-,-,-,-,-,-,-,-,-,-,-,-,-,-,-,-
imposiut,-,-,-,-,-,-,-,-,-,-,-,-,-,-,-,-,-,0,-,-,0,-,-,-,-,-,-,-,-,-,0,-,-,0,-,-,-,-,-,-,-,-,-,-,-,-,-,-,-,-,-,-,-,-,-,-,-,-,-,-,-,-,-,-,-,1,-,-,-,-,-,-,-,-,-,-,-,-,-,-,-,-,-,-,-,-,-,-,-
rebus,1,1,1,1,1,1,1,1,1,1,1,1,1,1,1,1,1,1,1,1,0,1,1,1,1,1,1,1,1,1,0,1,1,0,1,1,-,1,1,1,1,1,1,1,1,1,1,1,-,1,1,1,1,1,1,1,1,1,1,1,1,1,1,1,1,0,1,1,1,1,1,1,1,1,1,1,-,1,-,-,-,-,1,1,1,1,1,1,1
et,0,0,0,0,0,0,0,0,0,0,0,0,0,0,0,0,0,0,0,0,1,0,0,0,0,0,0,0,0,0,1,0,0,1,0,0,-,0,0,0,0,0,0,0,0,0,0,0,-,0,0,0,0,0,0,0,0,0,0,0,0,0,0,0,0,1,0,0,0,0,0,0,0,0,0,0,-,0,-,-,-,-,0,0,0,0,0,0,0
post dormicionem prophetasset,0,0,0,0,0,0,0,-,0,-,0,-,-,0,0,-,-,0,0,-,-,0,0,-,0,0,0,0,0,0,1,0,0,-,-,0,-,-,-,-,0,0,0,0,0,-,-,0,-,-,0,-,-,0,-,0,-,0,-,0,0,0,-,0,0,-,0,0,0,-,0,0,0,-,0,0,-,0,-,-,-,-,0,0,0,0,0,0,0
imposita,0,0,0,0,0,1,0,-,0,-,0,-,-,0,0,-,-,0,0,-,-,0,0,-,0,0,0,0,0,0,0,0,0,-,-,0,-,-,-,-,0,0,0,0,0,-,-,0,-,-,0,-,-,0,-,0,-,0,-,0,0,1,-,0,0,-,0,0,0,-,0,0,0,-,0,0,-,0,-,-,-,-,0,0,0,0,0,1,0
impositis nominibus,0,0,0,0,0,0,0,-,0,-,0,-,-,0,0,-,-,1,0,-,-,0,0,-,0,0,0,0,0,0,0,0,0,-,-,0,-,-,-,-,0,0,0,0,0,-,-,0,-,-,0,-,-,0,-,0,-,0,-,0,0,0,-,0,0,-,1,0,0,-,0,0,0,-,0,0,-,0,-,-,-,-,0,0,0,0,0,0,0
imposito,1,1,1,1,1,0,1,-,1,-,1,-,-,1,1,-,-,0,1,-,-,1,1,-,1,1,1,1,1,0,0,1,1,-,-,1,-,-,-,-,1,0,1,1,1,-,-,1,-,-,1,-,-,1,-,1,-,1,-,1,1,0,-,1,1,-,0,1,1,-,1,1,1,-,1,1,-,1,-,-,-,-,1,1,1,1,1,0,1
imposuisset,0,0,0,0,0,0,0,-,0,-,0,-,-,0,0,-,-,0,0,-,-,0,0,-,0,0,0,0,0,0,0,0,0,-,-,0,-,-,-,-,0,1,0,0,0,-,-,0,-,-,0,-,-,0,-,0,-,0,-,0,0,0,-,0,0,-,0,0,0,-,0,0,0,-,0,0,-,0,-,-,-,-,0,0,0,0,0,0,0
nomine,0,0,0,0,0,0,0,-,0,-,0,-,-,0,0,-,-,0,0,-,-,0,0,-,0,0,0,0,0,1,0,0,0,-,-,0,-,-,-,-,0,0,0,0,0,-,-,0,-,-,0,-,-,0,-,0,-,0,-,0,0,0,-,0,0,-,0,0,0,-,0,0,0,-,0,0,-,0,-,-,-,-,0,0,0,0,0,0,0
inposito,-,-,-,-,-,-,-,-,-,1,-,-,-,-,-,-,1,-,-,-,-,-,-,-,-,-,-,-,-,1,-,-,-,-,1,-,-,-,-,-,-,-,-,-,-,-,-,-,-,-,-,-,-,-,-,-,-,-,-,-,-,-,-,-,-,-,-,-,-,1,-,-,-,-,-,-,-,-,-,-,-,-,-,-,-,-,-,-,-
de,1,1,1,1,1,1,1,1,1,1,1,1,1,1,1,1,1,1,1,1,1,1,1,1,1,1,1,1,1,1,1,1,1,1,1,1,-,1,1,1,1,1,1,1,1,1,1,1,-,1,1,1,1,1,1,1,1,1,1,1,1,1,1,1,1,1,1,1,1,1,1,1,1,1,-,-,-,-,-,-,-,-,-,-,-,-,-,-,-
christo,1,1,1,1,1,1,1,1,1,1,1,1,1,1,1,1,1,1,1,1,1,1,1,1,1,1,1,1,1,1,1,1,1,1,1,1,-,1,1,1,1,1,1,1,1,-,1,1,-,1,1,1,1,1,1,1,1,1,1,1,1,1,1,1,1,1,1,1,1,1,1,1,1,0,-,-,0,-,0,0,0,0,-,-,-,-,-,-,-
rebus,0,0,0,0,0,0,0,0,0,0,0,0,0,0,0,0,0,0,0,0,0,0,0,0,0,0,0,0,0,0,0,0,0,0,0,0,-,0,0,0,0,0,0,0,0,-,0,0,-,0,0,0,0,0,0,0,0,0,0,0,0,0,0,0,0,0,0,0,0,0,0,0,0,1,-,-,1,-,1,1,1,1,-,-,-,-,-,-,-
impo,-,-,-,-,-,-,-,-,-,-,-,-,-,-,-,-,-,-,-,-,-,-,-,-,-,-,-,-,-,-,0,-,-,-,-,-,-,-,-,-,-,-,-,-,-,-,-,-,-,-,-,-,-,-,-,-,-,-,-,-,-,-,0,-,-,0,-,-,-,-,-,-,-,-,-,-,-,-,-,1,0,-,-,-,-,-,-,-,-
necnon,-,-,-,-,-,-,-,-,-,-,-,-,-,-,-,-,-,-,-,-,-,-,-,-,-,-,-,-,-,-,0,-,-,-,-,-,-,-,-,-,-,-,-,-,-,-,-,-,-,-,-,-,-,-,-,-,-,-,-,-,-,-,0,-,-,0,-,-,-,-,-,-,-,-,-,-,-,-,-,0,1,-,-,-,-,-,-,-,-
quod,-,-,-,-,-,-,-,-,-,-,-,-,-,-,-,-,-,-,-,-,-,-,-,-,-,-,-,-,-,-,0,-,-,-,-,-,-,-,-,-,-,-,-,-,-,-,-,-,-,-,-,-,-,-,-,-,-,-,-,-,-,-,1,-,-,0,-,-,-,-,-,-,-,-,-,-,-,-,-,0,0,-,-,-,-,-,-,-,-
et,-,-,-,-,-,-,-,-,-,-,-,-,-,-,-,-,-,-,-,-,-,-,-,-,-,-,-,-,-,-,1,-,-,-,-,-,-,-,-,-,-,-,-,-,-,-,-,-,-,-,-,-,-,-,-,-,-,-,-,-,-,-,0,-,-,1,-,-,-,-,-,-,-,-,-,-,-,-,-,0,0,-,-,-,-,-,-,-,-
ecclesia,-,-,-,-,-,-,-,-,-,-,-,-,-,-,-,-,-,-,-,-,-,-,-,-,-,-,-,-,-,-,1,-,-,-,-,-,-,-,-,-,-,-,-,-,-,1,-,-,-,-,-,-,-,-,-,-,-,-,-,-,-,-,-,-,-,1,-,-,-,-,-,-,-,-,-,-,-,-,-,-,-,-,-,-,-,-,-,-,-
et,-,-,-,-,-,-,-,-,-,-,-,-,-,-,-,-,-,-,-,-,-,-,-,-,-,-,-,-,-,-,1,-,-,-,-,-,-,-,-,-,-,-,-,-,-,-,-,-,-,-,-,-,-,-,-,-,-,-,-,-,-,-,-,-,-,0,-,-,-,-,-,-,-,-,-,-,-,-,-,-,-,-,-,-,-,-,-,-,-
cum,-,-,-,-,-,-,-,-,-,-,-,-,-,-,-,-,-,-,-,-,-,-,-,-,-,-,-,-,-,-,0,-,-,-,-,-,-,-,-,-,-,-,-,-,-,-,-,-,-,-,-,-,-,-,-,-,-,-,-,-,-,-,-,-,-,1,-,-,-,-,-,-,-,-,-,-,-,-,-,-,-,-,-,-,-,-,-,-,-
de,-,-,-,-,-,-,-,-,-,-,-,-,-,-,-,-,-,-,-,-,-,-,-,-,-,-,-,-,-,-,1,-,-,-,-,-,-,-,-,-,-,-,-,-,-,-,-,-,-,-,-,-,-,-,-,-,-,-,-,-,-,-,-,-,-,-,-,-,-,-,-,-,-,1,1,1,1,1,1,1,-,1,1,1,1,1,1,1,1
christo,-,-,-,-,-,-,-,-,-,-,-,-,-,-,-,-,-,-,-,-,-,-,-,-,-,-,-,-,-,-,0,-,-,-,-,-,-,-,-,-,-,-,-,-,-,-,-,-,-,-,-,-,-,-,-,-,-,-,-,-,-,-,-,-,-,-,-,-,-,-,-,-,-,1,1,1,0,1,1,1,-,1,1,1,1,1,1,1,1
diluuio furoe,-,-,-,-,-,-,-,-,-,-,-,-,-,-,-,-,-,-,-,-,-,-,-,-,-,-,-,-,-,-,1,-,-,-,-,-,-,-,-,-,-,-,-,-,-,-,-,-,-,-,-,-,-,-,-,-,-,-,-,-,-,-,-,-,-,-,-,-,-,-,-,-,-,0,0,0,0,0,0,0,-,0,0,0,0,0,0,0,0
chisto,-,-,-,-,-,-,-,-,-,-,-,-,-,-,-,-,-,-,-,-,-,-,-,-,-,-,-,-,-,-,0,-,-,-,-,-,-,-,-,-,-,-,-,-,-,-,-,-,-,-,-,-,-,-,-,-,-,-,-,-,-,-,-,-,-,-,-,-,-,-,-,-,-,0,0,0,1,0,0,0,-,0,0,0,0,0,0,0,0
et,1,1,1,1,1,1,1,1,1,1,1,1,1,1,-,1,1,1,1,1,1,1,1,1,1,1,1,1,1,1,1,1,1,1,1,1,-,1,1,1,1,1,1,1,1,1,1,1,-,1,1,1,1,1,1,1,1,1,1,1,1,1,-,1,1,-,1,1,1,1,1,1,1,1,0,1,1,1,1,1,-,1,1,1,1,1,1,1,1
et,0,0,0,0,0,0,0,0,0,0,0,0,0,0,-,0,0,0,0,0,0,0,0,0,0,0,0,0,0,0,0,0,0,0,0,0,-,0,0,0,0,0,0,0,0,0,0,0,-,0,0,0,0,0,0,0,0,0,0,0,0,0,-,0,0,-,0,0,0,0,0,0,0,0,1,0,0,0,0,0,-,0,0,0,0,0,0,0,0
christo,-,-,-,-,-,-,-,-,-,-,-,-,-,-,-,-,-,-,-,-,-,-,-,-,-,-,-,-,-,0,0,-,-,-,-,-,-,-,0,-,-,-,-,-,-,1,-,-,-,-,-,-,-,-,-,-,-,-,-,-,-,-,-,-,-,-,-,-,-,-,-,-,-,-,-,-,-,-,-,-,0,-,-,-,-,-,-,-,-
de,-,-,-,-,-,-,-,-,-,-,-,-,-,-,-,-,-,-,-,-,-,-,-,-,-,-,-,-,-,1,1,-,-,-,-,-,-,-,1,-,-,-,-,-,-,0,-,-,-,-,-,-,-,-,-,-,-,-,-,-,-,-,-,-,-,-,-,-,-,-,-,-,-,-,-,-,-,-,-,-,1,-,-,-,-,-,-,-,-
indicio proignie et postea libis sius idicanit,0,0,0,0,0,0,0,0,0,0,0,0,0,0,0,0,0,0,0,0,0,0,0,0,0,0,0,0,0,0,1,0,0,0,0,0,-,0,0,0,0,0,0,0,0,-,0,0,-,0,0,0,0,0,0,0,0,0,0,0,0,0,0,0,0,-,0,0,0,0,0,0,0,0,-,0,0,0,0,0,0,0,0,0,0,0,0,0,0
ecclesia,1,1,1,1,1,1,1,1,1,1,1,1,1,1,1,1,1,1,1,1,1,1,1,1,1,1,1,1,1,1,0,1,1,1,1,1,-,1,1,1,1,1,1,1,1,-,1,1,-,1,1,1,1,1,1,1,1,1,1,1,1,1,1,1,1,-,1,1,1,1,1,1,1,1,-,1,1,1,1,1,1,1,1,1,1,1,1,1,1
prophetasset,1,1,1,1,1,1,1,1,1,1,1,1,1,1,1,1,1,1,1,1,1,-,1,1,1,1,1,1,1,1,-,1,1,1,1,1,-,1,1,1,1,1,1,1,1,1,1,1,-,1,1,1,1,1,1,-,1,1,1,0,1,1,1,1,1,1,1,1,1,1,1,1,1,1,1,1,1,1,1,1,1,1,1,1,1,1,1,1,1
prophatasset,0,0,0,0,0,0,0,0,0,0,0,0,0,0,0,0,0,0,0,0,0,-,0,0,0,0,0,0,0,0,-,0,0,0,0,0,-,0,0,0,0,0,0,0,0,0,0,0,-,0,0,0,0,0,0,-,0,0,0,1,0,0,0,0,0,0,0,0,0,0,0,0,0,0,0,0,0,0,0,0,0,0,0,0,0,0,0,0,0
et,1,1,1,1,1,1,1,1,1,1,1,1,1,1,1,1,1,1,1,1,1,1,1,1,1,1,-,1,1,1,0,1,1,-,1,1,-,1,-,1,1,1,1,1,1,1,1,1,-,1,1,1,-,1,1,-,1,1,1,1,1,1,1,1,1,1,1,1,1,1,1,1,1,1,1,1,1,1,1,1,1,1,-,1,1,1,1,1,1
et,0,0,0,0,0,0,0,0,0,0,0,0,0,0,0,0,0,0,0,0,0,0,0,0,0,0,-,0,0,0,1,0,0,-,0,0,-,0,-,0,0,0,0,0,0,0,0,0,-,0,0,0,-,0,0,-,0,0,0,0,0,0,0,0,0,0,0,0,0,0,0,0,0,0,0,0,0,0,0,0,0,0,-,0,0,0,0,0,0
eue,0,0,0,0,0,0,0,0,0,0,0,0,0,0,0,0,0,0,0,0,1,0,0,0,0,0,-,0,0,0,0,0,0,-,0,0,-,0,-,0,0,0,0,0,0,0,0,0,-,0,0,0,-,0,0,-,0,0,0,0,0,0,0,0,0,1,0,0,0,0,0,0,0,0,0,0,0,0,0,0,0,0,-,0,0,0,0,0,0
rerepta alpente lyute uultu ugineum,0,0,0,0,0,0,0,0,0,0,0,0,0,0,0,0,0,0,0,0,0,0,0,0,0,0,-,0,0,0,1,0,0,-,0,0,-,0,-,0,0,0,0,0,0,0,0,0,-,0,0,0,-,0,0,-,0,0,0,0,0,0,0,0,0,0,0,0,0,0,0,0,0,0,0,0,0,0,0,0,0,0,-,0,0,0,0,0,0
eidem,1,1,1,1,1,1,1,1,1,1,1,1,1,1,1,1,1,1,1,1,0,1,1,1,1,1,-,1,1,1,0,1,1,-,1,1,-,1,-,1,1,1,1,1,1,1,1,1,-,1,1,1,-,1,1,-,1,1,1,1,1,1,1,1,1,0,1,1,1,1,1,1,1,1,1,1,1,1,1,1,1,1,-,1,1,1,1,1,1
femine,-,-,-,-,-,-,-,-,-,-,-,-,-,-,0,-,-,1,-,-,-,-,-,1,-,-,-,-,-,-,0,-,-,0,-,-,-,-,0,-,0,-,-,-,-,-,-,0,-,-,-,-,0,-,-,-,-,-,-,-,-,-,-,-,-,-,1,-,-,-,-,-,-,0,-,-,-,-,-,-,-,-,-,-,-,-,-,-,-
miti,-,-,-,-,-,-,-,-,-,-,-,-,-,-,0,-,-,0,-,-,-,-,-,0,-,-,-,-,-,-,0,-,-,0,-,-,-,-,0,-,1,-,-,-,-,-,-,0,-,-,-,-,0,-,-,-,-,-,-,-,-,-,-,-,-,-,0,-,-,-,-,-,-,0,-,-,-,-,-,-,-,-,-,-,-,-,-,-,-
decomedendo,-,-,-,-,-,-,-,-,-,-,-,-,-,-,1,-,-,0,-,-,-,-,-,0,-,-,-,-,-,-,0,-,-,0,-,-,-,-,0,-,0,-,-,-,-,-,-,0,-,-,-,-,0,-,-,-,-,-,-,-,-,-,-,-,-,-,0,-,-,-,-,-,-,0,-,-,-,-,-,-,-,-,-,-,-,-,-,-,-
iii,-,-,-,-,-,-,-,-,-,-,-,-,-,-,0,-,-,0,-,-,-,-,-,0,-,-,-,-,-,-,0,-,-,0,-,-,-,-,0,-,0,-,-,-,-,-,-,0,-,-,-,-,0,-,-,-,-,-,-,-,-,-,-,-,-,-,0,-,-,-,-,-,-,1,-,-,-,-,-,-,-,-,-,-,-,-,-,-,-
uxori sue a serpente seducte,-,-,-,-,-,-,-,-,-,-,-,-,-,-,0,-,-,0,-,-,-,-,-,0,-,-,-,-,-,-,0,-,-,0,-,-,-,-,0,-,0,-,-,-,-,-,-,1,-,-,-,-,0,-,-,-,-,-,-,-,-,-,-,-,-,-,0,-,-,-,-,-,-,0,-,-,-,-,-,-,-,-,-,-,-,-,-,-,-
et,-,-,-,-,-,-,-,-,-,-,-,-,-,-,0,-,-,0,-,-,-,-,-,0,-,-,-,-,-,-,1,-,-,1,-,-,-,-,1,-,0,-,-,-,-,-,-,0,-,-,-,-,1,-,-,-,-,-,-,-,-,-,-,-,-,-,0,-,-,-,-,-,-,0,-,-,-,-,-,-,-,-,-,-,-,-,-,-,-
cue,-,-,-,-,-,-,-,-,-,-,-,-,-,-,-,-,-,-,-,-,-,-,-,-,-,-,-,-,-,-,0,-,-,1,-,-,-,-,0,-,-,-,-,-,-,-,-,-,-,-,-,-,0,-,-,-,-,-,-,-,-,-,-,-,-,-,-,-,-,-,-,-,-,-,-,-,-,-,-,-,-,-,-,-,-,-,-,-,-
idem,-,-,-,-,-,-,-,-,-,-,-,-,-,-,-,-,-,-,-,-,-,-,-,-,-,-,-,-,-,-,0,-,-,0,-,-,-,-,0,-,-,-,-,-,-,-,-,-,-,-,-,-,1,-,-,-,-,-,-,-,-,-,-,-,-,-,-,-,-,-,-,-,-,-,-,-,-,-,-,-,-,-,-,-,-,-,-,-,-
e,-,-,-,-,-,-,-,-,-,-,-,-,-,-,-,-,-,-,-,-,-,-,-,-,-,-,-,-,-,-,0,-,-,0,-,-,-,-,1,-,-,-,-,-,-,-,-,-,-,-,-,-,0,-,-,-,-,-,-,-,-,-,-,-,-,-,-,-,-,-,-,-,-,-,-,-,-,-,-,-,-,-,-,-,-,-,-,-,-
beta,-,-,-,-,-,-,-,-,-,-,-,-,-,-,-,-,-,-,-,-,-,-,-,-,-,-,-,-,-,-,1,-,-,0,-,-,-,-,0,-,-,-,-,-,-,-,-,-,-,-,-,-,0,-,-,-,-,-,-,-,-,-,-,-,-,-,-,-,-,-,-,-,-,-,-,-,-,-,-,-,-,-,-,-,-,-,-,-,-
de,1,1,1,1,1,1,1,1,1,1,1,1,1,1,-,1,1,1,1,1,1,1,1,1,1,1,-,1,1,1,1,1,1,1,1,1,-,-,1,1,1,1,1,1,1,1,1,1,-,1,1,1,1,1,1,-,1,1,1,1,1,1,1,1,1,1,1,1,1,1,1,1,1,1,1,1,1,1,1,1,1,1,-,1,1,1,1,1,1
pomo,-,-,-,-,-,-,-,-,-,1,-,-,-,-,-,-,-,-,-,-,-,-,-,-,-,-,-,-,-,1,-,-,-,-,-,-,-,-,-,-,-,-,-,-,-,-,-,-,-,-,-,-,-,-,-,-,-,-,-,-,-,-,-,-,-,0,-,-,-,-,-,-,-,-,1,-,-,-,-,-,-,-,-,-,-,-,-,0,-
comendo,-,-,-,-,-,-,-,-,-,0,-,-,-,-,-,-,-,-,-,-,-,-,-,-,-,-,-,-,-,0,-,-,-,-,-,-,-,-,-,-,-,-,-,-,-,-,-,-,-,-,-,-,-,-,-,-,-,-,-,-,-,-,-,-,-,0,-,-,-,-,-,-,-,-,0,-,-,-,-,-,-,-,-,-,-,-,-,1,-
comedndo,-,-,-,-,-,-,-,-,-,0,-,-,-,-,-,-,-,-,-,-,-,-,-,-,-,-,-,-,-,0,-,-,-,-,-,-,-,-,-,-,-,-,-,-,-,-,-,-,-,-,-,-,-,-,-,-,-,-,-,-,-,-,-,-,-,1,-,-,-,-,-,-,-,-,0,-,-,-,-,-,-,-,-,-,-,-,-,0,-
comedendo,1,1,1,1,1,1,1,1,1,1,1,1,1,1,-,1,1,1,1,1,1,1,1,1,1,1,-,1,1,1,1,1,1,1,1,1,-,1,1,1,1,1,1,1,1,1,1,1,-,1,1,1,1,1,1,-,1,1,1,1,1,1,1,1,1,-,1,1,1,1,1,1,1,1,1,1,1,1,1,1,1,1,-,1,1,1,1,-,1
geniiic,-,-,-,-,-,-,-,-,-,-,-,-,-,-,-,-,-,-,-,-,-,-,-,-,-,-,-,-,-,-,-,-,1,-,-,-,-,-,0,-,-,0,-,-,-,-,-,-,-,-,-,-,-,-,-,-,-,-,-,-,-,-,-,-,-,-,-,-,-,-,-,-,-,-,-,-,-,-,-,-,0,-,-,-,-,-,-,-,-
panez,-,-,-,-,-,-,-,-,-,-,-,-,-,-,-,-,-,-,-,-,-,-,-,-,-,-,-,-,-,-,-,-,0,-,-,-,-,-,0,-,-,0,-,-,-,-,-,-,-,-,-,-,-,-,-,-,-,-,-,-,-,-,-,-,-,-,-,-,-,-,-,-,-,-,-,-,-,-,-,-,1,-,-,-,-,-,-,-,-
poma,-,-,-,-,-,-,-,-,-,-,-,-,-,-,-,-,-,-,-,-,-,-,-,-,-,-,-,-,-,-,-,-,0,-,-,-,-,-,1,-,-,0,-,-,-,-,-,-,-,-,-,-,-,-,-,-,-,-,-,-,-,-,-,-,-,-,-,-,-,-,-,-,-,-,-,-,-,-,-,-,0,-,-,-,-,-,-,-,-
pomum,-,-,-,-,-,-,-,-,-,-,-,-,-,-,-,-,-,-,-,-,-,-,-,-,-,-,-,-,-,-,-,-,0,-,-,-,-,-,0,-,-,1,-,-,-,-,-,-,-,-,-,-,-,-,-,-,-,-,-,-,-,-,-,-,-,-,-,-,-,-,-,-,-,-,-,-,-,-,-,-,0,-,-,-,-,-,-,-,-
pomo,1,1,1,1,1,1,1,1,1,-,1,1,1,1,1,1,1,1,1,1,1,1,1,1,1,1,-,1,1,-,1,1,1,1,1,1,-,1,-,1,1,-,1,1,1,1,1,1,-,1,1,1,1,1,1,-,1,1,1,1,1,1,1,1,1,1,1,1,1,1,1,1,1,1,-,1,1,1,1,1,-,1,-,1,1,1,1,1,1
serisisset,0,0,0,0,0,0,0,0,0,0,0,0,-,0,0,0,0,0,0,0,0,0,0,-,0,0,-,0,0,0,0,0,0,0,0,0,-,0,0,0,1,0,0,-,0,0,0,-,-,0,0,-,-,-,-,-,0,0,-,0,-,0,0,0,0,0,0,0,0,-,-,0,0,0,-,0,0,0,0,-,-,-,-,-,-,-,0,0,0
gen iiio,0,0,0,0,0,0,0,0,0,0,0,0,-,0,0,0,0,0,0,0,0,0,0,-,0,0,-,0,0,0,0,0,0,0,0,0,-,0,0,0,0,0,0,-,0,0,0,-,-,0,0,-,-,-,-,-,0,0,-,0,-,0,0,0,0,0,0,0,0,-,-,0,0,0,-,0,1,0,0,-,-,-,-,-,-,-,0,0,0
a domino prohibito,0,0,0,0,0,0,0,0,0,0,0,0,-,0,0,0,0,0,0,0,0,0,0,-,0,0,-,1,0,0,0,0,0,0,0,0,-,0,0,0,0,0,0,-,0,0,0,-,-,0,0,-,-,-,-,-,0,1,-,0,-,0,0,0,0,0,0,0,0,-,-,0,1,0,-,0,0,0,0,-,-,-,-,-,-,-,0,0,0
acqueuisset,0,0,0,0,0,0,0,0,0,0,0,0,-,0,0,0,0,0,0,0,0,0,0,-,0,0,-,0,0,0,0,0,0,0,0,0,-,0,0,0,0,0,0,-,0,0,0,-,-,0,0,-,-,-,-,-,0,0,-,0,-,0,0,0,0,0,1,0,0,-,-,0,0,0,-,0,0,0,0,-,-,-,-,-,-,-,0,0,0
acquie uisset,0,0,0,0,0,1,0,0,0,0,0,0,-,0,0,0,0,0,0,0,0,0,0,-,0,0,-,0,0,0,0,0,0,0,0,0,-,0,0,0,0,0,0,-,0,0,0,-,-,0,0,-,-,-,-,-,0,0,-,0,-,0,0,0,0,0,0,0,0,-,-,0,0,0,-,0,0,0,0,-,-,-,-,-,-,-,0,0,0
adquieuissent,0,0,0,0,0,0,0,0,0,0,0,0,-,0,0,0,0,0,0,0,0,0,0,-,0,0,-,0,0,0,0,0,0,0,0,0,-,1,0,0,0,0,0,-,0,0,0,-,-,0,0,-,-,-,-,-,0,0,-,0,-,0,0,0,0,0,0,0,0,-,-,0,0,0,-,0,0,0,0,-,-,-,-,-,-,-,0,0,0
acq uieuisset,0,0,0,0,0,0,0,0,0,0,0,0,-,0,0,0,0,0,0,0,0,0,0,-,0,0,-,0,0,0,0,0,0,0,0,0,-,0,0,1,0,0,0,-,0,0,0,-,-,0,0,-,-,-,-,-,0,0,-,0,-,0,0,0,0,0,0,0,0,-,-,0,0,0,-,0,0,0,0,-,-,-,-,-,-,-,0,0,0
acquieuisset,1,1,1,1,1,0,1,1,1,1,1,1,-,1,1,1,1,1,1,1,0,1,1,-,1,1,-,0,1,1,1,1,1,1,1,1,-,0,1,0,0,1,1,-,1,1,1,-,-,1,1,-,-,-,-,-,1,0,-,1,-,1,1,1,1,1,0,0,1,-,-,1,0,1,-,1,0,1,1,-,-,-,-,-,-,-,1,0,1
aquieuisset,0,0,0,0,0,0,0,0,0,0,0,0,-,0,0,0,0,0,0,0,1,0,0,-,0,0,-,0,0,0,0,0,0,0,0,0,-,0,0,0,0,0,0,-,0,0,0,-,-,0,0,-,-,-,-,-,0,0,-,0,-,0,0,0,0,0,0,0,0,-,-,0,0,0,-,0,0,0,0,-,-,-,-,-,-,-,0,0,0
acquieuissit,0,0,0,0,0,0,0,0,0,0,0,0,-,0,0,0,0,0,0,0,0,0,0,-,0,0,-,0,0,0,0,0,0,0,0,0,-,0,0,0,0,0,0,-,0,0,0,-,-,0,0,-,-,-,-,-,0,0,-,0,-,0,0,0,0,0,0,0,0,-,-,0,0,0,-,0,0,0,0,-,-,-,-,-,-,-,0,1,0
eue,0,0,0,0,0,0,0,0,0,0,0,0,-,0,0,0,0,0,0,0,0,0,0,-,0,0,-,0,0,0,0,0,0,0,0,0,-,0,0,0,0,0,0,-,0,0,0,-,-,0,0,-,-,-,-,-,0,0,-,0,-,0,0,0,0,0,0,1,0,-,-,0,0,0,-,0,0,0,0,-,-,-,-,-,-,-,0,0,0
adquieuisset,-,-,-,-,-,-,-,-,-,-,-,-,1,-,-,-,-,-,-,-,-,-,-,1,-,-,-,0,-,-,-,-,-,-,-,-,-,-,-,-,-,0,-,1,-,-,-,1,-,-,-,1,1,1,1,-,-,0,1,-,1,0,-,-,-,-,-,1,-,1,1,-,0,-,0,0,0,-,-,1,-,1,-,1,0,0,-,-,-
et,-,-,-,-,-,-,-,-,-,-,-,-,0,-,-,-,-,-,-,-,-,-,-,0,-,-,-,0,-,-,-,-,-,-,-,-,-,-,-,-,-,1,-,0,-,-,-,0,-,-,-,0,0,0,0,-,-,0,0,-,0,1,-,-,-,-,-,0,-,0,0,-,0,-,0,1,0,-,-,0,-,0,-,0,0,0,-,-,-
acquieuisset,-,-,-,-,-,-,-,-,-,-,-,-,0,-,-,-,-,-,-,-,-,-,-,0,-,-,-,1,-,-,-,-,-,-,-,-,-,-,-,-,-,0,-,0,-,-,-,0,-,-,-,0,0,0,0,-,-,1,0,-,0,0,-,-,-,-,-,0,-,0,0,-,1,-,1,0,1,-,-,0,-,0,-,0,1,1,-,-,-
pro,1,1,1,1,1,1,1,1,1,1,1,1,1,1,1,1,1,1,1,1,1,1,1,1,1,1,1,0,1,1,1,-,1,1,1,1,-,1,1,1,1,1,1,1,1,1,1,1,-,1,1,1,1,1,1,-,1,1,1,1,1,-,1,1,1,1,1,1,1,1,1,1,1,1,1,1,1,1,1,1,1,1,1,1,1,1,1,1,1
propter,0,0,0,0,0,0,0,0,0,0,0,0,0,0,0,0,0,0,0,0,0,0,0,0,0,0,0,1,0,0,0,-,0,0,0,0,-,0,0,0,0,0,0,0,0,0,0,0,-,0,0,0,0,0,0,-,0,0,0,0,0,-,0,0,0,0,0,0,0,0,0,0,0,0,0,0,0,0,0,0,0,0,0,0,0,0,0,0,0
disconueniencia,0,0,0,0,0,0,0,0,0,0,0,0,0,0,0,0,0,1,0,0,0,0,0,0,0,0,0,0,0,0,0,1,0,0,0,0,-,0,0,0,0,0,0,0,0,0,0,0,-,0,0,0,0,0,0,-,0,0,0,0,0,0,0,0,0,0,0,0,0,0,0,0,0,0,0,0,0,0,0,0,0,0,0,1,0,0,0,0,0
disconenientia,0,0,0,0,0,0,0,0,0,0,0,0,0,0,0,0,0,0,0,0,0,0,0,0,0,0,0,0,0,0,0,0,0,0,0,0,-,0,0,0,0,0,0,0,0,0,0,0,-,0,0,0,0,0,0,-,0,0,0,0,0,0,0,0,0,0,0,0,0,0,0,0,0,0,0,0,0,0,0,0,0,0,0,0,0,1,0,0,0
disconueni entia,0,0,0,0,0,0,0,0,0,0,0,0,0,0,1,0,0,0,0,0,0,0,0,0,0,0,0,0,0,0,0,0,0,0,0,0,-,0,0,0,0,0,0,0,0,0,0,0,-,0,0,0,0,0,0,-,0,0,0,0,0,0,0,0,0,0,0,0,0,0,0,0,0,0,0,0,0,0,0,0,0,0,0,0,0,0,0,0,0
discon uenientia,0,0,0,0,0,0,0,0,0,0,0,0,0,0,0,0,0,0,0,0,0,0,1,0,0,0,0,0,0,0,0,0,0,0,0,0,-,0,0,0,0,0,0,0,0,0,0,0,-,0,0,0,0,0,0,-,0,0,0,0,0,0,0,0,0,0,0,0,0,0,0,0,0,0,0,0,0,0,0,0,0,0,0,0,0,0,0,0,0
disconunenientia,0,0,0,0,0,0,0,0,0,0,0,0,0,0,0,0,0,0,0,0,0,0,0,0,0,0,0,0,0,0,0,0,1,0,0,0,-,0,0,0,0,0,0,0,0,0,0,0,-,0,0,0,0,0,0,-,0,0,0,0,0,0,0,0,0,0,0,0,0,0,0,0,0,0,0,0,0,0,0,0,0,0,0,0,0,0,0,0,0
inconuenientia,0,0,0,0,0,0,0,0,0,0,0,0,0,0,0,0,0,0,0,0,0,0,0,0,0,0,0,0,0,0,0,0,0,0,0,0,-,0,0,0,0,0,0,0,0,0,0,0,-,0,0,0,0,0,0,-,0,0,0,0,0,0,0,0,0,0,0,0,0,0,0,0,0,0,0,1,0,0,0,0,0,0,0,0,1,0,0,0,0
disconcinencia insitalis,0,0,0,0,0,0,0,0,0,0,0,0,0,0,0,0,0,0,0,0,0,0,0,0,0,0,0,0,0,0,0,0,0,0,0,0,-,0,0,0,0,0,0,0,0,0,0,0,-,0,0,0,0,0,0,-,0,0,0,0,0,0,0,0,0,0,0,0,0,0,0,0,0,0,0,0,1,0,0,0,0,0,0,0,0,0,0,0,0
disconuenientiam,0,0,0,0,0,0,0,0,0,0,0,0,0,0,0,0,0,0,0,0,0,0,0,0,0,0,0,1,0,0,0,0,0,0,0,0,-,0,0,0,0,0,0,0,0,0,0,0,-,0,0,0,0,0,0,-,0,1,0,0,0,0,0,0,0,0,0,0,0,0,0,0,1,0,0,0,0,0,0,0,0,0,0,0,0,0,0,0,0
disconuenentia,0,0,0,0,0,0,1,0,0,0,0,0,0,0,0,0,0,0,0,0,0,0,0,0,0,0,0,0,0,0,0,0,0,0,0,0,-,0,0,0,0,0,0,0,0,0,0,0,-,0,0,0,0,0,0,-,0,0,0,0,0,0,0,0,0,0,0,0,0,0,0,0,0,0,0,0,0,0,0,0,0,0,0,0,0,0,0,0,0
disconuenieniam,0,0,0,0,0,0,0,0,0,0,0,0,0,0,0,0,0,0,0,0,0,0,0,0,0,0,0,0,0,0,0,0,0,0,0,0,-,0,0,0,0,0,0,0,0,0,0,0,-,0,0,0,0,0,0,-,0,0,0,0,0,0,0,0,0,0,0,0,0,0,0,0,0,0,1,0,0,0,0,0,0,0,0,0,0,0,0,0,0
disconuenientia,1,1,1,1,1,1,0,1,1,1,1,0,1,1,0,1,1,0,1,1,1,1,0,1,1,1,1,0,1,1,1,0,0,1,1,1,-,1,1,1,1,1,1,1,1,1,1,1,-,1,1,1,1,1,1,-,1,0,1,1,1,1,1,1,1,1,1,1,1,1,1,1,0,1,0,0,0,1,1,1,1,1,1,0,0,0,1,1,1
disconue nientiam,0,0,0,0,0,0,0,0,0,0,0,1,0,0,0,0,0,0,0,0,0,0,0,0,0,0,0,0,0,0,0,0,0,0,0,0,-,0,0,0,0,0,0,0,0,0,0,0,-,0,0,0,0,0,0,-,0,0,0,0,0,0,0,0,0,0,0,0,0,0,0,0,0,0,0,0,0,0,0,0,0,0,0,0,0,0,0,0,0
nuditus,0,0,0,0,0,0,0,0,0,0,0,0,0,0,0,0,0,0,0,0,0,0,0,0,0,0,0,0,0,0,0,0,0,0,0,0,-,0,0,0,0,0,0,0,0,0,0,0,-,0,0,0,0,1,0,0,0,0,0,0,0,0,0,0,0,0,0,0,0,0,0,0,0,0,0,0,-,0,0,0,0,0,0,0,0,0,0,0,0
nudatus,0,0,0,0,1,0,0,0,0,0,0,0,0,0,0,0,0,0,0,0,0,0,0,0,0,0,0,0,0,0,0,0,0,0,0,0,-,0,0,0,0,0,0,0,0,0,0,0,-,0,0,0,0,0,0,0,0,0,0,0,0,0,0,0,0,0,0,0,0,0,0,0,0,0,0,0,-,0,0,0,0,0,0,0,0,0,0,0,0
nuditatis,0,1,1,1,0,1,1,1,1,1,1,1,1,1,1,1,1,1,1,1,1,1,1,1,1,1,1,1,1,1,1,1,1,1,1,1,-,1,1,1,1,1,1,1,1,1,1,1,-,1,1,1,1,0,1,1,1,1,1,1,1,1,1,1,1,1,1,1,1,1,1,1,1,1,1,1,-,1,1,1,1,1,1,1,1,1,1,1,1
auditatis,1,0,0,0,0,0,0,0,0,0,0,0,0,0,0,0,0,0,0,0,0,0,0,0,0,0,0,0,0,0,0,0,0,0,0,0,-,0,0,0,0,0,0,0,0,0,0,0,-,0,0,0,0,0,0,0,0,0,0,0,0,0,0,0,0,0,0,0,0,0,0,0,0,0,0,0,-,0,0,0,0,0,0,0,0,0,0,0,0
sua,-,-,-,-,-,-,-,-,-,-,-,-,-,-,-,-,-,0,-,-,-,-,-,-,-,-,-,0,-,-,-,-,-,-,-,-,-,-,-,-,-,-,-,-,-,-,-,-,-,-,-,-,0,-,-,-,-,1,-,-,-,-,-,-,-,-,0,-,-,-,-,-,0,-,0,-,-,-,-,-,-,-,-,-,-,-,-,0,-
facte,-,-,-,-,-,-,-,-,-,-,-,-,-,-,-,-,-,0,-,-,-,-,-,-,-,-,-,1,-,-,-,-,-,-,-,-,-,-,-,-,-,-,-,-,-,-,-,-,-,-,-,-,0,-,-,-,-,0,-,-,-,-,-,-,-,-,0,-,-,-,-,-,0,-,1,-,-,-,-,-,-,-,-,-,-,-,-,0,-
factus,-,-,-,-,-,-,-,-,-,-,-,-,-,-,-,-,-,0,-,-,-,-,-,-,-,-,-,0,-,-,-,-,-,-,-,-,-,-,-,-,-,-,-,-,-,-,-,-,-,-,-,-,1,-,-,-,-,0,-,-,-,-,-,-,-,-,0,-,-,-,-,-,0,-,0,-,-,-,-,-,-,-,-,-,-,-,-,0,-
pery zomatibus,-,-,-,-,-,-,-,-,-,-,-,-,-,-,-,-,-,0,-,-,-,-,-,-,-,-,-,0,-,-,-,-,-,-,-,-,-,-,-,-,-,-,-,-,-,-,-,-,-,-,-,-,0,-,-,-,-,0,-,-,-,-,-,-,-,-,0,-,-,-,-,-,0,-,0,-,-,-,-,-,-,-,-,-,-,-,-,1,-
sue,-,-,-,-,-,-,-,-,-,-,-,-,-,-,-,-,-,1,-,-,-,-,-,-,-,-,-,0,-,-,-,-,-,-,-,-,-,-,-,-,-,-,-,-,-,-,-,-,-,-,-,-,0,-,-,-,-,0,-,-,-,-,-,-,-,-,1,-,-,-,-,-,1,-,0,-,-,-,-,-,-,-,-,-,-,-,-,0,-
statim agnite,-,-,-,-,-,-,-,-,-,-,-,-,-,-,-,-,-,1,-,-,-,-,-,-,-,-,-,-,-,-,-,-,-,-,-,-,-,-,-,-,-,-,-,-,-,-,-,-,-,-,-,-,-,-,-,-,-,-,-,-,-,-,-,-,-,-,1,-,-,-,-,-,-,-,-,-,-,-,-,-,-,-,-,-,-,-,-,-,-
factis,1,1,1,1,1,1,1,1,1,1,1,1,1,1,1,1,1,1,1,1,1,-,1,1,1,1,-,1,1,1,1,1,1,1,1,1,-,1,1,1,1,1,1,1,1,1,1,1,-,1,1,1,-,1,1,1,1,1,1,1,1,1,1,1,1,1,1,1,1,1,1,1,1,1,-,1,1,1,1,1,1,1,1,1,1,1,1,1,1
est,0,-,-,-,-,0,0,-,-,0,-,-,0,-,-,-,-,0,-,-,0,-,-,-,-,-,-,1,0,-,-,-,-,0,-,-,-,-,-,-,-,-,0,-,-,0,-,-,-,0,-,0,-,-,-,-,0,-,-,-,-,-,-,-,-,-,-,-,0,-,-,-,0,-,0,-,0,0,-,-,-,-,-,0,-,0,-,-,-
parizomatibus,0,-,-,-,-,0,0,-,-,0,-,-,0,-,-,-,-,0,-,-,0,-,-,-,-,-,-,0,0,-,-,-,-,0,-,-,-,-,-,-,-,-,0,-,-,0,-,-,-,0,-,0,-,-,-,-,0,-,-,-,-,-,-,-,-,-,-,-,1,-,-,-,0,-,0,-,0,0,-,-,-,-,-,0,-,0,-,-,-
peryzhomatibus,0,-,-,-,-,0,0,-,-,1,-,-,0,-,-,-,-,0,-,-,0,-,-,-,-,-,-,0,0,-,-,-,-,0,-,-,-,-,-,-,-,-,0,-,-,0,-,-,-,0,-,0,-,-,-,-,0,-,-,-,-,-,-,-,-,-,-,-,0,-,-,-,0,-,0,-,0,0,-,-,-,-,-,0,-,0,-,-,-
perizom atibus,0,-,-,-,-,1,0,-,-,0,-,-,0,-,-,-,-,0,-,-,0,-,-,-,-,-,-,0,0,-,-,-,-,0,-,-,-,-,-,-,-,-,0,-,-,0,-,-,-,0,-,0,-,-,-,-,0,-,-,-,-,-,-,-,-,-,-,-,0,-,-,-,0,-,0,-,0,0,-,-,-,-,-,0,-,0,-,-,-
perysomatibus,0,-,-,-,-,0,0,-,-,0,-,-,0,-,-,-,-,0,-,-,0,-,-,-,-,-,-,0,0,-,-,-,-,0,-,-,-,-,-,-,-,-,0,-,-,0,-,-,-,1,-,0,-,-,-,-,0,-,-,-,-,-,-,-,-,-,-,-,0,-,-,-,0,-,0,-,0,0,-,-,-,-,-,1,-,0,-,-,-
peryzomatibus,1,-,-,-,-,0,1,-,-,0,-,-,1,-,-,-,-,0,-,-,0,-,-,-,-,-,-,0,1,-,-,-,-,0,-,-,-,-,-,-,-,-,1,-,-,1,-,-,-,0,-,1,-,-,-,-,0,-,-,-,-,-,-,-,-,-,-,-,0,-,-,-,0,-,1,-,0,1,-,-,-,-,-,0,-,0,-,-,-
periozomatibus,0,-,-,-,-,0,0,-,-,0,-,-,0,-,-,-,-,1,-,-,0,-,-,-,-,-,-,0,0,-,-,-,-,0,-,-,-,-,-,-,-,-,0,-,-,0,-,-,-,0,-,0,-,-,-,-,0,-,-,-,-,-,-,-,-,-,-,-,0,-,-,-,0,-,0,-,0,0,-,-,-,-,-,0,-,0,-,-,-
perizoma matibus,0,-,-,-,-,0,0,-,-,0,-,-,0,-,-,-,-,0,-,-,0,-,-,-,-,-,-,0,0,-,-,-,-,0,-,-,-,-,-,-,-,-,0,-,-,0,-,-,-,0,-,0,-,-,-,-,0,-,-,-,-,-,-,-,-,-,-,-,0,-,-,-,0,-,0,-,0,0,-,-,-,-,-,0,-,1,-,-,-
sibi,0,-,-,-,-,0,0,-,-,0,-,-,0,-,-,-,-,0,-,-,0,-,-,-,-,-,-,0,0,-,-,-,-,0,-,-,-,-,-,-,-,-,0,-,-,0,-,-,-,0,-,0,-,-,-,-,0,-,-,-,-,-,-,-,-,-,-,-,0,-,-,-,1,-,0,-,0,0,-,-,-,-,-,0,-,0,-,-,-
perisomatibus,0,-,-,-,-,0,0,-,-,0,-,-,0,-,-,-,-,0,-,-,1,-,-,-,-,-,-,0,0,-,-,-,-,1,-,-,-,-,-,-,-,-,0,-,-,0,-,-,-,0,-,0,-,-,-,-,1,-,-,-,-,-,-,-,-,-,-,-,0,-,-,-,0,-,0,-,1,0,-,-,-,-,-,0,-,0,-,-,-
perizomatibus,-,1,1,1,1,-,-,1,1,-,1,1,-,1,1,1,1,-,1,1,-,1,1,1,1,1,1,1,-,0,1,1,1,-,1,1,-,1,0,1,1,1,-,1,1,-,1,1,-,-,1,-,1,1,1,1,-,-,1,1,1,1,1,1,1,1,1,1,-,1,1,1,1,1,-,1,-,-,-,1,1,1,1,-,1,-,1,-,1
perizomatibus,-,0,0,0,0,-,-,0,0,-,0,0,-,0,0,0,0,-,0,0,-,0,0,0,0,0,0,0,-,1,0,0,0,-,0,0,-,0,1,0,0,0,-,0,0,-,0,0,-,-,0,-,0,0,0,0,-,-,0,0,0,0,0,0,0,0,0,0,-,0,0,0,0,0,-,0,-,-,-,0,0,0,0,-,0,-,0,-,0
de,-,-,-,-,-,-,-,-,-,-,-,-,-,-,-,-,-,1,-,-,-,-,-,-,-,-,-,1,-,-,0,-,0,-,-,-,-,-,-,-,-,-,-,-,0,-,-,-,-,-,-,-,0,-,-,-,-,-,-,-,-,-,-,-,0,-,1,-,-,-,-,-,1,-,-,-,-,-,-,-,0,-,-,-,-,-,-,-,-
a deo,-,-,-,-,-,-,-,-,-,-,-,-,-,-,-,-,-,0,-,-,-,-,-,-,-,-,-,0,-,-,0,-,0,-,-,-,-,-,-,-,-,-,-,-,1,-,-,-,-,-,-,-,1,-,-,-,-,-,-,-,-,-,-,-,1,-,0,-,-,-,-,-,0,-,-,-,-,-,-,-,0,-,-,-,-,-,-,-,-
qi,-,-,-,-,-,-,-,-,-,-,-,-,-,-,-,-,-,0,-,-,-,-,-,-,-,-,-,0,-,-,0,-,1,-,-,-,-,-,-,-,-,-,-,-,0,-,-,-,-,-,-,-,0,-,-,-,-,-,-,-,-,-,-,-,0,-,0,-,-,-,-,-,0,-,-,-,-,-,-,-,0,-,-,-,-,-,-,-,-
s,-,-,-,-,-,-,-,-,-,-,-,-,-,-,-,-,-,0,-,-,-,-,-,-,-,-,-,0,-,-,1,-,0,-,-,-,-,-,-,-,-,-,-,-,0,-,-,-,-,-,-,-,0,-,-,-,-,-,-,-,-,-,-,-,0,-,0,-,-,-,-,-,0,-,-,-,-,-,-,-,0,-,-,-,-,-,-,-,-
da,-,-,-,-,-,-,-,-,-,-,-,-,-,-,-,-,-,0,-,-,-,-,-,-,-,-,-,0,-,-,0,-,0,-,-,-,-,-,-,-,-,-,-,-,0,-,-,-,-,-,-,-,0,-,-,-,-,-,-,-,-,-,-,-,0,-,0,-,-,-,-,-,0,-,-,-,-,-,-,-,1,-,-,-,-,-,-,-,-
post increpationem,-,-,-,-,-,-,-,-,-,-,-,-,-,-,-,-,-,0,-,-,-,-,-,-,-,-,-,0,-,-,-,-,-,-,-,-,-,-,-,-,-,-,-,-,1,-,-,-,-,-,-,-,-,-,-,-,-,-,-,-,-,-,-,-,1,-,0,-,-,-,-,-,0,-,-,-,-,-,-,-,-,-,-,-,-,-,-,-,-
folus suum,-,-,-,-,-,-,-,-,-,-,-,-,-,-,-,-,-,0,-,-,-,-,-,-,-,-,-,0,-,-,-,-,-,-,-,-,-,-,-,-,-,-,-,-,0,-,-,-,-,-,-,-,-,-,-,-,-,-,-,-,-,-,-,-,0,-,0,-,-,-,-,-,1,-,-,-,-,-,-,-,-,-,-,-,-,-,-,-,-
foliis ficus,-,-,-,-,-,-,-,-,-,-,-,-,-,-,-,-,-,1,-,-,-,-,-,-,-,-,-,1,-,-,-,-,-,-,-,-,-,-,-,-,-,-,-,-,0,-,-,-,-,-,-,-,-,-,-,-,-,-,-,-,-,-,-,-,0,-,1,-,-,-,-,-,0,-,-,-,-,-,-,-,-,-,-,-,-,-,-,-,-
de,-,-,-,-,-,-,-,-,-,-,-,-,-,-,-,-,-,-,-,-,-,-,-,-,-,-,-,1,-,-,1,-,-,-,-,-,-,-,-,-,-,-,-,-,-,-,-,-,-,-,-,-,-,-,-,-,-,-,-,-,-,-,-,-,-,-,-,-,-,-,-,-,1,-,-,-,-,-,-,-,-,-,-,-,-,-,-,-,-
paradiso cum ea,-,-,-,-,-,-,-,-,-,-,-,-,-,-,-,-,-,-,-,-,-,-,-,-,-,-,-,1,-,-,0,-,-,-,-,-,-,-,-,-,-,-,-,-,-,-,-,-,-,-,-,-,-,-,-,-,-,-,-,-,-,-,-,-,-,-,-,-,-,-,-,-,1,-,-,-,-,-,-,-,-,-,-,-,-,-,-,-,-
polys fratrem,-,-,-,-,-,-,-,-,-,-,-,-,-,-,-,-,-,-,-,-,-,-,-,-,-,-,-,0,-,-,1,-,-,-,-,-,-,-,-,-,-,-,-,-,-,-,-,-,-,-,-,-,-,-,-,-,-,-,-,-,-,-,-,-,-,-,-,-,-,-,-,-,0,-,-,-,-,-,-,-,-,-,-,-,-,-,-,-,-
a domino,1,1,1,1,1,1,1,1,1,1,1,1,1,1,1,1,1,1,1,1,1,1,1,1,1,1,1,1,1,1,1,1,1,1,1,1,-,1,-,1,1,1,-,1,-,1,1,1,-,1,1,1,-,1,1,1,1,-,1,1,1,1,1,1,-,1,1,1,1,1,1,1,1,1,1,1,1,1,1,1,-,1,1,1,1,1,1,1,1
perizomatibus,0,0,0,0,-,0,0,0,-,0,0,0,0,0,0,0,0,0,0,0,0,0,0,0,-,0,0,0,0,0,0,0,0,0,0,0,-,0,0,0,0,0,-,-,0,0,0,0,-,0,0,0,0,0,0,0,0,-,0,0,0,0,0,0,0,0,0,0,0,0,0,0,0,0,0,0,0,0,1,0,-,0,0,0,0,0,0,0,-
de,1,1,1,1,-,1,1,1,-,1,1,1,1,1,1,1,1,1,1,1,1,1,1,1,-,1,1,0,1,1,1,1,1,1,1,1,-,1,1,1,1,1,-,-,1,1,1,1,-,1,1,1,1,1,1,1,1,-,1,1,1,1,1,1,1,1,1,1,1,1,1,1,0,1,1,1,1,1,0,1,-,1,1,1,1,1,1,1,-
est,0,0,0,0,-,0,0,0,-,0,0,0,0,0,0,0,0,0,0,0,0,0,0,0,-,0,0,1,0,0,0,0,0,0,0,0,-,0,0,0,0,0,-,-,0,0,0,0,-,0,0,0,0,0,0,0,0,-,0,0,0,0,0,0,0,0,0,0,0,0,0,0,1,0,0,0,0,0,0,0,-,0,0,0,0,0,0,0,-
eictus,0,0,0,0,0,0,0,0,0,0,0,0,0,0,0,0,0,0,0,0,0,0,0,0,0,0,0,-,0,0,0,0,0,0,0,0,-,0,0,0,0,0,-,0,0,0,0,0,-,0,0,0,0,0,0,0,0,-,0,0,0,0,0,0,0,0,0,0,0,0,0,0,1,0,0,0,0,0,-,0,0,0,0,0,0,0,0,0,0
paradyso,0,1,0,0,0,1,0,0,0,1,0,0,0,0,0,0,1,0,0,1,0,0,1,0,1,0,0,-,1,0,1,0,0,0,1,0,-,0,1,0,1,1,-,1,0,0,0,0,-,1,0,0,0,1,0,0,0,-,0,0,0,0,0,0,0,0,1,0,0,1,1,1,0,0,0,0,0,0,-,0,0,0,0,0,0,0,0,1,0
paradiso,1,0,1,1,1,0,1,1,1,0,1,1,1,1,1,1,0,1,1,0,1,1,0,1,0,1,1,-,0,1,0,1,1,1,0,1,-,1,0,1,0,0,-,0,1,0,0,0,-,0,1,1,1,0,1,1,1,-,1,1,1,1,1,1,1,1,0,1,1,0,0,0,0,1,1,1,1,1,-,1,1,1,1,1,1,1,1,0,1
pardiso,0,0,0,0,0,0,0,0,0,0,0,0,0,0,0,0,0,0,0,0,0,0,0,0,0,0,0,-,0,0,0,0,0,0,0,0,-,0,0,0,0,0,-,0,0,1,0,0,-,0,0,0,0,0,0,0,0,-,0,0,0,0,0,0,0,0,0,0,0,0,0,0,0,0,0,0,0,0,-,0,0,0,0,0,0,0,0,0,0
paradisso,0,0,0,0,0,0,0,0,0,0,0,0,0,0,0,0,0,0,0,0,0,0,0,0,0,0,0,-,0,0,0,0,0,0,0,0,-,0,0,0,0,0,-,0,0,0,1,0,-,0,0,0,0,0,0,0,0,-,0,0,0,0,0,0,0,0,0,0,0,0,0,0,0,0,0,0,0,0,-,0,0,0,0,0,0,0,0,0,0
para diso,0,0,0,0,0,0,0,0,0,0,0,0,0,0,0,0,0,0,0,0,0,0,0,0,0,0,0,-,0,0,0,0,0,0,0,0,-,0,0,0,0,0,-,0,0,0,0,1,-,0,0,0,0,0,0,0,0,-,0,0,0,0,0,0,0,0,0,0,0,0,0,0,0,0,0,0,0,0,-,0,0,0,0,0,0,0,0,0,0
collatis,-,-,-,-,-,-,-,-,-,-,-,-,-,-,-,-,-,0,-,-,1,-,-,-,-,-,-,0,0,-,-,-,0,-,-,-,-,-,-,-,-,-,-,-,0,-,-,-,-,-,-,-,-,-,-,-,-,-,-,-,-,-,-,-,0,-,0,-,0,-,-,-,0,-,-,-,0,0,-,-,-,-,-,-,-,0,1,-,-
merat,-,-,-,-,-,-,-,-,-,-,-,-,-,-,-,-,-,0,-,-,0,-,-,-,-,-,-,0,0,-,-,-,1,-,-,-,-,-,-,-,-,-,-,-,0,-,-,-,-,-,-,-,-,-,-,-,-,-,-,-,-,-,-,-,0,-,0,-,0,-,-,-,0,-,-,-,0,0,-,-,-,-,-,-,-,0,0,-,-
colloquatis,-,-,-,-,-,-,-,-,-,-,-,-,-,-,-,-,-,0,-,-,0,-,-,-,-,-,-,0,0,-,-,-,0,-,-,-,-,-,-,-,-,-,-,-,0,-,-,-,-,-,-,-,-,-,-,-,-,-,-,-,-,-,-,-,0,-,0,-,0,-,-,-,0,-,-,-,0,1,-,-,-,-,-,-,-,0,0,-,-
collogatis,-,-,-,-,-,-,-,-,-,-,-,-,-,-,-,-,-,0,-,-,0,-,-,-,-,-,-,0,0,-,-,-,0,-,-,-,-,-,-,-,-,-,-,-,0,-,-,-,-,-,-,-,-,-,-,-,-,-,-,-,-,-,-,-,0,-,0,-,0,-,-,-,0,-,-,-,0,0,-,-,-,-,-,-,-,1,0,-,-
colloca,-,-,-,-,-,-,-,-,-,-,-,-,-,-,-,-,-,0,-,-,0,-,-,-,-,-,-,0,1,-,-,-,0,-,-,-,-,-,-,-,-,-,-,-,0,-,-,-,-,-,-,-,-,-,-,-,-,-,-,-,-,-,-,-,0,-,0,-,0,-,-,-,0,-,-,-,0,0,-,-,-,-,-,-,-,0,0,-,-
collocatuscherubin,-,-,-,-,-,-,-,-,-,-,-,-,-,-,-,-,-,0,-,-,0,-,-,-,-,-,-,0,0,-,-,-,0,-,-,-,-,-,-,-,-,-,-,-,0,-,-,-,-,-,-,-,-,-,-,-,-,-,-,-,-,-,-,-,0,-,0,-,0,-,-,-,0,-,-,-,1,0,-,-,-,-,-,-,-,0,0,-,-
eiectus,-,-,-,-,-,-,-,-,-,-,-,-,-,-,-,-,-,1,-,-,0,-,-,-,-,-,-,1,0,-,-,-,0,-,-,-,-,-,-,-,-,-,-,-,1,-,-,-,-,-,-,-,-,-,-,-,-,-,-,-,-,-,-,-,1,-,1,-,0,-,-,-,1,-,-,-,0,0,-,-,-,-,-,-,-,0,0,-,-
colocatis,-,-,-,-,-,-,-,-,-,-,-,-,-,-,-,-,-,0,-,-,0,-,-,-,-,-,-,0,0,-,-,-,0,-,-,-,-,-,-,-,-,-,-,-,0,-,-,-,-,-,-,-,-,-,-,-,-,-,-,-,-,-,-,-,0,-,0,-,1,-,-,-,0,-,-,-,0,0,-,-,-,-,-,-,-,0,0,-,-
tis,-,-,-,-,-,-,-,-,-,-,-,-,-,-,-,-,-,0,-,-,-,-,-,-,-,-,-,0,1,-,-,-,-,-,-,-,-,-,-,-,-,-,-,-,0,-,-,-,-,-,-,-,-,0,-,-,-,0,-,-,-,-,-,-,0,-,0,-,-,-,-,-,0,-,-,-,-,-,-,-,-,-,-,-,-,-,1,-,-
collocato,-,-,-,-,-,-,-,-,-,-,-,-,-,-,-,-,-,0,-,-,-,-,-,-,-,-,-,0,0,-,-,-,-,-,-,-,-,-,-,-,-,-,-,-,1,-,-,-,-,-,-,-,-,0,-,-,-,0,-,-,-,-,-,-,1,-,0,-,-,-,-,-,0,-,-,-,-,-,-,-,-,-,-,-,-,-,0,-,-
post increpationem,-,-,-,-,-,-,-,-,-,-,-,-,-,-,-,-,-,1,-,-,-,-,-,-,-,-,-,0,0,-,-,-,-,-,-,-,-,-,-,-,-,-,-,-,0,-,-,-,-,-,-,-,-,1,-,-,-,0,-,-,-,-,-,-,0,-,1,-,-,-,-,-,0,-,-,-,-,-,-,-,-,-,-,-,-,-,0,-,-
et ante paradisi,-,-,-,-,-,-,-,-,-,-,-,-,-,-,-,-,-,0,-,-,-,-,-,-,-,-,-,1,0,-,-,-,-,-,-,-,-,-,-,-,-,-,-,-,0,-,-,-,-,-,-,-,-,0,-,-,-,1,-,-,-,-,-,-,0,-,0,-,-,-,-,-,1,-,-,-,-,-,-,-,-,-,-,-,-,-,0,-,-
portam,0,0,0,0,0,0,0,0,0,0,0,0,0,0,0,0,0,0,0,0,-,0,0,0,0,0,0,1,-,0,0,0,0,0,0,0,-,0,0,0,0,0,0,0,-,0,0,0,-,0,0,0,0,0,0,0,0,0,0,0,-,0,0,0,-,0,0,0,-,0,0,0,0,0,0,0,-,-,0,0,0,0,0,0,0,-,-,0,0
collocatis,1,1,1,1,1,1,1,1,1,1,1,1,1,1,1,1,1,1,1,1,-,1,1,1,1,1,1,0,-,1,1,1,1,1,1,1,-,1,1,1,1,1,1,1,-,1,1,1,-,1,1,1,1,1,1,1,1,0,1,1,-,1,1,1,-,1,1,1,-,1,1,1,0,1,1,1,-,-,1,1,1,1,1,1,1,-,-,1,1
post tam,0,0,0,0,0,0,0,0,0,0,0,0,0,0,0,0,0,0,0,0,-,0,0,0,0,0,0,0,-,0,0,0,0,0,0,0,-,0,0,0,0,0,0,0,-,0,0,0,-,0,0,0,0,0,0,0,0,1,0,0,-,0,0,0,-,0,0,0,-,0,0,0,0,0,0,0,-,-,0,0,0,0,0,0,0,-,-,0,0
postquam,0,0,0,0,0,0,0,0,0,0,0,0,0,0,0,0,0,0,0,0,-,0,0,0,0,0,0,0,-,0,0,0,0,0,0,0,-,0,0,0,0,0,0,0,-,0,0,0,-,0,0,0,0,0,0,0,0,0,0,0,-,0,0,0,-,0,0,0,-,0,0,0,1,0,0,0,-,-,0,0,0,0,0,0,0,-,-,0,0
cherubyn,1,-,-,1,-,0,-,-,1,-,-,-,-,-,-,-,-,0,0,1,-,-,0,-,1,-,0,1,-,-,-,-,-,-,-,1,-,0,0,-,-,0,-,-,-,-,-,0,-,-,-,0,0,-,-,-,-,1,1,-,-,0,-,-,-,-,0,-,1,1,-,-,-,1,1,-,-,-,0,-,-,-,-,-,-,-,-,-,-
cherubym,0,-,-,0,-,1,-,-,0,-,-,-,-,-,-,-,-,0,0,0,-,-,1,-,0,-,1,0,-,-,-,-,-,-,-,0,-,0,1,-,-,0,-,-,-,-,-,0,-,-,-,0,0,-,-,-,-,0,0,-,-,1,-,-,-,-,0,-,0,0,-,-,-,0,0,-,-,-,0,-,-,-,-,-,-,-,-,-,-
cheru,0,-,-,0,-,0,-,-,0,-,-,-,-,-,-,-,-,0,0,0,-,-,0,-,0,-,0,0,-,-,-,-,-,-,-,0,-,1,0,-,-,0,-,-,-,-,-,0,-,-,-,0,0,-,-,-,-,0,0,-,-,0,-,-,-,-,0,-,0,0,-,-,-,0,0,-,-,-,0,-,-,-,-,-,-,-,-,-,-
an,0,-,-,0,-,0,-,-,0,-,-,-,-,-,-,-,-,0,0,0,-,-,0,-,0,-,0,0,-,-,-,-,-,-,-,0,-,0,0,-,-,0,-,-,-,-,-,0,-,-,-,0,1,-,-,-,-,0,0,-,-,0,-,-,-,-,0,-,0,0,-,-,-,0,0,-,-,-,0,-,-,-,-,-,-,-,-,-,-
cherubim,0,-,-,0,-,0,-,-,0,-,-,-,-,-,-,-,-,0,1,0,-,-,0,-,0,-,0,0,-,-,-,-,-,-,-,0,-,0,0,-,-,1,-,-,-,-,-,1,-,-,-,1,0,-,-,-,-,0,0,-,-,0,-,-,-,-,0,-,0,0,-,-,-,0,0,-,-,-,0,-,-,-,-,-,-,-,-,-,-
in,0,-,-,0,-,0,-,-,0,-,-,-,-,-,-,-,-,1,0,0,-,-,0,-,0,-,0,0,-,-,-,-,-,-,-,0,-,0,0,-,-,0,-,-,-,-,-,0,-,-,-,0,0,-,-,-,-,0,0,-,-,0,-,-,-,-,1,-,0,0,-,-,-,0,0,-,-,-,1,-,-,-,-,-,-,-,-,-,-
cherubin,-,1,1,-,1,-,1,1,-,1,1,1,1,1,1,1,1,0,-,-,1,1,-,1,-,1,-,0,1,1,1,1,1,1,-,-,-,-,-,1,1,-,1,1,1,1,1,-,-,1,1,-,1,1,1,1,1,-,-,-,-,-,-,-,-,-,0,-,-,-,-,-,-,-,-,-,-,-,0,-,-,-,-,-,-,-,-,-,-
aditu,-,0,0,-,0,-,0,0,-,0,0,0,0,0,0,0,0,1,-,-,0,0,-,0,-,0,-,0,0,0,0,0,0,0,-,-,-,-,-,0,0,-,0,0,0,0,0,-,-,0,0,-,0,0,0,0,0,-,-,-,-,-,-,-,-,-,1,-,-,-,-,-,-,-,-,-,-,-,0,-,-,-,-,-,-,-,-,-,-
frli ecclesia,-,0,0,-,0,-,0,0,-,0,0,0,0,0,0,0,0,0,-,-,0,0,-,0,-,0,-,0,0,0,0,0,0,0,-,-,-,-,-,0,0,-,0,0,0,0,0,-,-,0,0,-,0,0,0,0,0,-,-,-,-,-,-,-,-,-,0,-,-,-,-,-,-,-,-,-,-,-,1,-,-,-,-,-,-,-,-,-,-
cum,-,0,0,-,0,-,0,0,-,0,0,0,0,0,0,0,0,0,-,-,0,0,-,0,-,0,-,1,0,0,0,0,0,0,-,-,-,-,-,0,0,-,0,0,0,0,0,-,-,0,0,-,0,0,0,0,0,-,-,-,-,-,-,-,-,-,0,-,-,-,-,-,-,-,-,-,-,-,0,-,-,-,-,-,-,-,-,-,-
cherubin,-,-,-,-,-,-,-,-,-,-,-,-,-,-,-,-,-,1,-,-,-,-,-,-,-,-,-,-,-,0,-,-,-,-,1,-,-,-,-,-,-,-,-,-,-,-,-,-,-,-,-,-,-,-,-,-,-,-,-,1,-,-,1,1,1,1,0,1,-,-,1,0,1,-,-,1,-,1,1,1,1,1,1,1,1,1,0,1,1
a,-,-,-,-,-,-,-,-,-,-,-,-,-,-,-,-,-,0,-,-,-,-,-,-,-,-,-,-,-,1,-,-,-,-,0,-,-,-,-,-,-,-,-,-,-,-,-,-,-,-,-,-,-,-,-,-,-,-,-,0,-,-,0,0,0,0,0,0,-,-,0,0,0,-,-,0,-,0,0,0,0,0,0,0,0,0,0,0,0
cherubim,-,-,-,-,-,-,-,-,-,-,-,-,-,-,-,-,-,0,-,-,-,-,-,-,-,-,-,-,-,0,-,-,-,-,0,-,-,-,-,-,-,-,-,-,-,-,-,-,-,-,-,-,-,-,-,-,-,-,-,0,-,-,0,0,0,0,1,0,-,-,0,1,0,-,-,0,-,0,0,0,0,0,0,0,0,0,1,0,0
et,1,1,1,1,1,1,1,1,1,1,1,1,1,1,-,1,1,0,1,1,1,1,1,1,1,1,1,-,1,-,1,1,1,1,-,1,-,1,1,1,1,1,1,1,1,1,1,1,-,1,1,1,1,1,1,1,1,1,1,1,-,1,1,1,1,1,0,1,1,1,1,1,0,1,1,1,0,1,1,1,1,1,1,-,1,1,1,1,1
cum,0,0,0,0,0,0,0,0,0,0,0,0,0,0,-,0,0,1,0,0,0,0,0,0,0,0,0,-,0,-,0,0,0,0,-,0,-,0,0,0,0,0,0,0,0,0,0,0,-,0,0,0,0,0,0,0,0,0,0,0,-,0,0,0,0,0,1,0,0,0,0,0,1,0,0,0,1,0,0,0,0,0,0,-,0,0,0,0,0
flammeo,0,1,1,1,1,0,1,1,1,1,1,1,1,1,1,1,1,-,1,-,1,1,1,1,1,1,1,1,1,1,1,1,1,1,1,1,-,0,1,1,1,0,1,1,1,1,1,1,-,1,1,1,1,1,1,1,1,1,1,1,-,1,0,1,1,1,-,1,1,1,1,1,1,1,1,1,0,1,1,1,1,1,1,1,1,1,0,1,1
flameo,1,0,0,0,0,0,0,0,0,0,0,0,0,0,0,0,0,-,0,-,0,0,0,0,0,0,0,0,0,0,0,0,0,0,0,0,-,1,0,0,0,1,0,0,0,0,0,0,-,0,0,0,0,0,0,0,0,0,0,0,-,0,0,0,0,0,-,0,0,0,0,0,0,0,0,0,1,0,0,0,0,0,0,0,0,0,1,0,0
flam meo,0,0,0,0,0,1,0,0,0,0,0,0,0,0,0,0,0,-,0,-,0,0,0,0,0,0,0,0,0,0,0,0,0,0,0,0,-,0,0,0,0,0,0,0,0,0,0,0,-,0,0,0,0,0,0,0,0,0,0,0,-,0,0,0,0,0,-,0,0,0,0,0,0,0,0,0,0,0,0,0,0,0,0,0,0,0,0,0,0
flammimeo,0,0,0,0,0,0,0,0,0,0,0,0,0,0,0,0,0,-,0,-,0,0,0,0,0,0,0,0,0,0,0,0,0,0,0,0,-,0,0,0,0,0,0,0,0,0,0,0,-,0,0,0,0,0,0,0,0,0,0,0,-,0,1,0,0,0,-,0,0,0,0,0,0,0,0,0,0,0,0,0,0,0,0,0,0,0,0,0,0
gladio,0,0,0,0,0,0,0,0,0,0,0,0,0,0,0,0,0,0,0,-,0,0,0,0,0,0,0,0,0,0,0,0,0,0,0,0,-,0,0,0,0,0,0,0,0,0,0,0,-,0,0,0,0,0,0,0,0,0,0,1,-,0,0,0,0,0,0,0,0,0,0,0,0,0,0,0,0,0,0,0,0,0,0,0,0,0,0,0,0
gladio,1,1,1,1,1,1,1,1,1,1,1,1,1,1,1,1,1,1,1,-,1,1,1,1,1,1,1,1,1,1,1,1,1,1,1,1,-,1,1,1,1,1,1,1,1,1,1,1,-,1,1,1,1,1,1,1,1,1,1,0,-,1,1,1,1,1,1,1,1,1,1,1,1,1,1,1,1,1,1,1,1,1,1,1,1,1,1,1,1
atqui,-,-,-,-,-,-,-,-,-,-,-,-,-,-,-,-,-,0,-,0,-,-,-,-,-,-,-,0,-,-,-,-,-,-,-,-,-,-,-,-,-,-,-,-,-,-,-,-,-,-,-,-,-,-,-,-,-,0,-,0,-,-,-,-,-,-,0,-,1,-,-,-,0,-,-,-,-,-,-,-,-,-,-,-,-,-,-,-,-
flammeo,-,-,-,-,-,-,-,-,-,-,-,-,-,-,-,-,-,1,-,1,-,-,-,-,-,-,-,0,-,-,-,-,-,-,-,-,-,-,-,-,-,-,-,-,-,-,-,-,-,-,-,-,-,-,-,-,-,0,-,0,-,-,-,-,-,-,1,-,0,-,-,-,0,-,-,-,-,-,-,-,-,-,-,-,-,-,-,-,-
collocato,-,-,-,-,-,-,-,-,-,-,-,-,-,-,-,-,-,0,-,0,-,-,-,-,-,-,-,0,-,-,-,-,-,-,-,-,-,-,-,-,-,-,-,-,-,-,-,-,-,-,-,-,-,-,-,-,-,1,-,0,-,-,-,-,-,-,0,-,0,-,-,-,0,-,-,-,-,-,-,-,-,-,-,-,-,-,-,-,-
collocatis,-,-,-,-,-,-,-,-,-,-,-,-,-,-,-,-,-,0,-,0,-,-,-,-,-,-,-,1,-,-,-,-,-,-,-,-,-,-,-,-,-,-,-,-,-,-,-,-,-,-,-,-,-,-,-,-,-,0,-,0,-,-,-,-,-,-,0,-,0,-,-,-,1,-,-,-,-,-,-,-,-,-,-,-,-,-,-,-,-
paradisum,-,-,-,-,-,-,-,-,-,-,-,-,-,-,-,-,-,0,-,0,-,-,-,-,-,-,-,0,-,-,-,-,-,-,-,-,-,-,-,-,-,-,-,-,-,-,-,-,-,-,-,-,-,-,-,-,-,0,-,1,-,-,-,-,-,-,0,-,0,-,-,-,0,-,-,-,-,-,-,-,-,-,-,-,-,-,-,-,-
postquam,-,-,-,-,-,-,-,-,-,-,-,-,-,-,-,-,-,0,-,-,-,-,-,-,-,-,-,-,-,-,-,1,-,-,-,-,-,-,-,-,-,-,-,-,-,0,-,-,-,-,-,-,-,-,-,-,-,-,-,1,-,-,0,-,-,-,0,-,-,-,-,-,-,1,-,-,-,-,-,-,-,-,-,-,-,-,-,-,-
et,-,-,-,-,-,-,-,-,-,-,-,-,-,-,-,-,-,1,-,-,-,-,-,-,-,-,-,-,-,-,-,0,-,-,-,-,-,-,-,-,-,-,-,-,-,1,-,-,-,-,-,-,-,-,-,-,-,-,-,0,-,-,1,-,-,-,0,-,-,-,-,-,-,0,-,-,-,-,-,-,-,-,-,-,-,-,-,-,-
et,-,-,-,-,-,-,-,-,-,-,-,-,-,-,-,-,-,0,-,-,-,-,-,-,-,-,-,-,-,-,-,0,-,-,-,-,-,-,-,-,-,-,-,-,-,0,-,-,-,-,-,-,-,-,-,-,-,-,-,0,-,-,0,-,-,-,1,-,-,-,-,-,-,0,-,-,-,-,-,-,-,-,-,-,-,-,-,-,-
increpacionem,-,-,-,-,-,-,-,-,-,-,-,-,-,-,-,-,-,0,-,-,-,-,-,-,-,-,-,-,-,-,-,1,-,-,-,-,-,-,-,-,-,-,-,-,-,-,-,-,-,-,-,-,-,-,-,-,-,-,-,-,-,-,-,-,-,-,-,-,0,-,-,-,-,-,-,-,-,-,-,-,-,-,-,-,-,-,-,-,-
uersatili,-,-,-,-,-,-,-,-,-,-,-,-,-,-,-,-,-,1,-,-,-,-,-,-,-,-,-,-,-,-,-,0,-,-,-,-,-,-,-,-,-,-,-,-,-,-,-,-,-,-,-,-,-,-,-,-,-,-,-,-,-,-,-,-,-,-,-,-,1,-,-,-,-,-,-,-,-,-,-,-,-,-,-,-,-,-,-,-,-
post,1,1,1,1,1,1,1,1,1,1,1,1,1,1,1,1,1,-,1,-,1,1,1,1,1,1,1,1,1,1,1,-,1,1,1,1,-,1,1,1,1,1,1,1,-,1,1,1,-,1,1,1,1,-,1,1,1,1,1,-,1,1,1,1,-,1,-,1,1,1,1,1,1,-,1,1,1,1,1,1,-,1,1,1,1,1,1,1,1
incre pationem,0,0,0,0,0,0,0,0,0,0,0,0,0,0,0,0,0,-,0,-,0,0,1,0,0,0,0,0,0,0,0,-,0,0,0,0,-,0,0,0,0,0,0,0,-,0,0,0,-,0,0,0,0,-,0,0,0,0,0,0,0,0,0,0,-,0,-,0,0,0,0,0,0,0,0,0,0,0,0,0,-,0,0,0,0,0,0,0,0
increpatonem,0,0,0,0,0,0,0,0,0,0,0,0,0,0,0,0,0,-,0,-,1,0,0,0,0,0,0,0,0,0,0,-,0,0,0,0,-,0,0,0,0,0,0,0,-,0,0,0,-,0,0,0,0,-,0,0,0,0,0,0,0,0,0,0,-,0,-,0,0,0,0,0,0,0,0,0,0,0,0,0,-,0,0,0,0,0,0,0,0
increpationem,1,1,1,1,1,1,1,1,1,1,1,1,1,1,1,1,1,-,1,-,0,1,0,1,1,1,1,1,1,1,1,-,1,1,1,1,-,1,1,1,1,1,1,1,-,1,0,1,-,1,1,1,1,-,1,1,1,1,1,1,1,1,1,1,-,1,-,1,1,1,1,1,1,1,1,1,1,1,1,1,-,1,1,1,1,1,1,1,1
increpatione,0,0,0,0,0,0,0,0,0,0,0,0,0,0,0,0,0,-,0,-,0,0,0,0,0,0,0,0,0,0,0,-,0,0,0,0,-,0,0,0,0,0,0,0,-,0,1,0,-,0,0,0,0,-,0,0,0,0,0,0,0,0,0,0,-,0,-,0,0,0,0,0,0,0,0,0,0,0,0,0,-,0,0,0,0,0,0,0,0
citus,0,0,0,0,0,0,0,0,0,0,0,0,0,0,0,0,0,-,0,-,0,0,0,0,0,0,0,0,0,0,0,0,0,0,0,0,-,0,0,0,0,0,0,0,-,0,0,0,-,0,0,1,0,0,0,0,0,0,0,0,0,0,0,0,-,0,-,0,0,0,0,0,0,0,0,0,0,0,-,-,-,-,-,-,-,-,-,-,-
abiecta,0,0,0,0,0,0,0,0,0,0,0,0,0,0,0,0,0,-,0,-,0,0,0,0,0,0,0,0,0,0,0,0,0,0,0,0,-,0,0,0,0,0,0,0,-,0,0,0,-,0,0,0,0,0,0,0,0,0,0,0,0,0,0,0,-,0,-,0,0,0,0,0,0,0,0,0,1,0,-,-,-,-,-,-,-,-,-,-,-
accepio,0,0,0,0,0,0,0,0,0,0,0,0,0,0,0,0,0,-,0,-,0,0,0,0,0,0,0,0,0,0,0,0,0,0,0,0,-,0,0,0,0,0,0,0,-,0,0,0,-,0,0,0,0,0,0,0,0,1,0,0,0,0,0,0,-,0,-,0,0,0,0,0,0,0,0,0,0,0,-,-,-,-,-,-,-,-,-,-,-
proiectus,0,0,0,0,0,0,0,0,0,0,0,0,0,0,0,0,0,-,0,-,0,0,0,0,0,0,0,0,0,0,0,0,0,0,0,0,-,0,0,0,0,1,0,0,-,0,0,0,-,0,0,0,0,0,0,0,0,0,0,0,0,0,0,0,-,0,-,0,0,0,0,0,0,0,0,0,0,0,-,-,-,-,-,-,-,-,-,-,-
accepit,0,0,0,0,0,0,0,0,0,0,0,0,0,0,0,0,0,-,0,-,0,0,0,0,0,0,0,1,0,0,0,0,0,0,0,0,-,0,0,0,0,0,0,0,-,0,0,0,-,0,0,0,0,0,0,0,0,0,0,0,0,0,0,0,-,0,-,0,0,0,0,0,1,0,0,0,0,0,-,-,-,-,-,-,-,-,-,-,-
abiectus,0,1,1,1,1,1,1,1,1,1,1,1,1,1,1,1,1,-,1,-,1,1,1,0,1,1,1,0,1,1,1,1,1,1,1,1,-,1,1,1,1,0,1,1,-,1,1,1,-,1,1,0,1,1,1,1,1,0,1,1,1,1,1,1,-,1,-,0,0,1,1,1,0,1,1,0,0,1,-,-,-,-,-,-,-,-,-,-,-
abiectis,0,0,0,0,0,0,0,0,0,0,0,0,0,0,0,0,0,-,0,-,0,0,0,0,0,0,0,0,0,0,0,0,0,0,0,0,-,0,0,0,0,0,0,0,-,0,0,0,-,0,0,0,0,0,0,0,0,0,0,0,0,0,0,0,-,0,-,0,0,0,0,0,0,0,0,1,0,0,-,-,-,-,-,-,-,-,-,-,-
adbiectus,0,0,0,0,0,0,0,0,0,0,0,0,0,0,0,0,0,-,0,-,0,0,0,0,0,0,0,0,0,0,0,0,0,0,0,0,-,0,0,0,0,0,0,0,-,0,0,0,-,0,0,0,0,0,0,0,0,0,0,0,0,0,0,0,-,0,-,1,0,0,0,0,0,0,0,0,0,0,-,-,-,-,-,-,-,-,-,-,-
eiectus,1,0,0,0,0,0,0,0,0,0,0,0,0,0,0,0,0,-,0,-,0,0,0,1,0,0,0,0,0,0,0,0,0,0,0,0,-,0,0,0,0,0,0,0,-,0,0,0,-,0,0,0,0,0,0,0,0,0,0,0,0,0,0,0,-,0,-,0,1,0,0,0,0,0,0,0,0,0,-,-,-,-,-,-,-,-,-,-,-
de,-,1,-,-,-,-,-,-,-,-,-,-,-,-,-,-,-,-,-,-,-,-,-,-,-,-,-,0,-,-,-,-,-,-,-,-,-,-,-,-,-,-,-,-,-,-,-,-,-,-,-,-,-,-,-,-,-,0,-,-,-,-,-,-,-,-,-,-,-,-,-,-,0,-,-,-,-,-,1,-,-,-,-,-,-,-,-,-,-
in,-,0,-,-,-,-,-,-,-,-,-,-,-,-,-,-,-,-,-,-,-,-,-,-,-,-,-,1,-,-,-,-,-,-,-,-,-,-,-,-,-,-,-,-,-,-,-,-,-,-,-,-,-,-,-,-,-,1,-,-,-,-,-,-,-,-,-,-,-,-,-,-,1,-,-,-,-,-,0,-,-,-,-,-,-,-,-,-,-
maledicte,-,-,-,-,-,-,-,-,-,-,-,-,-,-,-,-,-,-,-,-,-,-,-,-,-,-,-,1,-,-,-,-,-,-,-,-,-,-,-,-,-,-,-,-,-,-,-,-,-,-,-,-,-,-,-,-,-,0,-,-,-,-,-,-,-,-,-,-,-,-,-,-,0,-,-,-,-,-,0,-,-,-,-,-,-,-,-,-,-
paradiso,-,-,-,-,-,-,-,-,-,-,-,-,-,-,-,-,-,-,-,-,-,-,-,-,-,-,-,0,-,-,-,-,-,-,-,-,-,-,-,-,-,-,-,-,-,-,-,-,-,-,-,-,-,-,-,-,-,0,-,-,-,-,-,-,-,-,-,-,-,-,-,-,0,-,-,-,-,-,1,-,-,-,-,-,-,-,-,-,-
maledictos,-,-,-,-,-,-,-,-,-,-,-,-,-,-,-,-,-,-,-,-,-,-,-,-,-,-,-,0,-,-,-,-,-,-,-,-,-,-,-,-,-,-,-,-,-,-,-,-,-,-,-,-,-,-,-,-,-,0,-,-,-,-,-,-,-,-,-,-,-,-,-,-,1,-,-,-,-,-,0,-,-,-,-,-,-,-,-,-,-
maledicta,-,-,-,-,-,-,-,-,-,-,-,-,-,-,-,-,-,-,-,-,-,-,-,-,-,-,-,0,-,-,-,-,-,-,-,-,-,-,-,-,-,-,-,-,-,-,-,-,-,-,-,-,-,-,-,-,-,1,-,-,-,-,-,-,-,-,-,-,-,-,-,-,0,-,-,-,-,-,0,-,-,-,-,-,-,-,-,-,-
abiectus,-,-,-,-,-,-,-,-,-,-,-,-,-,-,-,-,-,-,-,-,-,-,-,-,-,-,-,0,-,-,-,-,-,-,-,-,-,-,-,-,-,-,-,-,-,-,-,-,-,-,-,-,-,-,-,-,-,0,-,-,-,-,-,-,-,-,-,-,-,-,-,-,0,-,-,-,-,-,1,1,1,1,1,1,1,1,1,1,1
ut,-,-,-,-,-,-,-,-,-,-,-,-,-,-,-,-,-,-,-,-,-,-,-,-,-,-,-,1,-,-,-,-,-,-,-,-,-,-,-,-,-,-,-,-,-,-,-,-,-,-,-,-,-,-,-,-,-,1,-,-,-,-,-,-,-,-,-,-,-,-,-,-,1,-,-,-,-,-,0,0,0,0,0,0,0,0,0,0,0
de terra,1,1,1,1,1,1,1,1,1,1,1,1,1,1,1,1,1,1,1,-,1,1,1,1,1,1,1,1,1,1,1,1,1,1,1,1,-,1,1,1,1,-,1,1,1,1,1,1,-,1,1,1,1,1,1,1,1,1,1,1,1,1,1,1,1,1,1,1,1,1,1,1,1,1,1,1,1,1,1,1,1,1,1,1,1,1,1,1,1
malidicta,1,0,0,0,0,0,0,0,0,0,0,0,0,0,0,0,0,0,0,0,0,0,0,0,0,0,0,0,0,0,0,0,0,0,0,0,-,0,0,0,0,-,0,0,0,0,0,0,-,0,0,0,0,0,0,0,0,0,0,0,0,0,0,0,0,0,0,0,0,0,0,0,0,0,0,0,0,0,0,0,0,0,0,0,0,0,0,0,0
maledictus,0,0,0,0,0,0,0,0,0,0,0,0,0,0,0,0,0,0,0,0,0,0,0,0,0,0,0,0,0,0,0,0,0,0,0,0,-,0,1,0,0,-,0,0,0,0,0,0,-,0,0,0,0,0,0,0,0,0,0,0,0,0,0,0,0,0,0,0,0,0,0,0,0,0,0,0,0,0,0,0,0,0,0,0,0,0,0,0,0
maledicta,0,1,1,1,1,1,1,1,1,1,1,1,1,1,1,1,0,1,1,1,1,1,1,1,1,1,1,1,1,1,1,1,1,1,1,1,-,1,0,1,1,-,1,1,1,1,1,1,-,1,1,1,1,1,1,1,1,1,1,1,1,1,1,1,1,1,1,1,1,1,1,1,1,1,1,1,1,1,1,1,1,1,1,1,1,1,1,1,1
maladicta,0,0,0,0,0,0,0,0,0,0,0,0,0,0,0,0,1,0,0,0,0,0,0,0,0,0,0,0,0,0,0,0,0,0,0,0,-,0,0,0,0,-,0,0,0,0,0,0,-,0,0,0,0,0,0,0,0,0,0,0,0,0,0,0,0,0,0,0,0,0,0,0,0,0,0,0,0,0,0,0,0,0,0,0,0,0,0,0,0
einas,-,-,-,-,-,-,-,-,-,-,-,-,-,-,0,-,-,-,-,-,-,-,-,-,-,-,-,1,-,-,-,-,-,-,-,-,-,0,-,-,-,0,-,-,-,-,-,-,-,-,-,-,-,-,-,-,-,0,-,-,-,-,0,-,0,-,-,-,-,-,-,-,0,-,0,-,0,0,-,-,0,-,-,-,-,-,-,-,-
ei,-,-,-,-,-,-,-,-,-,-,-,-,-,-,0,-,-,-,-,-,-,-,-,-,-,-,-,0,-,-,-,-,-,-,-,-,-,0,-,-,-,0,-,-,-,-,-,-,-,-,-,-,-,-,-,-,-,0,-,-,-,-,0,-,0,-,-,-,-,-,-,-,1,-,0,-,0,0,-,-,0,-,-,-,-,-,-,-,-
insudorem,-,-,-,-,-,-,-,-,-,-,-,-,-,-,0,-,-,-,-,-,-,-,-,-,-,-,-,0,-,-,-,-,-,-,-,-,-,0,-,-,-,0,-,-,-,-,-,-,-,-,-,-,-,-,-,-,-,0,-,-,-,-,0,-,0,-,-,-,-,-,-,-,0,-,0,-,0,1,-,-,1,-,-,-,-,-,-,-,-
et,-,-,-,-,-,-,-,-,-,-,-,-,-,-,0,-,-,-,-,-,-,-,-,-,-,-,-,0,-,-,-,-,-,-,-,-,-,0,-,-,-,0,-,-,-,-,-,-,-,-,-,-,-,-,-,-,-,1,-,-,-,-,0,-,0,-,-,-,-,-,-,-,0,-,0,-,0,0,-,-,0,-,-,-,-,-,-,-,-
et,-,-,-,-,-,-,-,-,-,-,-,-,-,-,0,-,-,-,-,-,-,-,-,-,-,-,-,0,-,-,-,-,-,-,-,-,-,0,-,-,-,0,-,-,-,-,-,-,-,-,-,-,-,-,-,-,-,0,-,-,-,-,0,-,0,-,-,-,-,-,-,-,0,-,1,-,0,0,-,-,0,-,-,-,-,-,-,-,-
in,-,-,-,-,-,-,-,-,-,-,-,-,-,-,1,-,-,-,-,-,-,-,-,-,-,-,-,0,-,-,-,-,-,-,-,-,-,1,-,-,-,1,-,-,-,-,-,-,-,-,-,-,-,-,-,-,-,0,-,-,-,-,1,-,1,-,-,-,-,-,-,-,0,-,0,-,1,0,-,-,0,-,-,-,-,-,-,-,-
terram maledictam,-,-,-,-,-,-,-,-,-,-,-,-,-,-,0,-,-,-,-,-,-,-,-,-,-,-,-,0,-,-,-,-,-,-,-,-,-,-,-,-,-,1,-,-,-,-,-,-,-,-,-,-,-,-,-,-,-,0,-,-,-,-,0,-,0,-,-,-,-,-,-,-,0,-,0,-,0,-,-,-,-,-,-,-,-,-,-,-,-
et tribulos,-,-,-,-,-,-,-,-,-,-,-,-,-,-,0,-,-,-,-,-,-,-,-,-,-,-,-,1,-,-,-,-,-,-,-,-,-,-,-,-,-,0,-,-,-,-,-,-,-,-,-,-,-,-,-,-,-,1,-,-,-,-,0,-,0,-,-,-,-,-,-,-,1,-,0,-,0,-,-,-,-,-,-,-,-,-,-,-,-
sudore,-,-,-,-,-,-,-,-,-,-,-,-,-,-,1,-,-,-,-,-,-,-,-,-,-,-,-,0,-,-,-,-,-,-,-,-,-,-,-,-,-,0,-,-,-,-,-,-,-,-,-,-,-,-,-,-,-,0,-,-,-,-,1,-,1,-,-,-,-,-,-,-,0,-,1,-,1,-,-,-,-,-,-,-,-,-,-,-,-
germinante,-,-,-,-,-,-,-,-,-,-,-,-,-,-,-,-,-,-,-,-,-,-,-,-,-,-,-,0,-,-,-,-,-,-,-,-,-,-,-,-,-,-,-,-,-,-,-,-,-,-,-,-,-,-,-,-,-,0,-,-,-,-,-,-,-,-,-,-,-,-,-,-,1,-,-,-,-,-,-,-,-,-,-,-,-,-,-,-,-
germaniam,-,-,-,-,-,-,-,-,-,-,-,-,-,-,-,-,-,-,-,-,-,-,-,-,-,-,-,0,-,-,-,-,-,-,-,-,-,-,-,-,-,-,-,-,-,-,-,-,-,-,-,-,-,-,-,-,-,1,-,-,-,-,-,-,-,-,-,-,-,-,-,-,0,-,-,-,-,-,-,-,-,-,-,-,-,-,-,-,-
germmante,-,-,-,-,-,-,-,-,-,-,-,-,-,-,-,-,-,-,-,-,-,-,-,-,-,-,-,1,-,-,-,-,-,-,-,-,-,-,-,-,-,-,-,-,-,-,-,-,-,-,-,-,-,-,-,-,-,0,-,-,-,-,-,-,-,-,-,-,-,-,-,-,0,-,-,-,-,-,-,-,-,-,-,-,-,-,-,-,-
insudore,1,1,-,1,1,1,1,1,1,1,1,1,1,1,-,1,1,1,1,1,1,1,1,1,1,1,1,1,1,1,1,1,1,1,1,1,-,1,1,1,1,1,1,1,1,1,-,1,-,1,1,1,1,1,1,1,1,1,1,1,1,1,-,1,-,1,1,1,1,-,1,1,1,1,-,1,-,-,1,1,-,1,1,1,1,1,1,1,1
uultus,1,1,1,1,1,1,1,1,1,1,1,1,1,1,1,1,1,1,1,1,1,1,1,1,1,1,1,1,1,1,1,1,1,1,1,1,-,1,1,1,1,1,1,1,1,1,1,1,-,1,1,1,1,1,1,-,1,1,1,1,1,1,1,1,1,1,1,1,1,1,1,1,1,1,1,1,1,1,-,-,-,-,1,-,-,-,-,1,-
sin,-,-,-,-,-,-,-,-,-,-,-,-,-,-,-,-,-,0,-,-,-,-,-,-,-,-,-,0,-,0,-,-,-,-,-,-,-,-,0,-,-,-,-,-,-,-,-,0,-,-,-,-,-,-,-,-,0,1,-,-,-,-,-,-,0,-,0,-,0,-,0,-,0,-,0,-,-,-,1,-,-,-,0,-,-,-,-,0,-
et labore manuum,-,-,-,-,-,-,-,-,-,-,-,-,-,-,-,-,-,1,-,-,-,-,-,-,-,-,-,0,-,0,-,-,-,-,-,-,-,-,0,-,-,-,-,-,-,-,-,0,-,-,-,-,-,-,-,-,0,0,-,-,-,-,-,-,0,-,1,-,0,-,0,-,0,-,0,-,-,-,0,-,-,-,0,-,-,-,-,0,-
sui,-,-,-,-,-,-,-,-,-,-,-,-,-,-,-,-,-,0,-,-,-,-,-,-,-,-,-,1,-,1,-,-,-,-,-,-,-,-,1,-,-,-,-,-,-,-,-,1,-,-,-,-,-,-,-,-,1,0,-,-,-,-,-,-,1,-,0,-,1,-,1,-,0,-,1,-,-,-,0,-,-,-,1,-,-,-,-,1,-
siu,-,-,-,-,-,-,-,-,-,-,-,-,-,-,-,-,-,0,-,-,-,-,-,-,-,-,-,0,-,0,-,-,-,-,-,-,-,-,0,-,-,-,-,-,-,-,-,0,-,-,-,-,-,-,-,-,0,0,-,-,-,-,-,-,0,-,0,-,0,-,0,-,1,-,0,-,-,-,0,-,-,-,0,-,-,-,-,0,-
uultus,-,-,-,-,-,-,-,-,-,-,-,-,-,-,-,-,-,-,-,-,-,-,-,-,-,-,-,0,-,-,-,-,-,-,-,-,-,-,-,-,-,-,-,-,-,-,-,-,-,-,-,-,-,-,-,-,-,0,-,-,-,-,-,-,0,-,-,-,-,-,-,-,0,-,-,-,-,-,1,1,1,1,-,1,1,1,1,-,1
panem,-,-,-,-,-,-,-,-,-,-,-,-,-,-,-,-,-,-,-,-,-,-,-,-,-,-,-,1,-,-,-,-,-,-,-,-,-,-,-,-,-,-,-,-,-,-,-,-,-,-,-,-,-,-,-,-,-,1,-,-,-,-,-,-,1,-,-,-,-,-,-,-,1,-,-,-,-,-,0,0,0,0,-,0,0,0,0,-,0
panem,1,1,1,1,1,1,1,1,1,1,1,1,1,1,1,1,1,1,1,1,1,1,1,1,1,1,1,0,1,1,1,1,1,1,1,1,-,1,1,1,1,1,1,1,1,1,1,1,-,1,1,1,1,1,1,1,1,0,1,1,1,1,1,1,0,1,1,1,1,1,1,1,0,1,1,1,1,1,1,1,1,1,1,1,1,1,1,1,1
quo,0,0,0,0,0,0,0,0,0,0,0,0,0,0,0,0,0,0,0,0,0,0,0,0,0,0,0,1,0,0,0,0,0,0,0,0,-,0,0,0,0,0,0,0,0,0,0,0,-,0,0,0,0,0,0,0,0,0,0,0,0,0,0,0,0,0,0,0,0,0,0,0,1,0,0,0,0,0,0,0,0,0,0,0,0,0,0,0,0
acquirit et legitur triginta filios habuisse,0,0,0,0,0,0,0,0,0,0,0,0,0,0,0,0,0,0,0,0,0,0,0,0,0,0,0,0,0,0,0,0,0,0,0,0,-,0,0,0,0,0,0,0,0,0,0,0,-,0,0,0,0,0,0,0,0,0,0,0,0,0,0,0,1,0,0,0,0,0,0,0,0,0,0,0,0,0,0,0,0,0,0,0,0,0,0,0,0
monestatur mitatus anni ante,0,0,0,0,0,0,0,0,0,0,0,0,0,0,0,0,0,0,0,0,0,0,0,0,0,0,0,0,0,0,0,0,0,0,0,0,-,0,0,0,0,0,0,0,0,0,0,0,-,0,0,0,0,0,0,0,0,1,0,0,0,0,0,0,0,0,0,0,0,0,0,0,0,0,0,0,0,0,0,0,0,0,0,0,0,0,0,0,0
aquit,0,0,0,0,0,0,0,0,0,0,0,0,0,0,0,0,0,0,0,0,0,0,0,0,0,0,0,0,0,0,0,0,0,0,0,0,-,0,0,0,0,0,0,0,0,1,0,0,-,0,0,0,0,0,0,0,0,-,0,0,0,0,0,0,-,0,0,0,0,0,0,0,0,0,0,0,0,0,0,0,0,0,0,0,0,-,0,0,0
acquiritur,0,0,0,0,0,0,0,0,0,0,0,0,0,0,0,0,0,1,0,0,0,0,0,0,0,0,0,0,0,0,0,0,0,0,0,0,-,0,0,0,0,0,0,0,0,0,0,0,-,0,0,0,0,0,0,0,0,-,0,0,0,0,0,0,-,0,0,0,0,0,0,0,0,1,1,0,0,0,0,0,0,0,0,0,0,-,0,0,0
acquiritur,0,1,1,1,0,1,1,0,1,1,1,1,1,1,0,0,1,0,0,1,0,1,1,0,0,1,1,0,1,1,1,0,1,1,0,1,-,0,1,0,1,0,1,1,1,0,1,0,-,0,1,0,0,1,0,0,1,-,1,0,0,1,0,1,-,1,0,0,0,0,0,1,0,0,0,0,0,0,1,0,0,0,0,0,0,-,0,0,1
adquiritur,0,0,0,0,0,0,0,1,0,0,0,0,0,0,0,1,0,0,0,0,0,0,0,0,0,0,0,0,0,0,0,0,0,0,1,0,-,0,0,0,0,0,0,0,0,0,0,0,-,0,0,1,1,0,1,1,0,-,0,0,1,0,1,0,-,0,0,0,0,1,1,0,0,0,0,0,1,1,0,0,0,1,0,0,0,-,0,1,0
adquiritur,0,0,0,0,0,0,0,0,0,0,0,0,0,0,0,0,0,0,0,0,0,0,0,1,0,0,0,0,0,0,0,0,0,0,0,0,-,1,0,0,0,0,0,0,0,0,0,0,-,0,0,0,0,0,0,0,0,-,0,0,0,0,0,0,-,0,0,0,1,0,0,0,0,0,0,0,0,0,0,0,0,0,0,0,0,-,0,0,0
commedit,0,0,0,0,0,0,0,0,0,0,0,0,0,0,0,0,0,0,0,0,0,0,0,0,0,0,0,0,0,0,0,1,0,0,0,0,-,0,0,0,0,0,0,0,0,0,0,0,-,0,0,0,0,0,0,0,0,-,0,0,0,0,0,0,-,0,0,0,0,0,0,0,0,0,0,0,0,0,0,0,0,0,0,0,0,-,0,0,0
nestatur,0,0,0,0,0,0,0,0,0,0,0,0,0,0,0,0,0,0,0,0,0,0,0,0,0,0,0,1,0,0,0,0,0,0,0,0,-,0,0,0,0,0,0,0,0,0,0,0,-,0,0,0,0,0,0,0,0,-,0,0,0,0,0,0,-,0,0,0,0,0,0,0,0,0,0,0,0,0,0,0,0,0,0,0,0,-,0,0,0
acquisiuitur requeuit,0,0,0,0,0,0,0,0,0,0,0,0,0,0,0,0,0,0,0,0,0,0,0,0,0,0,0,0,0,0,0,0,0,0,0,0,-,0,0,0,0,0,0,0,0,0,0,0,-,0,0,0,0,0,0,0,0,-,0,1,0,0,0,0,-,0,0,0,0,0,0,0,0,0,0,0,0,0,0,0,0,0,0,0,0,-,0,0,0
adquirit,0,0,0,0,0,0,0,0,0,0,0,0,0,0,0,0,0,0,0,0,0,0,0,0,0,0,0,0,0,0,0,0,0,0,0,0,-,0,0,0,0,0,0,0,0,0,0,1,-,0,0,0,0,0,0,0,0,-,0,0,0,0,0,0,-,0,0,1,0,0,0,0,0,0,0,0,0,0,0,1,0,0,1,0,0,-,0,0,0
acquirit,1,0,0,0,1,0,0,0,0,0,0,0,0,0,1,0,0,0,1,0,1,0,0,0,1,0,0,0,0,0,0,0,0,0,0,0,-,0,0,0,0,0,0,0,0,0,0,0,-,0,0,0,0,0,0,0,0,-,0,0,0,0,0,0,-,0,0,0,0,0,0,0,0,0,0,1,0,0,0,0,0,0,0,0,1,-,1,0,0
acquisiuit,0,0,0,0,0,0,0,0,0,0,0,0,0,0,0,0,0,0,0,0,0,0,0,0,0,0,0,0,0,0,0,0,0,0,0,0,-,0,0,0,0,1,0,0,0,0,0,0,-,0,0,0,0,0,0,0,0,-,0,0,0,0,0,0,-,0,0,0,0,0,0,0,0,0,0,0,0,0,0,0,0,0,0,0,0,-,0,0,0
acquirit,0,0,0,0,0,0,0,0,0,0,0,0,0,0,0,0,0,0,0,0,0,0,0,0,0,0,0,0,0,0,0,0,0,0,0,0,-,0,0,0,0,0,0,0,0,0,0,0,-,0,0,0,0,0,0,0,0,-,0,0,0,0,0,0,-,0,1,0,0,0,0,0,0,0,0,0,0,0,0,0,0,0,0,0,0,-,0,0,0
acciperitur,0,0,0,0,0,0,0,0,0,0,0,0,0,0,0,0,0,0,0,0,0,0,0,0,0,0,0,0,0,0,0,0,0,0,0,0,-,0,0,0,0,0,0,0,0,0,0,0,-,0,0,0,0,0,0,0,0,-,0,0,0,0,0,0,-,0,0,0,0,0,0,0,0,0,0,0,0,0,0,0,1,0,0,0,0,-,0,0,0
adquisiuit,0,0,0,0,0,0,0,0,0,0,0,0,0,0,0,0,0,0,0,0,0,0,0,0,0,0,0,0,0,0,0,0,0,0,0,0,-,0,0,0,0,0,0,0,0,0,0,0,-,0,0,0,0,0,0,0,0,-,0,0,0,0,0,0,-,0,0,0,0,0,0,0,0,0,0,0,0,0,0,0,0,0,0,1,0,-,0,0,0
acquiusunt,0,0,0,0,0,0,0,0,0,0,0,0,0,0,0,0,0,0,0,0,0,0,0,0,0,0,0,0,0,0,0,0,0,0,0,0,-,0,0,1,0,0,0,0,0,0,0,0,-,0,0,0,0,0,0,0,0,-,0,0,0,0,0,0,-,0,0,0,0,0,0,0,0,0,0,0,0,0,0,0,0,0,0,0,0,-,0,0,0
uestata aquirat,0,0,0,0,0,0,0,0,0,0,0,0,0,0,0,0,0,0,0,0,0,0,0,0,0,0,0,0,0,0,0,0,0,0,0,0,-,0,0,0,0,0,0,0,0,0,0,0,-,0,0,0,0,0,0,0,0,-,0,0,0,0,0,0,-,0,0,0,0,0,0,0,1,0,0,0,0,0,0,0,0,0,0,0,0,-,0,0,0
aquisiuitur,0,0,0,0,0,0,0,0,0,0,0,0,0,0,0,0,0,0,0,0,0,0,0,0,0,0,0,0,0,0,0,0,0,0,0,0,-,0,0,0,0,0,0,0,0,0,0,0,-,1,0,0,0,0,0,0,0,-,0,0,0,0,0,0,-,0,0,0,0,0,0,0,0,0,0,0,0,0,0,0,0,0,0,0,0,-,0,0,0
quid,-,-,-,-,-,-,-,-,-,-,-,-,-,-,-,-,-,0,-,-,-,-,-,-,-,-,-,0,-,-,-,0,-,-,-,-,-,0,-,-,-,-,-,-,-,-,-,-,-,-,-,-,-,-,-,-,-,0,-,-,-,-,-,-,-,-,1,-,0,-,-,-,-,0,-,-,-,-,-,-,-,-,-,-,-,0,-,-,-
sicut,-,-,-,-,-,-,-,-,-,-,-,-,-,-,-,-,-,0,-,-,-,-,-,-,-,-,-,0,-,-,-,0,-,-,-,-,-,0,-,-,-,-,-,-,-,-,-,-,-,-,-,-,-,-,-,-,-,0,-,-,-,-,-,-,-,-,0,-,1,-,-,-,-,0,-,-,-,-,-,-,-,-,-,-,-,0,-,-,-
acquiratur,-,-,-,-,-,-,-,-,-,-,-,-,-,-,-,-,-,0,-,-,-,-,-,-,-,-,-,0,-,-,-,0,-,-,-,-,-,0,-,-,-,-,-,-,-,-,-,-,-,-,-,-,-,-,-,-,-,0,-,-,-,-,-,-,-,-,0,-,0,-,-,-,-,0,-,-,-,-,-,-,-,-,-,-,-,1,-,-,-
sequitur consequenter,-,-,-,-,-,-,-,-,-,-,-,-,-,-,-,-,-,0,-,-,-,-,-,-,-,-,-,0,-,-,-,0,-,-,-,-,-,1,-,-,-,-,-,-,-,-,-,-,-,-,-,-,-,-,-,-,-,0,-,-,-,-,-,-,-,-,0,-,0,-,-,-,-,0,-,-,-,-,-,-,-,-,-,-,-,0,-,-,-
quod,-,-,-,-,-,-,-,-,-,-,-,-,-,-,-,-,-,1,-,-,-,-,-,-,-,-,-,0,-,-,-,0,-,-,-,-,-,0,-,-,-,-,-,-,-,-,-,-,-,-,-,-,-,-,-,-,-,0,-,-,-,-,-,-,-,-,0,-,0,-,-,-,-,0,-,-,-,-,-,-,-,-,-,-,-,0,-,-,-
acquiratur,-,-,-,-,-,-,-,-,-,-,-,-,-,-,-,-,-,0,-,-,-,-,-,-,-,-,-,1,-,-,-,0,-,-,-,-,-,0,-,-,-,-,-,-,-,-,-,-,-,-,-,-,-,-,-,-,-,0,-,-,-,-,-,-,-,-,0,-,0,-,-,-,-,0,-,-,-,-,-,-,-,-,-,-,-,0,-,-,-
a,-,-,-,-,-,-,-,-,-,-,-,-,-,-,-,-,-,0,-,-,-,-,-,-,-,-,-,0,-,-,-,1,-,-,-,-,-,0,-,-,-,-,-,-,-,-,-,-,-,-,-,-,-,-,-,-,-,0,-,-,-,-,-,-,-,-,0,-,0,-,-,-,-,0,-,-,-,-,-,-,-,-,-,-,-,0,-,-,-
prophat,-,-,-,-,-,-,-,-,-,-,-,-,-,-,-,-,-,0,-,-,-,-,-,-,-,-,-,0,-,-,-,0,-,-,-,-,-,0,-,-,-,-,-,-,-,-,-,-,-,-,-,-,-,-,-,-,-,0,-,-,-,-,-,-,-,-,0,-,0,-,-,-,-,1,-,-,-,-,-,-,-,-,-,-,-,0,-,-,-
a,-,-,-,-,-,-,-,-,-,-,-,-,-,-,-,-,-,0,-,-,-,-,-,-,-,-,-,0,-,-,-,0,-,-,-,-,-,0,-,-,-,-,-,-,-,-,-,-,-,-,-,-,-,-,-,-,-,1,-,-,-,-,-,-,-,-,0,-,0,-,-,-,-,0,-,-,-,-,-,-,-,-,-,-,-,0,-,-,-
missa quorum,-,-,-,-,-,-,-,-,-,-,-,-,-,-,-,-,-,-,-,-,-,-,-,-,-,-,-,0,-,-,-,1,-,-,-,-,-,-,-,-,-,-,-,-,-,-,-,-,-,-,-,-,-,-,-,-,-,-,-,-,-,-,-,-,0,-,-,-,-,-,-,-,-,0,-,-,-,-,-,-,-,-,-,-,-,-,-,-,-
et,-,-,-,-,-,-,-,-,-,-,-,-,-,-,-,-,-,-,-,-,-,-,-,-,-,-,-,0,-,-,-,0,-,-,-,-,-,-,-,-,-,-,-,-,-,-,-,-,-,-,-,-,-,-,-,-,-,-,-,-,-,-,-,-,1,-,-,-,-,-,-,-,-,1,-,-,-,-,-,-,-,-,-,-,-,-,-,-,-
anno uite ade,-,-,-,-,-,-,-,-,-,-,-,-,-,-,-,-,-,-,-,-,-,-,-,-,-,-,-,1,-,-,-,0,-,-,-,-,-,-,-,-,-,-,-,-,-,-,-,-,-,-,-,-,-,-,-,-,-,-,-,-,-,-,-,-,0,-,-,-,-,-,-,-,-,0,-,-,-,-,-,-,-,-,-,-,-,-,-,-,-
adam,-,-,-,-,-,-,-,-,-,-,-,-,-,-,-,-,-,-,-,-,-,-,-,0,-,-,-,1,-,-,-,-,-,-,-,-,-,-,-,-,-,-,-,-,-,-,-,-,-,-,-,-,-,-,-,-,-,-,-,-,-,-,-,-,0,-,-,-,-,-,-,-,-,0,-,-,-,-,-,-,-,-,-,-,-,-,-,-,-
totidem filias pater chayn et abel,-,-,-,-,-,-,-,-,-,-,-,-,-,-,-,-,-,-,-,-,-,-,-,0,-,-,-,0,-,-,-,-,-,-,-,-,-,-,-,-,-,-,-,-,-,-,-,-,-,-,-,-,-,-,-,-,-,-,-,-,-,-,-,-,1,-,-,-,-,-,-,-,-,0,-,-,-,-,-,-,-,-,-,-,-,-,-,-,-
de diliuu a futuro,-,-,-,-,-,-,-,-,-,-,-,-,-,-,-,-,-,-,-,-,-,-,-,0,-,-,-,0,-,-,-,-,-,-,-,-,-,-,-,-,-,-,-,-,-,-,-,-,-,-,-,-,-,-,-,-,-,-,-,-,-,-,-,-,0,-,-,-,-,-,-,-,-,1,-,-,-,-,-,-,-,-,-,-,-,-,-,-,-
adam,-,-,-,-,-,-,-,-,-,-,-,-,-,-,-,-,-,-,-,-,-,-,-,1,-,-,-,0,-,-,-,-,-,-,-,-,-,-,-,-,-,-,-,-,-,-,-,-,-,-,-,-,-,-,-,-,-,-,-,-,-,-,-,-,0,-,-,-,-,-,-,-,-,0,-,-,-,-,-,-,-,-,-,-,-,-,-,-,-
interpretatur rubeus,-,-,-,-,-,-,-,-,-,-,-,-,-,-,-,-,-,-,-,-,-,-,-,1,-,-,-,0,-,-,-,0,-,-,-,-,-,-,-,-,-,-,-,-,-,-,-,-,-,-,-,-,-,-,-,-,-,-,-,-,-,-,-,-,0,-,-,-,-,-,-,-,-,-,-,-,-,-,-,-,-,-,-,-,-,-,-,-,-
anno uite sue genuit caym,-,-,-,-,-,-,-,-,-,-,-,-,-,-,-,-,-,-,-,-,-,-,-,0,-,-,-,1,-,-,-,0,-,-,-,-,-,-,-,-,-,-,-,-,-,-,-,-,-,-,-,-,-,-,-,-,-,-,-,-,-,-,-,-,0,-,-,-,-,-,-,-,-,-,-,-,-,-,-,-,-,-,-,-,-,-,-,-,-
in,-,-,-,-,-,-,-,-,-,-,-,-,-,-,-,-,-,-,-,-,-,-,-,0,-,-,-,0,-,-,-,1,-,-,-,-,-,-,-,-,-,-,-,-,-,-,-,-,-,-,-,-,-,-,-,-,-,-,-,-,-,-,-,-,1,-,-,-,-,-,-,-,-,-,-,-,-,-,-,-,-,-,-,-,-,-,-,-,-
ihrusalem obiit,-,-,-,-,-,-,-,-,-,-,-,-,-,-,-,-,-,0,-,-,-,-,-,-,-,-,-,0,-,-,-,0,-,-,-,-,-,-,-,-,-,-,-,-,-,-,-,-,-,-,-,-,-,-,-,-,-,-,-,-,-,-,-,-,1,-,0,-,0,-,-,-,-,0,-,-,-,-,-,-,-,-,-,-,-,-,-,-,-
mortalitate,-,-,-,-,-,-,-,-,-,-,-,-,-,-,-,-,-,0,-,-,-,-,-,-,-,-,-,0,-,-,-,1,-,-,-,-,-,-,-,-,-,-,-,-,-,-,-,-,-,-,-,-,-,-,-,-,-,-,-,-,-,-,-,-,0,-,0,-,0,-,-,-,-,0,-,-,-,-,-,-,-,-,-,-,-,-,-,-,-
et,-,-,-,-,-,-,-,-,-,-,-,-,-,-,-,-,-,1,-,-,-,-,-,-,-,-,-,1,-,-,-,0,-,-,-,-,-,-,-,-,-,-,-,-,-,-,-,-,-,-,-,-,-,-,-,-,-,-,-,-,-,-,-,-,0,-,1,-,1,-,-,-,-,1,-,-,-,-,-,-,-,-,-,-,-,-,-,-,-
eius posteritas,-,-,-,-,-,-,-,-,-,-,-,-,-,-,-,-,-,0,-,-,-,-,-,-,-,-,-,0,-,-,-,0,-,-,-,-,-,-,-,-,-,-,-,-,-,-,-,-,-,-,-,-,-,-,-,-,-,-,-,-,-,-,-,-,0,-,0,-,1,-,-,-,-,-,-,-,-,-,-,-,-,-,-,-,-,-,-,-,-
toti,-,-,-,-,-,-,-,-,-,-,-,-,-,-,-,-,-,1,-,-,-,-,-,-,-,-,-,0,-,-,-,0,-,-,-,-,-,-,-,-,-,-,-,-,-,-,-,-,-,-,-,-,-,-,-,-,-,-,-,-,-,-,-,-,0,-,1,-,0,-,-,-,-,-,-,-,-,-,-,-,-,-,-,-,-,-,-,-,-
30 anno genuit abel,-,-,-,-,-,-,-,-,-,-,-,-,-,-,-,-,-,0,-,-,-,-,-,-,-,-,-,1,-,-,-,0,-,-,-,-,-,-,-,-,-,-,-,-,-,-,-,-,-,-,-,-,-,-,-,-,-,-,-,-,-,-,-,-,0,-,0,-,0,-,-,-,-,-,-,-,-,-,-,-,-,-,-,-,-,-,-,-,-
in,-,-,-,-,-,-,-,-,-,-,-,-,-,-,-,-,-,0,-,-,-,-,-,-,-,-,-,0,-,-,-,1,-,-,-,-,-,-,-,-,-,-,-,-,-,-,-,-,-,-,-,-,-,-,-,-,-,-,-,-,-,-,-,-,0,-,0,-,0,-,-,-,-,-,-,-,-,-,-,-,-,-,-,-,-,-,-,-,-
in,-,-,-,-,-,-,-,-,-,-,-,-,-,-,-,-,-,0,-,-,-,-,-,-,-,-,-,0,-,-,-,0,-,-,-,-,-,-,-,-,-,-,-,-,-,-,-,-,-,-,-,-,-,-,-,-,-,-,-,-,-,-,-,-,1,-,0,-,0,-,-,-,-,-,-,-,-,-,-,-,-,-,-,-,-,-,-,-,-
posteritati reliquitur,-,-,-,-,-,-,-,-,-,-,-,-,-,-,-,-,-,1,-,-,-,-,-,-,-,-,-,-,-,-,-,-,-,-,-,-,-,-,-,-,-,-,-,-,-,-,-,-,-,-,-,-,-,-,-,-,-,-,-,-,-,-,-,-,0,-,0,-,-,-,-,-,-,-,-,-,-,-,-,-,-,-,-,-,-,-,-,-,-
loco calvarie aliquam diu sepultus requievit deinde in hebron translatus in terram,-,-,-,-,-,-,-,-,-,-,-,-,-,-,-,-,-,0,-,-,-,-,-,-,-,-,-,-,-,-,-,-,-,-,-,-,-,-,-,-,-,-,-,-,-,-,-,-,-,-,-,-,-,-,-,-,-,-,-,-,-,-,-,-,1,-,0,-,-,-,-,-,-,-,-,-,-,-,-,-,-,-,-,-,-,-,-,-,-
potentati reliquit,-,-,-,-,-,-,-,-,-,-,-,-,-,-,-,-,-,0,-,-,-,-,-,-,-,-,-,-,-,-,-,-,-,-,-,-,-,-,-,-,-,-,-,-,-,-,-,-,-,-,-,-,-,-,-,-,-,-,-,-,-,-,-,-,0,-,1,-,-,-,-,-,-,-,-,-,-,-,-,-,-,-,-,-,-,-,-,-,-
de,-,-,-,-,-,-,-,-,-,-,-,-,-,-,-,-,-,1,-,-,-,-,-,-,-,-,-,-,-,-,-,-,-,-,-,-,-,-,-,-,-,-,-,-,-,-,-,-,-,-,-,-,-,-,-,-,-,-,-,-,-,-,-,-,1,-,-,-,-,-,-,-,-,1,-,-,-,-,-,-,-,-,-,-,-,-,-,-,-
sententia primo mulieri illata,-,-,-,-,-,-,-,-,-,-,-,-,-,-,-,-,-,1,-,-,-,-,-,-,-,-,-,-,-,-,-,-,-,-,-,-,-,-,-,-,-,-,-,-,-,-,-,-,-,-,-,-,-,-,-,-,-,-,-,-,-,-,-,-,0,-,-,-,-,-,-,-,-,0,-,-,-,-,-,-,-,-,-,-,-,-,-,-,-
qua sumptus,-,-,-,-,-,-,-,-,-,-,-,-,-,-,-,-,-,0,-,-,-,-,-,-,-,-,-,-,-,-,-,-,-,-,-,-,-,-,-,-,-,-,-,-,-,-,-,-,-,-,-,-,-,-,-,-,-,-,-,-,-,-,-,-,1,-,-,-,-,-,-,-,-,0,-,-,-,-,-,-,-,-,-,-,-,-,-,-,-
iudicia pigno idem ragnot et liberus fluus postea nidicauit,-,-,-,-,-,-,-,-,-,-,-,-,-,-,-,-,-,0,-,-,-,-,-,-,-,-,-,-,-,-,-,-,-,-,-,-,-,-,-,-,-,-,-,-,-,-,-,-,-,-,-,-,-,-,-,-,-,-,-,-,-,-,-,-,0,-,-,-,-,-,-,-,-,1,-,-,-,-,-,-,-,-,-,-,-,-,-,-,-
est,-,-,-,-,-,-,-,-,-,-,-,-,-,-,-,-,-,-,-,-,-,-,-,-,-,-,-,1,-,-,-,-,-,-,-,-,-,-,-,-,-,-,-,-,-,-,-,-,-,-,-,-,-,-,-,-,-,-,-,-,-,-,-,-,1,-,-,-,-,-,-,-,-,-,-,-,-,-,-,-,-,-,-,-,-,-,-,-,-
rediit item  continues   nonam eiusdem diei de paradiso eiectus,-,-,-,-,-,-,-,-,-,-,-,-,-,-,-,-,-,-,-,-,-,-,-,-,-,-,-,0,-,-,-,-,-,-,-,-,-,-,-,-,-,-,-,-,-,-,-,-,-,-,-,-,-,-,-,-,-,-,-,-,-,-,-,-,1,-,-,-,-,-,-,-,-,-,-,-,-,-,-,-,-,-,-,-,-,-,-,-,-
230,-,-,-,-,-,-,-,-,-,-,-,-,-,-,-,-,-,-,-,-,-,-,-,-,-,-,-,1,-,-,-,-,-,-,-,-,-,-,-,-,-,-,-,-,-,-,-,-,-,-,-,-,-,-,-,-,-,-,-,-,-,-,-,-,0,-,-,-,-,-,-,-,-,-,-,-,-,-,-,-,-,-,-,-,-,-,-,-,-
genuit,-,-,-,-,-,-,-,-,-,-,-,-,-,-,-,-,-,-,-,-,-,-,-,-,-,-,-,1,-,-,-,-,-,-,-,-,-,-,-,-,-,-,-,-,-,-,-,-,-,-,-,-,-,-,-,-,-,-,-,-,-,-,-,-,-,-,-,-,-,-,-,-,-,-,1,-,-,-,-,-,-,-,-,-,-,-,-,-,-
ap ta ub ad iiiior,-,-,-,-,-,-,-,-,-,-,-,-,-,-,-,-,-,-,-,-,-,-,-,-,-,-,-,0,-,-,-,-,-,-,-,-,-,-,-,-,-,-,-,-,-,-,-,-,-,-,-,-,-,-,-,-,-,-,-,-,-,-,-,-,-,-,-,-,-,-,-,-,-,-,1,-,-,-,-,-,-,-,-,-,-,-,-,-,-
seth,-,-,-,-,-,-,-,-,-,-,-,-,-,-,-,-,-,-,-,-,-,-,-,-,-,-,-,1,-,-,-,-,-,-,-,-,-,-,-,-,-,-,-,-,-,-,-,-,-,-,-,-,-,-,-,-,-,-,-,-,-,-,-,-,-,-,-,-,-,-,-,-,-,-,0,-,-,-,-,-,-,-,-,-,-,-,-,-,-
