tcain_pbm305,caym ,,,agricola ,dolens ,,sua ,munera ,et ,non ,,fratris ,fuisse ,,,,,reprobata ,licet ,,a ,domino ,,increpatus ,,fratrem ,,,,septiformi ,peccato ,interfecit ,,postea ,uagus ,eet ,,instabilis ,,,super ,terram ,,,postquam ,a ,domino ,est ,maledictus,,,,,,,,,,,,,,,,,,,,
tcain_mbsclm16223,,cayn ,,agricola ,dolens ,,sua ,munera ,et ,non ,,fratris ,,,,,,reprobata ,licet ,,a ,domino ,,increpatus ,,fratrem ,,suum ,,septiformi ,peccato  ,interfecit  ,quidam penam equam durasse usquam ad septiam gnatom quorum septem postea quisit,,,,,,,,,,,,,,,,,,,,,,,,,,,,,,,,,,,,
tcain_lblroy14bix,caim ,,,agricola ,dolens ,,sua ,munera ,et ,non ,,fratris ,fuisse ,,,,,reprobata ,licet ,,a ,domino ,,increpatus ,,fratrem ,,suum ,,septiformi ,peccato ,interfecit ,qui ,postea ,uagus ,,et ,instabilis ,,,super ,terram ,factus ,est ,postquam ,a ,domino ,est ,maledictus,,,,,,,,,,,,,,,,,,,,
tcain_pfllewe72,caym ,,,agricola ,dolens ,,sua ,munera ,et ,non ,,fratris ,fuisse ,,,a ,domino ,reprobata ,licet ,ceteris ,a ,domino ,reprobata ,increpatus ,non tamen ,fratrem ,sui ,,abel ,septiformi ,peccato ,interfecit ,,postea ,uagus ,,et ,instabilis ,,,super ,terram ,factus ,,postquam ,a ,domino ,est ,maledictus,,,,,,,,,,,,,,,,,,,,
tcain_swltheolphil2122,,cayn ,,agricola ,dolens ,,sua ,munera ,et ,non ,,fratris ,fuisse ,,,,,reprobata ,licet ,,a ,domino ,,increpatus ,,fratrem ,,,,septiformi ,peccato ,interfecit ,,postea ,uagus ,et ,et ,instabilis ,,,super ,terram ,factus ,post ,,a ,domino ,est ,maledictus,,,,,,,,,,,,,,,,,,,,
tcain_penmasson71,chaym ,,,agricola ,dolens ,munera ,sua ,,et ,non ,,fratris ,fuisse ,reprobata ,,a ,domino ,,licet ,,a ,domino ,,increpatus ,,fratrem ,,suum ,,septiformi ,peccato ,interfecit ,qui ,postea ,uagus ,,et ,instabilis ,,,super ,terram ,factus ,est ,postquam ,a ,domino ,est ,maledictus ,accepit urorem ,stilet ,fororem ,sua ,calmana,,,,,,,,,,,,,,,
tcain_nblmar26,chain ,,,agricola ,dolens ,,sua ,munera ,et ,non ,,fratris ,fuisse ,,,,,reprobata ,licet ,,a ,domino ,,increpatus ,,fratrem ,,,,septiformi ,peccato ,interfecit ,,postea ,uagus ,,et ,instabilis ,,,super ,terram ,factus ,,postquam ,a ,domino ,est ,maledictus,,,,,,,,,,,,,,,,,,,,
tcain_hubsalix40,chaim ,,,agricola ,dolens ,,sua ,munera ,et ,non ,,fratris ,fuisse ,,,,,reprobata ,licet ,,a ,domino ,,increpatus ,,fratrem ,,,,septiformi ,peccato ,interfecit ,,postea ,uagus ,,et ,instabilis ,factus ,,super ,teram ,,,postquam ,a ,domino ,est ,maledictus,,,,,,,,,,,,,,,,,,,,
tcain_fsugermquart13,,cayn ,,agricola ,dolens ,,sua ,munera ,et ,non ,,fratris ,fuisse ,,,,,reprobata ,licet ,,a ,domino ,,increpatus ,,fratrem ,,,,septiformi ,peccato ,interfecit ,,postea ,uagus ,,et ,instabilis ,,,super ,terram ,factus ,quam ,,a ,domino ,est ,maledictus,,,,,,,,,,,,,,,,,,,,
tcain_fub36a,chain ,,,agricola ,dolens ,munera ,sua ,reprobata ,et ,non ,,fratris ,,,,,,,licet ,,a ,domino ,,increpatus ,,fratrem ,,,,septiformi ,peccato ,interfecit ,,postea ,uagus ,,et ,instabilis ,,,super ,terra ,factus ,est ,postquam ,a ,domino ,est ,maledictus,,,,,,,,,,,,,,,,,,,,
tcain_bsbtheollatfol64,c ,cayn ,,agricola ,dolens ,,sua ,munera ,et ,non ,sue ,,fuisse ,,,,,reprobata ,licet ,,a ,domino ,,increpatus ,,fratrem ,siui ,,,septiformi ,peccato ,interfecit ,qui ,postea ,uagus ,,et ,instabilis ,suoer ,,,terram ,factus ,,postquam ,a ,domino ,est ,maledictus,,,,,,,,,,,,,,,,,,,,
tcain_gflchaa4,,cayn ,iiii ,agricola ,dolens ,,sua ,munera ,et ,non ,,fratris ,fuisse ,,,,,reprobata ,licet ,increpatus ,a ,domino ,,,,fratrem ,,suum ,,septiformi ,peccato ,oraditur ,qui ,postea ,uagus ,,et ,instabilis ,,,super ,terram ,factus ,est ,postquam ,a ,domino ,est ,maledictus,,,,,,,,,,,,,,,,,,,,
tcain_abs583,chaym ,,,agricola ,dolens ,suamunera ,,,et ,non ,,fratris ,fuisse ,,,,,reprobata ,licet ,,a ,deo ,,increpatus ,,fratrem ,,suum ,,septiformi ,peccato ,interfecit ,et ,postea ,uagus ,etinstabilis ,,,,,super ,terram ,factus ,est ,postquam ,a ,domino ,est ,maledictus,,,,,,,,,,,,,,,,,,,,
tcain_rsa6519,chaym ,,,agricola ,dolens ,,sua ,munera ,et ,non ,,fratris ,fuisse ,,,,,,,,,,reprobata ,,,fratrem ,,suum ,,septiformi ,peccato ,interfecit ,quorum ,postea ,fagus  ,,et ,instabilis ,,,super ,terram ,factus ,,postquam ,a ,domino ,est ,maledictus,,,,,,,,,,,,,,,,,,,,
tcain_nbl1183,caym ,,,agricola ,dolens ,,sua ,munera ,et ,non ,,fratris ,fuisse ,,,,,reprobata ,licet ,,a ,domino ,,increpatus ,in ,fratrem ,,suum ,,septiformi ,peccato ,interfecit ,anno  ad cxxx ,postea ,uagus ,,et ,instabilis ,,,super ,terram ,factus ,,postquam ,a ,domino ,est ,maledictus ,sen iiisc,,,,,,,,,,,,,,,,,,,
tcain_vbapallat963,chaym ,,,agricola ,dolens ,,sua ,munera ,et ,non ,,fratris ,fuisse ,,,,,reprobata ,licet ,,a ,domino ,,increpatus ,,fratrem ,,suum ,,septiformi ,peccato ,interfecit ,qui ,postea ,uagus ,,et ,instabilis ,,,super ,terram ,factus ,est ,postquam ,a ,domino ,est ,maledictus,,,,,,,,,,,,,,,,,,,,
tcain_ccc29,chaim ,,,agricola ,dolens ,,sua ,munera ,et ,non ,,fratris ,fuisse ,,,,,reprobata ,licet ,,a ,domino ,,increpatus ,,fratrem ,,,,septiformi ,peccato ,interfecit ,,postea ,uagus ,,et ,instabilis ,,,super ,terram ,factus ,,postquam ,a ,domino ,est ,maledictus,,,,,,,,,,,,,,,,,,,,
tcain_akbwettf9,caym ,,,agricola ,dolens ,,sua ,munera ,et ,non ,frtris ,,fuisse ,,,,,reprobata ,licet ,,a ,domino ,reprobatus ,,,fratrem ,,,,septiformi ,peccato ,interfecit ,,postea ,uagus ,,et ,instabilis ,,,super ,terram ,factus ,,postquam ,a ,domino ,est ,maledictus,,,,,,,,,,,,,,,,,,,,
tcain_pbnlat10431,,cayn  ,,agricola ,dolens ,,sua ,munera ,et ,non ,,fratris ,fuisse ,,,,,reprobata ,licet ,,a ,domino ,,increpatus ,,fratrem ,,,,septiformi ,peccato ,interfecit ,,postea ,uagus ,,et ,instabilis ,,,super ,terram ,factus ,,postquam ,a ,domino ,est ,maledictus ,figuo ,,,,non ,timore ,s ,,capitis ,,,,est ,imposito ,post ,sicut  ,a ,domino,,
tcain_mbsclm314,cain ,,,,dolens ,,sua ,munera ,et ,non ,,fratris ,fuisse ,,,,,reprobata ,licet ,,a ,domino ,,increpatus ,,fratrem ,,suum ,,septiformi ,peccato ,interfecit  ,,postea ,uagus ,,et ,instabilis ,,,super ,terram ,posiens  ,,,a ,domino ,est ,maledictus,,,,,,,,,,,,,,,,,,,,
tcain_lol490,cain ,,,agricola ,dolens ,,sua ,munera ,et ,non ,,fratris ,fuisse ,,,,,reprobata ,licet ,,a ,domino ,,increpatus ,,fratrem ,,,,septiformi ,peccato ,interfecit ,,postea ,uagus ,,et ,instabilis ,,,super ,terram ,factus ,,postquam ,a ,doomino ,est ,maledictus,,,,,,,,,,,,,,,,,,,,
tcain_lub1314,c ,chayn ,,agricola ,dolens ,,sua ,munera ,et ,non ,,fratris ,fuisse ,,,,,reprobata ,licet ,,a ,domino ,,increpatus ,,fratrem ,,,,septiformi ,peccato ,interfecit ,,non recte ,diuisit ,fratri ,inuidit ,dolos egit nocais in agruit ,,occidit ,percauit nagauit incolabilis de  intipeniteria ,,,,,,,,,,,,,non ,,egit ,,,,postea ,uagus ,et ,instabilis ,postquam ,,a ,domino ,est ,maledictus
tcain_fbmplut1511,chaym ,,,agricola ,dolens ,,sua ,munera ,et ,non ,,fratris ,fuisse ,,,,,reprobata ,licet ,,a ,domino ,,increpatus ,,fratrem ,,suum ,,septiformi ,peccato ,interfecit ,,postea ,uagus ,,et ,instabilis ,,,super ,terram ,factus ,,,,,,,,,,,,,,,,,,,,,postquam ,,a ,domino ,est ,maledictus
tcain_lbladd14819,haim ,,,agricola ,dolens ,,sua ,munera ,et ,non ,,fratris ,fuisse ,,,,,reprobata  ,licet ,,a ,domino ,fuisset ,increpatus ,,fratrem ,,,,septiformi ,peccato ,interfecit ,,postea ,uagus ,,et ,instabilis ,,,super ,terram ,factus ,c ,postquam ,a ,domino ,est ,maledictus ,chaim vii,,,,,,,,,,,,,,,,,,,
tcain_cma1973,chaym ,,,agricola ,dolens ,,sua ,munera ,et ,non ,,fratris ,fuisse ,,,,,reprobata ,licet ,,a ,domino ,,increpatus ,,fratrem ,,suum ,,septiformi ,peccato ,interfecit ,qui ,postea ,uagus ,,et ,instabilis ,,,super ,terram ,factus ,,,,,,,,,,,,,,,,,,,est ,,postquam ,,a ,domino ,est ,maledictus
tcain_vbavatlat1972,caim ,,,agricola ,dolens ,,sua ,munera ,et ,non ,,fratris ,,reprobata ,fuisse ,,,,licet ,,a ,domino ,,increpatus ,,fratrem ,,,,septiformi ,peccato ,interfecit ,,postea ,uagus ,,et ,instabilis ,suoer ,,,terram ,factus ,,,,,,,,,,,,,,,,,,,,,postquam ,,a ,domino ,est ,maledictus
tcain_pbnlat297,,chayn ,,agricola ,dolens ,,sua ,munera ,et ,non ,,fratris ,,,fuisse ,,,reprobata ,licet ,,a ,domino ,,increpatus ,,fratrem ,,,,septiformi ,peccato ,interfecit ,,postea ,uagus ,,,instabilis ,,,super ,terram ,factus ,,,,,,,,,,,,,,,,,,,,,postquam ,,a ,domino ,est ,maledictus
tcain_kac696,chaim ,,,agricola ,dolens ,,sua ,munera ,et ,non ,,fratris ,,,fuisse ,,,reprobata ,licet ,,a ,domino ,,increpatus ,,fratrem ,,,,septiformi ,peccato ,interfecit ,,postea ,uagus ,,et ,instabilis ,,,super ,terram ,factus ,,,,,,,,,,,,,,,,,,,,,postquam ,,a ,domino ,est ,maledictus
tcain_pbnlat15467,caym ,,,agricola ,dolens ,,sua ,munera ,et ,non ,,fratris ,,,fuisse ,,,reprobata ,licet ,,a ,domino ,,increpatus ,,fratrem ,,suum ,,septiformi ,peccato ,interfecit ,qui ,postea ,uagus ,,et ,instabilis ,,,super ,terram ,factus ,,,,,,,,,,,,,,,,,,,et ,,postquam ,,,domino ,est ,maledictus
tcain_culdd812,caym ,,,agricola ,dolens ,,sua ,munera ,et ,non ,,fratris ,,,fuisse ,,,reprobata ,licet ,increpatus ,a ,domino ,,,,fratrem ,smi ,,,septiformi ,peccato ,interfecit ,qui ,postea ,uagus ,,et ,instbilis factis ,,,super ,terram ,,,,,,,,,,,,,,,,,,,,,,postquam ,,a ,domino ,est ,maledictus
tcain_CCC503,,cayn ,,agricola ,dolens ,,sua ,munera ,et ,non ,,fratris ,,,fuisse ,,,reprobata ,licet ,,a ,domino ,,increpatus ,,fratrem ,,,,septiformi ,peccato ,interfecit ,,postea ,uagus ,,et ,instabilis ,,,super ,terram ,factus ,,,,,,,,,,,,,,,,,,,,,postquam ,,a ,domino ,est ,maledictus
tcain_won364,cain ,,,agricola ,dolens ,,sua ,munera ,et ,non ,,fratris ,,,fuisse ,,,reprobata ,licet ,,a ,domino ,,increpatus ,,fratrem ,,,,septiformi ,peccato ,interfecit ,,postea ,uagus ,,et ,instabilis ,,,super ,terram ,factus ,,,,,,,,,,,,,,,,,,,,,postquam ,,a ,domino ,est ,maledictus
tcain_fbmplut2056,caym ,,,agricola ,dolens ,,sua ,munera ,et ,non ,,fratris ,,,fuisse ,,,reprobata ,licet ,,a ,domino ,,increpatus ,,fratrem ,,suum ,,septiformi ,peccato ,interfecit ,qui ,postea ,uagus ,,et ,instabilis ,,,super ,terram ,poitus ,,,,,,,,,,,,,,,,,,,est ,,postquam ,,a ,domino ,est ,maledictus
tcain_lol390,chain ,,,agricola ,dolens ,,sua ,munera ,et ,non ,,fratris ,,,fuisse ,,,reprobata ,licet ,,a ,domino ,,increpatus ,,fratrem ,,,,septiformi ,peccato ,interfecit ,,postea ,uagus ,,et ,instabilis ,,,super ,terram ,factus ,,,,,,,,,,,,,,,,,,,,,postquam ,,a ,domino ,est ,maledictus
tcain_mbsclm2660,,cayn ,,agricola ,dolens ,,sua ,munera ,et ,non ,,fratris ,,,fuisse ,,,reprobata ,licet ,,a ,domino ,,increpatus ,,fratrem ,,,,septiformi ,peccato ,interfecit ,,postea ,uagus ,,et ,instabilis ,,,super ,terram ,factus ,,,,,,,,,,,,,,,,,,,,,postquam ,,a ,domino ,est ,maledictus
tcain_lblcotvitciii,chaim ,,,agricola ,dolens ,,sua ,munera ,et ,non ,,fratris ,,esse ,,,,reprobata ,licet ,,a ,domino ,,increpatus ,,fratrem ,,,,septiformi ,peccato ,interfecit ,,postea ,uagus ,,et ,instabilis ,factus ,,super ,terram ,,,,,,,,,,,,,,,,,,,,,,postquam ,,a ,domino ,,maledictus
tcain_avr166,chaym ,,,agricola ,dolens ,,sua ,munera ,et ,non ,,fratris ,,,fuisse ,,,reprobata ,licet ,,a ,domino ,,increpatus ,,fratrem ,fini ,,,septiformi ,peccato ,interfecit ,qui ,postea ,uagus ,,et ,instabilis ,,,super ,terram ,factus ,,,,,,,,,,,,,,,,,,,est ,,postquam ,,a ,domino ,est ,maledictus
tcain_fbrricc236,,cayn ,,agricola ,dolens ,,sua ,munera ,et ,non ,,fratris ,fuisse ,esse ,,,,reprobata ,licet ,,a ,domino ,,increpatus ,,fratrem ,,,,septiformi ,peccato ,interfecit ,,postea ,uagus ,,et ,instabilis ,,,super ,terram ,factus ,,,,,,,,,,,,,,,,,,,,,postquam ,,a ,domino ,est ,maledictus
tcain_lblcotrollxiv12,chaim ,,,agricola ,dolens ,,sua ,munera ,et ,non ,,fratris ,,,fuisse ,,,reprobata ,licet ,,a ,domino ,,increpatus ,,fratrem ,,,,septiformi ,peccato ,interfecit ,,postea ,uagus ,,et ,instabilis ,,,super ,terram ,factus ,,,,,,,,,,,,,,,,,,,,,postquam ,,a ,domino ,est ,maledictus
tcain_eufdeperfca2079,caym ,,,agricola ,dolens ,,sua ,munera ,et ,non ,,,,,fuisse ,,,reprobata ,licet ,,a ,domino ,,increpatus ,,fratrem ,,,,septiformi ,peccato ,interfecit ,quis ,non recte ,diuisit ,,inuidit ,dolo ,nocauit ,occidit ,negauit desperauit ,,,,,,,,,,,,,,,,,,,postea ,factus ,,instabilis ,super terram ,,a ,domino ,est ,maledictus
tcain_mbsclm19414,chaym ,,,agricola ,dolens ,,sua ,munera ,et ,non ,,fratris ,,,fuisse ,,,reprobata ,licet ,,a ,domino ,,increpatus ,,fratrem ,,suum ,,septiformi ,peccato ,interfecit ,q ,postea ,uagus ,,et ,instabilis ,,,super ,terram ,factis ,,,,,,,,,,,,,,,,,,,,,postquam ,,,,est ,maledictus
tcain_won363,cain ,,,agricola ,dolens ,,sua ,munera ,et ,non ,,fratris ,,,fuisse ,,,reprobata ,licet ,,a ,domino ,,increpatus ,,fratrem ,,,,septiformi ,peccato ,interfecit ,,postea ,uagus ,,et ,instabilis ,,,super ,terram ,,,,,,,,,,,,,,,,,,,factus ,,,postquam ,,a ,domino ,est ,maledictus
tcain_lbm445,,cayn ,,agricola ,dolens ,,sua ,munera ,et ,non ,,fratris ,,,fuisse ,,,reprobata ,licet ,,a ,domino ,,increpatus ,,fratrem ,,,,septiformi ,peccato ,interfecit ,,postea ,uagus ,,et ,instabilis ,,,super ,terram ,,,,,,,,,,,,,,,,,,,factus ,,,postquam ,,a ,domino ,est ,maledictus
tcain_fsuincquart706a,,cayn ,,agricola ,dolens ,,sua ,munera ,et ,non ,,,,,fuisse ,,,reprobata ,licet ,,a ,domino ,,increpatus ,,fratrem  ,,,,septiformi ,peccato ,interfecit,,,,,,,,,,,,,,,,,,,,,,,,,,,,,,,,,,,,,
tcain_pbnlat14435,chaim ,,,agricola ,dolens ,,sua ,munera ,et ,non ,,fratris ,,,fuisse ,,,reprobata ,licet ,,a ,domino ,,increpatus ,,fratrem ,,,,septiformi ,peccato ,interfecit ,,postea ,uagus ,,et ,instabilis ,,,super ,terram ,,,,,,,,,,,,,,,,,,,factus ,,,postquam ,,a ,domino ,est ,maledictus
tcain_mbsclm8201,cain ,,,agricola ,dolens ,,sua ,munera ,et ,non ,,fratris ,,,fuisse ,,,reprobata ,licet ,,a ,domino ,,increpatus ,,fratrem ,,suum ,,septiformi ,peccato ,interfecit ,qui ,postea ,uagus ,,et ,instabilis ,,,super ,terram ,,,,,,,,,,,,,,,,,,,factus ,est ,,postquam ,,a ,domino ,est ,maledictus
tcain_eufdeperfca2108,chain ,,,agricola ,dolens ,,sua ,munera ,et ,non ,ffatris ,,,,fuisse ,,,reprobata ,licet ,,a ,domino ,,increpatus ,,fratrem ,,,,septiformi ,peccato ,interfecit ,,postea ,uagus ,,et ,instabilis ,,,super ,terram ,,,,,,,,,,,,,,,,,,,,,,postquam ,,a ,domino ,est ,maledictus
tcain_lbladd606281,caym ,,,agricola ,dolens ,munera ,sua ,,et ,non ,,fratris ,,reprobata ,fuisse ,a ,domino ,,licet ,,a ,domino ,,increpatus ,,fratrem ,,suum ,,septiformi ,peccato ,interfecit ,qui ,postea ,uagus ,,et ,instabilis ,,,super ,terram ,factus ,est ,postquam ,a ,domino ,est ,maledictus ,accepit urorem ,f ,fororem ,suam ,calmana,,,,,,,,,,,,,,,
tcain_vbavatlat3782,caym ,,,agricola ,dolens ,,sua ,munera ,et ,non ,munera ,fratris ,siu abel ,,fuisse ,a ,domino ,reprobata ,licet ,ceteris ,a ,domino ,increpatusmchilomiu tu ,,,fratrem ,,suum ,abel ,septiformi ,peccato ,interfecit ,,postea ,uagus ,,et ,instabilis ,,,super ,terramfactus ,,,postquam ,a ,domino ,est ,maledictus ,itcm caym septuplus punitus ,est ,qua septem pecca omisit i nec recte duusit miudit dolose egit occidit petatitur ,negauit despauit ,non ,primam ,egit ,itcm ioseph di pro caym simpltitate uite  ad niesu ras malitias et ponderum perinutauit diuitate muraiut et quibus ledebat timeo ob securitate suos in urbib collegit ciuitate edisicauit et ,nomine filii ,siu  enoc imposuit duc caym genuit adam xb anno etatis sue itcm caym primus pon dera et mess muenit termindo terre posuit et urbeo murauit ,postea ,lates inter fructeta ,et ,a ,lamech filio matu sael occilus ,,,,est ,benefis iiiibcaploitcm tota pgemeo caym perut in disu iuo s ixxbn aic lp magi hysteriax
tcain_khaw247,caym ,,,agricola ,dolens ,,sua ,munera ,et ,non ,,fratris ,,,fuisse ,,,reprobata ,licet ,,a ,domino ,,increpatus ,,fratrem ,,,,septiformi ,pecatto ,interfecit ,,postea ,uagus ,,et ,instabilis ,,,super ,terram ,,,,,,,,,,,,,,,,,,,factus ,,,postquam ,,a ,domino ,est ,maledictus
tcain_vbavatlat3783,chaym ,,,agricola ,dolens ,,sua ,munera ,et ,non ,,fratris ,,,fuisse ,,,reprobata ,licet ,,a ,domino ,,increpatus ,,fratrem ,,,,septiformi ,peccatointerfecit ,,,postea ,uagus ,,et ,instabilis ,,,super ,terram ,,,,,,,,,,,,,,,,,,,factus ,,,postquam ,,a ,domino ,est ,maledictus
tcain_lubapel1,,cayn ,,agricola ,dolens ,,sua ,munera ,et ,non ,,fratris ,,,fuisse ,,,reprobata ,licet ,,a ,domino ,,increpatus ,,fratrem ,,,,septiformi ,peccato ,interfecit ,quam ,non recte ,diuiste ,,,dolo ,uocauit ocudit ,,,,,,,,,,,,,,negauit despauit ,,,,,,,postea ,factus ,,instabilis ,super terram ,,a ,domino ,est ,maledictus
tcain_mbsclm28173,cham ,,,agricola ,,,sua ,munera ,et ,non ,,fratris ,,,fuisse ,,,reprobata ,licet ,,a ,domino ,,increpatus ,,fratrem ,,,,septiformi ,peccato ,interfecit ,et ,postquam ,uagus ,,et ,instabilis ,,,super ,terram ,,,,,,,,,,,,,,,,,,,factus ,,,postquam ,adito ,,,est ,maledictus
tcain_won378,cain ,,,agricola ,dolens ,,sua ,munera ,et ,non ,,fratris ,,,fuisse ,,,reprobata ,licet ,,a ,domino ,,increpatus ,,fratrem ,,,,septiformi ,peccato ,interfecit ,,postea ,uagus ,,et ,instabilis ,,,super ,terram ,,,,,,,,,,,,,,,,,,,factus ,,,postquam ,,a ,domino ,est ,maledictus
tcain_pbnlat15254,chaym ,,,agricola ,dolens ,,sua ,munera ,et ,non ,,fratris ,,,fuisse ,,,reprobata ,licet ,,a ,domino ,,increpatus ,,fratrem ,,suum ,,septiformi ,peccato ,interfecit ,qui ,postea ,uagus ,,et ,instabilis ,,,super ,terram ,,,,,,,,,,,,,,,,,,,factus ,est ,,postquam ,,a ,domino ,est ,maledictus
tcain_abs128,,chayn ,,agricola ,dolens ,,sua ,munera ,et ,no ,,fratris ,,,fuisse ,,,reprobata ,licet ,,a ,domino ,,increpatus ,,fratrem ,,suum ,,septiformi ,peccato ,interfecit ,qui ,postea ,uagus ,,et ,instabilis ,,,super ,terram ,positus ,,,,,,,,,,,,,,,,,,,est ,,postquam ,,a ,domino ,est ,maledictus
tcain_aux145,cahim ,,,agricola ,dolens ,,sua ,munera ,et ,non ,,fratris ,,,fuisse ,,,reprobata ,licet ,,a ,domino ,,increpatus ,,fratrem ,,,,septiformi ,peccato ,interfecit ,,postea ,uagus ,,et ,instabilis ,,,super ,terram ,,,,,,,,,,,,,,,,,,,factus ,,,postquam ,,a ,domino ,est ,maledictus
tcain_pnkiiie5,,cayn ,,agricola ,dolens ,,sua ,munera ,et ,non ,,fratris ,sui ,,fuisse ,,,reprobata ,licet ,,a ,domino ,,increpatus ,,fratrem ,suu ,,,septiformi ,peccato ,interfecit ,,postea ,uagus ,,et ,instabilis ,,,super ,terram ,,,,,,,,,,,,,,,,,,,factus ,,,postquam ,,a ,domino ,est ,maledictus
tcain_whaguelf360helm,caim ,,,agricola ,dolens ,,sua ,munera ,et ,non ,,fratris ,,,fuisse ,,,reprobata ,licet ,,a ,domino ,,increpatus ,,fratrem ,,,,septiformi ,peccato ,interfecit ,,postea ,uagus ,,et ,instabilis ,,,super ,terram ,,,,,,,,,,,,,,,,,,,factus ,qui ,,,,a ,domino ,est ,maledictus
tcain_ctcb154,chaym ,,,agricola ,dolens ,,sua ,munera ,et ,non ,,fratris ,,,fuisse ,,,reprobata ,licet ,,a ,domino ,,increpatus ,,fratrem ,,,,septiformi ,peccato ,interfecit ,,postea ,uagus ,,et ,instabilis ,,,super ,terram ,,,,,,,,,,,,,,,,,,,factus ,,,postquam ,,a ,domino ,est ,maledictus
tcain_ctcb155,chaim ,,,agricola ,dolens ,,sua ,munera ,et ,non ,,fratris ,,,fuisse ,,,reprobata ,licet ,,a ,domino ,,increpatus ,,fratrem ,,,,septiformi ,peccato ,interfecit ,,postea ,uagus ,,et ,instabilis ,,,super ,terram ,,,,,,,,,,,,,,,,,,,factus ,,,postquam ,,a ,domino ,,maledictus
tcain_won1548,chaim ,,,,dolens ,,sua ,munera ,et ,non ,,fratris ,,,fuisse ,,,reprobata ,licet ,,a ,domino ,,increpatus ,,fratrem ,,,,septiformi ,peccato ,interfecit ,,postea  ,uagus ,,et ,instabilis ,,,super ,terram ,factus ,est ,postquam ,a ,domino ,,maledictus ,,,,,,,,,,,,,,,,,,,est,
tcain_mrmmik6365,chaym ,,,agricola ,dolens ,,sua ,munera ,et ,non ,,fratris ,,esse  ,,,,reprobata ,licet ,,a ,domino ,,increpatus ,,fratrem ,,,,septiformi ,peccato ,interfecit ,,postea ,uagus ,,et ,instabilis ,factus ,est ,super ,terram ,,,,,,,,,,,,,,,,,,,,,,postquam ,,a ,domino ,est ,maledictus
tcain_pfllewe202,cain ,,,agricola ,dolens ,,sua ,munera ,et ,non ,,fratris ,,,fuisse ,,,reprobata ,licet ,,a ,domino ,,increpatus ,,fratrem ,,suum ,abel ,septiformi ,peccato ,interfecit ,qui ,postea ,uagus ,,et ,instabilis ,,,super ,terram ,factus ,,postquam ,a ,domino ,est ,maledictus ,iste cain permam auitatem constenyit quam ex ,,,,,,,,nomine filii ,sui enoch innicupauit,,,,,,,,,,
tcain_mbm89,caym ,,,agricola ,dolens ,,sua ,munera ,et ,non ,,fratris ,ee ,,,,,reprobata ,licet ,,a ,domino ,,increpatus ,,fratrem ,et ,suum ,,septiformi ,peccato ,interficit c ,,postea ,uagus ,,et ,instabilis ,,,,,poitus ,,,,,,,,,,,,,,,,,,,est ,,postquam ,,a ,domino ,,maledictus
tcain_pbnlat5101,chaim ,,,agricola ,dolens ,,sua ,munera ,et ,non ,,fratris ,,,fuisse ,,,reprobata ,licet ,,a ,domino ,,increpatus ,,fratrem ,,,,septiformi ,peccato ,interfecit ,,postea ,uagus ,,et ,instabilis ,,,super ,terram ,,,,,,,,,,,,,,,,,,,factus ,,,postquam ,,a ,domino ,est ,maledictus
tcain_mbelat693,,chayn ,,agricola ,dolens ,munera ,sua ,,et ,non ,,fratris ,fuisse ,reprobata ,,a ,domino ,,licet ,,a ,domino ,,increpatus ,,fratrem ,,suum ,,septiformi ,peccato ,interfecit ,qui ,postea ,uagui ,,et ,instabilis ,,,super ,terram ,factus ,,,,,,,,est ,,,,,,,,,postea ,,,,,,a ,domino ,est ,maledictus
tcain_CCC83,chaym ,,,agricola ,dolens ,,sua ,munera ,et ,non ,,fratris ,,,fuisse ,,,reprobata ,licet ,,a ,domino ,,increpatus ,,fratrem ,,,,septiformi ,peccato ,interfecit ,,postea ,uagus ,,et ,instabilis ,,,super ,terram ,factus ,,postquam ,a ,domino ,est ,maledictus ,signo tamen ,,,,,,s ,tremore ,capitis ,ei prius ,,,,imposito ,ut sic saretur punitus ,,a ,domino ,et excommunicatus et etiam indignus misericordia nec interficeretur,
tcain_bwaw796,caym ,,,agricola ,dolens ,,sua ,munera ,et ,non ,,fratris ,,,fuisse ,,,reprobata ,licet ,,a ,domino ,,increpatus ,,fratrem ,,,,septiformi ,peccato ,interfecit ,,postea ,uagus ,,et ,instabilis ,,,super ,terram ,,,,,,,,,,,,,,,,,,,factus ,,,postquam ,,a ,domino ,est ,maledictus
tcain_whafol70,chain ,,,agricola ,dolens ,,sua ,munera ,et ,non ,,fratris ,,,fuisse ,,,reprobata ,licet ,,a ,domino ,,increpatus ,,fratrem ,,,,septiformi ,peccato ,interfecit ,,postea ,uagus ,,et ,instabilis ,,,super ,terram ,,,,,,,,,,,,,,,,,,,factus ,,,postquam ,,a ,domino ,est ,maledictus
tcain_gflchaa16,,cayn ,,agricola ,dolens ,munera ,sua ,,,non ,,fratris ,fuisse ,reprobata ,,a ,domino ,,licet ,,a ,domino ,,increpatus ,,fratrem ,,suum ,,septiformi ,peccato ,interfecit ,maledictus ,,uagus ,,,,,,,,factus ,,,,,,,,est  ,guaionem septi lamet bigamia introducit dnuiss alus lineam christi de iuranis ,,,,,,,,,,,,post ,sem quia de   fuerit quentiles,,,,
tcain_bun762,caym ,,,agricola ,dolens ,,sua ,munera ,et ,non ,,fratris ,,esse ,,,,reprobata ,licet ,,a ,domino ,,increpatus ,,fratrem ,,,,septiformi ,peccato ,interfecit ,,postea ,uagus ,,et ,instabilis ,superterram ,,,,,,,,,,,,,,,,,,,,,,factus ,,,postquam ,,a ,domino ,est ,maledictus
tcain_CCC437,caym ,,,agricola ,dolens ,,sua ,munera ,et ,non ,,fratris ,,,fuisse ,,,reprobata ,licet ,,a ,domino ,,increpatus ,,fratrem ,,,,septiformi ,peccato ,interfecit ,,postea ,uagus ,,et ,instabilis ,,,super ,terram ,,,,,,,,,,,,,,,,,,,factus ,,,postquam ,,a ,domino ,est ,maledictus
tcain_pba1234,caym ,,,agricola ,dolens ,,sua ,munera ,et ,non ,,fratris ,,,fuisse ,a ,domino ,reprobata ,licet ,,a ,domino ,,increpatus ,non tamen ,fratrem ,smi ,,abel ,septiformi ,peccato ,interfecit ,,postea ,uagus ,,et ,insstabilis ,,,super ,terram ,factis ,,,,,,,,,,,,,,,,,,,,,postquam ,,a ,domino ,est ,maledictus
tcain_dclbii33,chaim ,,,agricola ,dolens ,,sua ,munera ,et ,non ,,fratris ,,,fuisse ,,,reprobata ,licet ,,a ,domino ,,increpatus ,,fratrem ,,,,septiformi ,peccato ,interfecit ,,postea ,uagus ,,et ,instabilis ,,,super ,terram ,,,,,,,,,,,,,,,,,,,factus ,,,postquam ,,a ,domino ,est ,maledictus
tcain_culdd116,caim ,,,agricola ,dolens ,,sua ,munera ,et ,non ,,fratris ,,,fuisse ,,,reprobata ,licet ,,a ,domino ,,increpatus ,fratrrem ,,,,,septiformi ,peccato ,interfecit ,qui ,postea ,uagus ,,et ,instabilis ,,,super ,terram ,,,,,,,,,,,,,,,,,,,factus ,,,postquam ,,a ,domino ,est ,maledictus
tcain_mjrgast2037,caym ,,,agricola ,dolens ,,sua ,munera ,et ,non ,,fratris ,,,fuisse ,,,reprobata ,licet ,in ,,domino ,,increpatus ,,fratrem ,,,,septiformi ,peccato ,interfecit ,et ,postea ,uagus ,,et ,instabilis ,,,super ,terram ,,,,,,,,,,,,,,,,,,,factus ,est ,,postquam ,,a ,domino ,est ,maledictus
tcain_cmb183,,chayn ,,agricola ,dolens ,,sua ,munera ,et ,non ,,fratris ,fuisse ,reprobata ,licet ,a ,deo ,,,,a ,domino ,,increpatus ,,fratrem ,,suum ,,septiformi ,peccato ,interfecit ,qui ,postea ,uagus ,,et ,instabilis ,,,super ,terram ,factus ,est ,postquam ,,,,,,,,,,,,,,,,,,a ,deo ,,a ,domino ,est ,maledictus
tcain_tburps75iii,,cayn ,,agricola ,dolens ,,sua ,munera ,et ,non ,,fratris ,,reprobata ,fuisse ,,,,licet ,,a ,domino ,,increpatus ,,fratrem ,,,,septiformi ,peccato ,interfecit ,,,uagus ,,et ,instabilis ,,,super ,terram ,factus ,,postquam ,,,,,,,,,,,,,,,,,est ,,,,a ,domino ,,maledictus
tcain_vbapallat1723,caym ,,,agricola ,dolens ,,sua ,munera ,et ,non ,,fratris ,,,fuisse ,,,reprobata ,licet ,,a ,domino ,,increpatus ,,fratrem ,,,,septiformi ,peccato ,interfecit ,,postea ,uagus ,,et ,instabilis ,,,super ,terram ,factus ,,postquam ,,,,,,,,,,,,,,,,,est ,,,,a ,domino ,,maledictus
tcain_mlm4989,,cayn ,,agricola ,dolens ,,sua ,munera ,et ,non ,,fratris ,,,fuisse ,,,reprobata ,licet ,,a ,domino ,fuisse ,increpatus ,,fratrem ,,suum ,,septiformi ,peccato ,interfecit ,qui ,postea ,uagus ,,,instabilis ,,,super ,terram ,,,,,,,,,,,,,,,,,,,factus ,est ,,postquam ,fuit ,a ,domino ,,maledictus
tcain_pbnlat15637,cain ,,,agricola ,dolens ,,sua ,munera ,et ,non ,,fratris ,,,fuisse ,,,reprobata ,licet ,,a ,domino ,,increpatus ,,fratrem ,,,,septiformi ,peccato ,interfecit ,,postea ,uagus ,,,,,,super ,terram ,,,,,,,,,,,,,,,,,,,factus ,et ,instabilis ,postquam ,,a ,domino ,est ,maledictus
tcain_lblhar658,chaym ,,,agricola ,dolens ,,sua ,munera ,et ,non ,,fratris ,,,fuisse ,,,reprobata ,licet ,,a ,domino ,,increpatus ,,fratrem ,,suum ,,septiformi ,peccato ,interfecit ,qui ,postea ,uagus ,,et ,instabilis ,,,super ,terram ,,,,,,,,,,,,,,,,,,,factus ,est ,,postquam ,,a ,domino ,est ,maledictus
